ISO-10303-21;
HEADER;
/* Generated by software containing ST-Developer
 * from STEP Tools, Inc. (www.steptools.com) 
 */

FILE_DESCRIPTION(
/* description */ (''),
/* implementation_level */ '2;1');

FILE_NAME(
/* name */ '',
/* time_stamp */ '2024-09-26T13:52:04+03:00',
/* author */ ('user'),
/* organization */ (''),
/* preprocessor_version */ 'ST-DEVELOPER v20',
/* originating_system */ 'Autodesk Inventor 2025',
/* authorisation */ '');

FILE_SCHEMA (('AUTOMOTIVE_DESIGN { 1 0 10303 214 3 1 1 }'));
ENDSEC;

DATA;
#10=MECHANICAL_DESIGN_GEOMETRIC_PRESENTATION_REPRESENTATION('',(#174,#175,
#176,#177,#178,#179,#180,#181,#182,#183,#184,#185,#186,#187,#188,#189,#190,
#191,#192),#7209);
#11=CONTEXT_DEPENDENT_OVER_RIDING_STYLED_ITEM('',(#7346),#7272,#192,(#78,
#65));
#12=CONTEXT_DEPENDENT_OVER_RIDING_STYLED_ITEM('',(#7343),#7270,#192,(#75));
#13=CONTEXT_DEPENDENT_OVER_RIDING_STYLED_ITEM('',(#7341),#7277,#192,(#83));
#14=CONTEXT_DEPENDENT_OVER_RIDING_STYLED_ITEM('',(#7344),#7278,#192,(#87));
#15=CONTEXT_DEPENDENT_OVER_RIDING_STYLED_ITEM('',(#7342),#7269,#192,(#74));
#16=CONTEXT_DEPENDENT_OVER_RIDING_STYLED_ITEM('',(#7347),#7276,#192,(#79));
#17=CONTEXT_DEPENDENT_OVER_RIDING_STYLED_ITEM('',(#7348),#7280,#192,(#89));
#18=CONTEXT_DEPENDENT_OVER_RIDING_STYLED_ITEM('',(#7347),#7276,#192,(#81));
#19=CONTEXT_DEPENDENT_OVER_RIDING_STYLED_ITEM('',(#7344),#7278,#192,(#76));
#20=CONTEXT_DEPENDENT_OVER_RIDING_STYLED_ITEM('',(#7345),#7275,#192,(#80));
#21=CONTEXT_DEPENDENT_OVER_RIDING_STYLED_ITEM('',(#7341),#7277,#192,(#71));
#22=CONTEXT_DEPENDENT_OVER_RIDING_STYLED_ITEM('',(#7344),#7278,#192,(#85));
#23=CONTEXT_DEPENDENT_OVER_RIDING_STYLED_ITEM('',(#7345),#7275,#192,(#77));
#24=MAPPED_ITEM('',#25,#4519);
#25=REPRESENTATION_MAP(#4519,#7267);
#26=SPHERICAL_SURFACE('',#4321,3.45);
#27=SPHERICAL_SURFACE('',#4325,3.45);
#28=SPHERICAL_SURFACE('',#4329,3.45);
#29=SPHERICAL_SURFACE('',#4333,3.45);
#30=SPHERICAL_SURFACE('',#4337,3.45);
#31=SPHERICAL_SURFACE('',#4341,3.45);
#32=B_SPLINE_SURFACE_WITH_KNOTS('',3,3,((#6402,#6403,#6404,#6405),(#6406,
#6407,#6408,#6409),(#6410,#6411,#6412,#6413),(#6414,#6415,#6416,#6417),
(#6418,#6419,#6420,#6421),(#6422,#6423,#6424,#6425)),.UNSPECIFIED.,.F.,
 .F.,.F.,(4,1,1,4),(4,4),(1.5707963267949,2.24399475256414,2.69279370307697,
3.14159265358979),(0.,0.3),.UNSPECIFIED.);
#33=B_SPLINE_SURFACE_WITH_KNOTS('',3,3,((#6436,#6437,#6438,#6439),(#6440,
#6441,#6442,#6443),(#6444,#6445,#6446,#6447),(#6448,#6449,#6450,#6451),
(#6452,#6453,#6454,#6455),(#6456,#6457,#6458,#6459)),.UNSPECIFIED.,.F.,
 .F.,.F.,(4,1,1,4),(4,4),(-3.14159265358979,-2.46839422782055,-2.01959527730772,
-1.5707963267949),(0.,0.3),.UNSPECIFIED.);
#34=B_SPLINE_SURFACE_WITH_KNOTS('',3,3,((#6512,#6513,#6514,#6515),(#6516,
#6517,#6518,#6519),(#6520,#6521,#6522,#6523),(#6524,#6525,#6526,#6527),
(#6528,#6529,#6530,#6531),(#6532,#6533,#6534,#6535)),.UNSPECIFIED.,.F.,
 .F.,.F.,(4,1,1,4),(4,4),(1.5707963267949,2.24399475256414,2.69279370307697,
3.14159265358979),(0.,0.3),.UNSPECIFIED.);
#35=B_SPLINE_SURFACE_WITH_KNOTS('',3,3,((#6582,#6583,#6584,#6585),(#6586,
#6587,#6588,#6589),(#6590,#6591,#6592,#6593),(#6594,#6595,#6596,#6597),
(#6598,#6599,#6600,#6601),(#6602,#6603,#6604,#6605)),.UNSPECIFIED.,.F.,
 .F.,.F.,(4,1,1,4),(4,4),(-3.14159265358979,-2.46839422782055,-2.01959527730772,
-1.5707963267949),(0.,0.3),.UNSPECIFIED.);
#36=ELLIPSE('',#4204,7.07106781186547,5.);
#37=ELLIPSE('',#4205,7.07106781186547,5.);
#38=ELLIPSE('',#4214,7.07106781186547,5.);
#39=ELLIPSE('',#4224,7.07106781186547,5.);
#40=ITEM_DEFINED_TRANSFORMATION($,$,#4114,#4196);
#41=ITEM_DEFINED_TRANSFORMATION($,$,#4157,#4197);
#42=ITEM_DEFINED_TRANSFORMATION($,$,#4158,#4198);
#43=ITEM_DEFINED_TRANSFORMATION($,$,#4158,#4199);
#44=ITEM_DEFINED_TRANSFORMATION($,$,#4158,#4200);
#45=ITEM_DEFINED_TRANSFORMATION($,$,#4158,#4201);
#46=ITEM_DEFINED_TRANSFORMATION($,$,#4279,#4500);
#47=ITEM_DEFINED_TRANSFORMATION($,$,#4411,#4501);
#48=ITEM_DEFINED_TRANSFORMATION($,$,#4007,#4502);
#49=ITEM_DEFINED_TRANSFORMATION($,$,#4053,#4503);
#50=ITEM_DEFINED_TRANSFORMATION($,$,#4088,#4504);
#51=ITEM_DEFINED_TRANSFORMATION($,$,#4386,#4505);
#52=ITEM_DEFINED_TRANSFORMATION($,$,#4202,#4506);
#53=ITEM_DEFINED_TRANSFORMATION($,$,#4113,#4507);
#54=ITEM_DEFINED_TRANSFORMATION($,$,#4246,#4508);
#55=ITEM_DEFINED_TRANSFORMATION($,$,#4202,#4509);
#56=ITEM_DEFINED_TRANSFORMATION($,$,#4246,#4510);
#57=ITEM_DEFINED_TRANSFORMATION($,$,#4411,#4511);
#58=ITEM_DEFINED_TRANSFORMATION($,$,#4279,#4512);
#59=ITEM_DEFINED_TRANSFORMATION($,$,#4411,#4513);
#60=ITEM_DEFINED_TRANSFORMATION($,$,#4386,#4514);
#61=ITEM_DEFINED_TRANSFORMATION($,$,#4386,#4515);
#62=ITEM_DEFINED_TRANSFORMATION($,$,#4386,#4516);
#63=ITEM_DEFINED_TRANSFORMATION($,$,#4411,#4517);
#64=ITEM_DEFINED_TRANSFORMATION($,$,#4451,#4518);
#65=(
REPRESENTATION_RELATIONSHIP($,$,#7272,#7271)
REPRESENTATION_RELATIONSHIP_WITH_TRANSFORMATION(#40)
SHAPE_REPRESENTATION_RELATIONSHIP()
);
#66=(
REPRESENTATION_RELATIONSHIP($,$,#7273,#7271)
REPRESENTATION_RELATIONSHIP_WITH_TRANSFORMATION(#41)
SHAPE_REPRESENTATION_RELATIONSHIP()
);
#67=(
REPRESENTATION_RELATIONSHIP($,$,#7274,#7271)
REPRESENTATION_RELATIONSHIP_WITH_TRANSFORMATION(#42)
SHAPE_REPRESENTATION_RELATIONSHIP()
);
#68=(
REPRESENTATION_RELATIONSHIP($,$,#7274,#7271)
REPRESENTATION_RELATIONSHIP_WITH_TRANSFORMATION(#43)
SHAPE_REPRESENTATION_RELATIONSHIP()
);
#69=(
REPRESENTATION_RELATIONSHIP($,$,#7274,#7271)
REPRESENTATION_RELATIONSHIP_WITH_TRANSFORMATION(#44)
SHAPE_REPRESENTATION_RELATIONSHIP()
);
#70=(
REPRESENTATION_RELATIONSHIP($,$,#7274,#7271)
REPRESENTATION_RELATIONSHIP_WITH_TRANSFORMATION(#45)
SHAPE_REPRESENTATION_RELATIONSHIP()
);
#71=(
REPRESENTATION_RELATIONSHIP($,$,#7277,#7267)
REPRESENTATION_RELATIONSHIP_WITH_TRANSFORMATION(#46)
SHAPE_REPRESENTATION_RELATIONSHIP()
);
#72=(
REPRESENTATION_RELATIONSHIP($,$,#7279,#7267)
REPRESENTATION_RELATIONSHIP_WITH_TRANSFORMATION(#47)
SHAPE_REPRESENTATION_RELATIONSHIP()
);
#73=(
REPRESENTATION_RELATIONSHIP($,$,#7268,#7267)
REPRESENTATION_RELATIONSHIP_WITH_TRANSFORMATION(#48)
SHAPE_REPRESENTATION_RELATIONSHIP()
);
#74=(
REPRESENTATION_RELATIONSHIP($,$,#7269,#7267)
REPRESENTATION_RELATIONSHIP_WITH_TRANSFORMATION(#49)
SHAPE_REPRESENTATION_RELATIONSHIP()
);
#75=(
REPRESENTATION_RELATIONSHIP($,$,#7270,#7267)
REPRESENTATION_RELATIONSHIP_WITH_TRANSFORMATION(#50)
SHAPE_REPRESENTATION_RELATIONSHIP()
);
#76=(
REPRESENTATION_RELATIONSHIP($,$,#7278,#7267)
REPRESENTATION_RELATIONSHIP_WITH_TRANSFORMATION(#51)
SHAPE_REPRESENTATION_RELATIONSHIP()
);
#77=(
REPRESENTATION_RELATIONSHIP($,$,#7275,#7267)
REPRESENTATION_RELATIONSHIP_WITH_TRANSFORMATION(#52)
SHAPE_REPRESENTATION_RELATIONSHIP()
);
#78=(
REPRESENTATION_RELATIONSHIP($,$,#7271,#7267)
REPRESENTATION_RELATIONSHIP_WITH_TRANSFORMATION(#53)
SHAPE_REPRESENTATION_RELATIONSHIP()
);
#79=(
REPRESENTATION_RELATIONSHIP($,$,#7276,#7267)
REPRESENTATION_RELATIONSHIP_WITH_TRANSFORMATION(#54)
SHAPE_REPRESENTATION_RELATIONSHIP()
);
#80=(
REPRESENTATION_RELATIONSHIP($,$,#7275,#7267)
REPRESENTATION_RELATIONSHIP_WITH_TRANSFORMATION(#55)
SHAPE_REPRESENTATION_RELATIONSHIP()
);
#81=(
REPRESENTATION_RELATIONSHIP($,$,#7276,#7267)
REPRESENTATION_RELATIONSHIP_WITH_TRANSFORMATION(#56)
SHAPE_REPRESENTATION_RELATIONSHIP()
);
#82=(
REPRESENTATION_RELATIONSHIP($,$,#7279,#7267)
REPRESENTATION_RELATIONSHIP_WITH_TRANSFORMATION(#57)
SHAPE_REPRESENTATION_RELATIONSHIP()
);
#83=(
REPRESENTATION_RELATIONSHIP($,$,#7277,#7267)
REPRESENTATION_RELATIONSHIP_WITH_TRANSFORMATION(#58)
SHAPE_REPRESENTATION_RELATIONSHIP()
);
#84=(
REPRESENTATION_RELATIONSHIP($,$,#7279,#7267)
REPRESENTATION_RELATIONSHIP_WITH_TRANSFORMATION(#59)
SHAPE_REPRESENTATION_RELATIONSHIP()
);
#85=(
REPRESENTATION_RELATIONSHIP($,$,#7278,#7267)
REPRESENTATION_RELATIONSHIP_WITH_TRANSFORMATION(#60)
SHAPE_REPRESENTATION_RELATIONSHIP()
);
#86=(
REPRESENTATION_RELATIONSHIP($,$,#7278,#7267)
REPRESENTATION_RELATIONSHIP_WITH_TRANSFORMATION(#61)
SHAPE_REPRESENTATION_RELATIONSHIP()
);
#87=(
REPRESENTATION_RELATIONSHIP($,$,#7278,#7267)
REPRESENTATION_RELATIONSHIP_WITH_TRANSFORMATION(#62)
SHAPE_REPRESENTATION_RELATIONSHIP()
);
#88=(
REPRESENTATION_RELATIONSHIP($,$,#7279,#7267)
REPRESENTATION_RELATIONSHIP_WITH_TRANSFORMATION(#63)
SHAPE_REPRESENTATION_RELATIONSHIP()
);
#89=(
REPRESENTATION_RELATIONSHIP($,$,#7280,#7267)
REPRESENTATION_RELATIONSHIP_WITH_TRANSFORMATION(#64)
SHAPE_REPRESENTATION_RELATIONSHIP()
);
#90=CONTEXT_DEPENDENT_SHAPE_REPRESENTATION(#65,#7236);
#91=CONTEXT_DEPENDENT_SHAPE_REPRESENTATION(#66,#7237);
#92=CONTEXT_DEPENDENT_SHAPE_REPRESENTATION(#67,#7238);
#93=CONTEXT_DEPENDENT_SHAPE_REPRESENTATION(#68,#7239);
#94=CONTEXT_DEPENDENT_SHAPE_REPRESENTATION(#69,#7240);
#95=CONTEXT_DEPENDENT_SHAPE_REPRESENTATION(#70,#7241);
#96=CONTEXT_DEPENDENT_SHAPE_REPRESENTATION(#71,#7248);
#97=CONTEXT_DEPENDENT_SHAPE_REPRESENTATION(#72,#7249);
#98=CONTEXT_DEPENDENT_SHAPE_REPRESENTATION(#73,#7250);
#99=CONTEXT_DEPENDENT_SHAPE_REPRESENTATION(#74,#7251);
#100=CONTEXT_DEPENDENT_SHAPE_REPRESENTATION(#75,#7252);
#101=CONTEXT_DEPENDENT_SHAPE_REPRESENTATION(#76,#7253);
#102=CONTEXT_DEPENDENT_SHAPE_REPRESENTATION(#77,#7254);
#103=CONTEXT_DEPENDENT_SHAPE_REPRESENTATION(#78,#7255);
#104=CONTEXT_DEPENDENT_SHAPE_REPRESENTATION(#79,#7256);
#105=CONTEXT_DEPENDENT_SHAPE_REPRESENTATION(#80,#7257);
#106=CONTEXT_DEPENDENT_SHAPE_REPRESENTATION(#81,#7258);
#107=CONTEXT_DEPENDENT_SHAPE_REPRESENTATION(#82,#7259);
#108=CONTEXT_DEPENDENT_SHAPE_REPRESENTATION(#83,#7260);
#109=CONTEXT_DEPENDENT_SHAPE_REPRESENTATION(#84,#7261);
#110=CONTEXT_DEPENDENT_SHAPE_REPRESENTATION(#85,#7262);
#111=CONTEXT_DEPENDENT_SHAPE_REPRESENTATION(#86,#7263);
#112=CONTEXT_DEPENDENT_SHAPE_REPRESENTATION(#87,#7264);
#113=CONTEXT_DEPENDENT_SHAPE_REPRESENTATION(#88,#7265);
#114=CONTEXT_DEPENDENT_SHAPE_REPRESENTATION(#89,#7266);
#115=NEXT_ASSEMBLY_USAGE_OCCURRENCE('\X2\041A04400435043F043B0435043D04380435\X0\.
ipt:1','\X2\041A04400435043F043B0435043D04380435\X0\.ipt:1',
'\X2\041A04400435043F043B0435043D04380435\X0\.ipt:1',#7286,#7287,
'\X2\041A04400435043F043B0435043D04380435\X0\.ipt:1');
#116=NEXT_ASSEMBLY_USAGE_OCCURRENCE('\X2\041F043004400430043C043504420440044B\X0\.
ipt:1','\X2\041F043004400430043C043504420440044B\X0\.ipt:1',
'\X2\041F043004400430043C043504420440044B\X0\.ipt:1',#7286,#7288,
'\X2\041F043004400430043C043504420440044B\X0\.ipt:1');
#117=NEXT_ASSEMBLY_USAGE_OCCURRENCE('CSN EN 24015 - M10x50.ipt:1',
'CSN EN 24015 - M10x50.ipt:1','CSN EN 24015 - M10x50.ipt:1',#7286,#7289,
'CSN EN 24015 - M10x50.ipt:1');
#118=NEXT_ASSEMBLY_USAGE_OCCURRENCE('CSN EN 24015 - M10x50.ipt:2',
'CSN EN 24015 - M10x50.ipt:2','CSN EN 24015 - M10x50.ipt:2',#7286,#7289,
'CSN EN 24015 - M10x50.ipt:2');
#119=NEXT_ASSEMBLY_USAGE_OCCURRENCE('CSN EN 24015 - M10x50.ipt:3',
'CSN EN 24015 - M10x50.ipt:3','CSN EN 24015 - M10x50.ipt:3',#7286,#7289,
'CSN EN 24015 - M10x50.ipt:3');
#120=NEXT_ASSEMBLY_USAGE_OCCURRENCE('CSN EN 24015 - M10x50.ipt:4',
'CSN EN 24015 - M10x50.ipt:4','CSN EN 24015 - M10x50.ipt:4',#7286,#7289,
'CSN EN 24015 - M10x50.ipt:4');
#121=NEXT_ASSEMBLY_USAGE_OCCURRENCE('SKF B7203 BE.ipt:1',
'SKF B7203 BE.ipt:1','SKF B7203 BE.ipt:1',#7282,#7292,
'SKF B7203 BE.ipt:1');
#122=NEXT_ASSEMBLY_USAGE_OCCURRENCE(
'CSN 02 9401 - G 17x40x7 - NBR.ipt:2',
'CSN 02 9401 - G 17x40x7 - NBR.ipt:2',
'CSN 02 9401 - G 17x40x7 - NBR.ipt:2',#7282,#7294,
'CSN 02 9401 - G 17x40x7 - NBR.ipt:2');
#123=NEXT_ASSEMBLY_USAGE_OCCURRENCE('\X2\0428043A04380432\X0\ 119 \X2\043C043C\X0\.
ipt:1','\X2\0428043A04380432\X0\ 119 \X2\043C043C\X0\.ipt:1',
'\X2\0428043A04380432\X0\ 119 \X2\043C043C\X0\.ipt:1',#7282,#7283,
'\X2\0428043A04380432\X0\ 119 \X2\043C043C\X0\.ipt:1');
#124=NEXT_ASSEMBLY_USAGE_OCCURRENCE(
'\X2\041204420443043B043A0430\X0\ \X2\0434043B044F\X0\ \X2\0448043A043804320430\X0\.
ipt:1','\X2\041204420443043B043A0430\X0\ \X2\0434043B044F\X0\ \X2\0448043A043804320430\X0\.
ipt:1','\X2\041204420443043B043A0430\X0\ \X2\0434043B044F\X0\ \X2\0448043A043804320430\X0\.
ipt:1',#7282,#7284,'\X2\041204420443043B043A0430\X0\ \X2\0434043B044F\X0\ 
\X2\0448043A043804320430\X0\.ipt:1');
#125=NEXT_ASSEMBLY_USAGE_OCCURRENCE('ANSI B 27.7M - 3AMI-17.ipt:1',
'ANSI B 27.7M - 3AMI-17.ipt:1','ANSI B 27.7M - 3AMI-17.ipt:1',#7282,#7285,
'ANSI B 27.7M - 3AMI-17.ipt:1');
#126=NEXT_ASSEMBLY_USAGE_OCCURRENCE('ANSI B 27.7M - 3BMI-40.ipt:2',
'ANSI B 27.7M - 3BMI-40.ipt:2','ANSI B 27.7M - 3BMI-40.ipt:2',#7282,#7293,
'ANSI B 27.7M - 3BMI-40.ipt:2');
#127=NEXT_ASSEMBLY_USAGE_OCCURRENCE(
'\X2\041A04400435043F043B0435043D04380435\X0\ \X2\043A043E0440043F044304410430\X0\.
ipt:1','\X2\041A04400435043F043B0435043D04380435\X0\ \X2\043A043E0440043F044304410430\X0\.
ipt:1','\X2\041A04400435043F043B0435043D04380435\X0\ \X2\043A043E0440043F044304410430\X0\.
ipt:1',#7282,#7290,'\X2\041A04400435043F043B0435043D04380435\X0\ \X2\043A043E0440043F044304410430\X0\.
ipt:1');
#128=NEXT_ASSEMBLY_USAGE_OCCURRENCE('\X2\041A043E0440043F04430441\X0\.
iam:1','\X2\041A043E0440043F04430441\X0\.iam:1','\X2\041A043E0440043F04430441\X0\.
iam:1',#7282,#7286,'\X2\041A043E0440043F04430441\X0\.iam:1');
#129=NEXT_ASSEMBLY_USAGE_OCCURRENCE(
'\X2\042104350434043B043E\X0\ \X2\0434043B044F\X0\ \X2\043F043E043404480438043F043D0438043A0430\X0\.
ipt:1','\X2\042104350434043B043E\X0\ \X2\0434043B044F\X0\ \X2\043F043E043404480438043F043D0438043A0430\X0\.
ipt:1','\X2\042104350434043B043E\X0\ \X2\0434043B044F\X0\ \X2\043F043E043404480438043F043D0438043A0430\X0\.
ipt:1',#7282,#7291,'\X2\042104350434043B043E\X0\ \X2\0434043B044F\X0\ 
\X2\043F043E043404480438043F043D0438043A0430\X0\.ipt:1');
#130=NEXT_ASSEMBLY_USAGE_OCCURRENCE(
'\X2\041A04400435043F043B0435043D04380435\X0\ \X2\043A043E0440043F044304410430\X0\:
2','\X2\041A04400435043F043B0435043D04380435\X0\ \X2\043A043E0440043F044304410430\X0\:
2','\X2\041A04400435043F043B0435043D04380435\X0\ \X2\043A043E0440043F044304410430\X0\:
2',#7282,#7290,'\X2\041A04400435043F043B0435043D04380435\X0\ \X2\043A043E0440043F044304410430\X0\:
2');
#131=NEXT_ASSEMBLY_USAGE_OCCURRENCE(
'\X2\042104350434043B043E\X0\ \X2\0434043B044F\X0\ \X2\043F043E043404480438043F043D0438043A0430\X0\:
2','\X2\042104350434043B043E\X0\ \X2\0434043B044F\X0\ \X2\043F043E043404480438043F043D0438043A0430\X0\:
2','\X2\042104350434043B043E\X0\ \X2\0434043B044F\X0\ \X2\043F043E043404480438043F043D0438043A0430\X0\:
2',#7282,#7291,'\X2\042104350434043B043E\X0\ \X2\0434043B044F\X0\ \X2\043F043E043404480438043F043D0438043A0430\X0\:
2');
#132=NEXT_ASSEMBLY_USAGE_OCCURRENCE('CSN 02 9401 G G 17x40x7 - NBR:3',
'CSN 02 9401 G G 17x40x7 - NBR:3','CSN 02 9401 G G 17x40x7 - NBR:3',#7282,
#7294,'CSN 02 9401 G G 17x40x7 - NBR:3');
#133=NEXT_ASSEMBLY_USAGE_OCCURRENCE(
'SKF B- Angular contact SKF B7203 BE:4',
'SKF B- Angular contact SKF B7203 BE:4',
'SKF B- Angular contact SKF B7203 BE:4',#7282,#7292,
'SKF B- Angular contact SKF B7203 BE:4');
#134=NEXT_ASSEMBLY_USAGE_OCCURRENCE('CSN 02 9401 G G 17x40x7 - NBR:4',
'CSN 02 9401 G G 17x40x7 - NBR:4','CSN 02 9401 G G 17x40x7 - NBR:4',#7282,
#7294,'CSN 02 9401 G G 17x40x7 - NBR:4');
#135=NEXT_ASSEMBLY_USAGE_OCCURRENCE('ANSI B 27.7M 3BMI-40:3',
'ANSI B 27.7M 3BMI-40:3','ANSI B 27.7M 3BMI-40:3',#7282,#7293,
'ANSI B 27.7M 3BMI-40:3');
#136=NEXT_ASSEMBLY_USAGE_OCCURRENCE('ANSI B 27.7M 3BMI-40:4',
'ANSI B 27.7M 3BMI-40:4','ANSI B 27.7M 3BMI-40:4',#7282,#7293,
'ANSI B 27.7M 3BMI-40:4');
#137=NEXT_ASSEMBLY_USAGE_OCCURRENCE('ANSI B 27.7M 3BMI-40:5',
'ANSI B 27.7M 3BMI-40:5','ANSI B 27.7M 3BMI-40:5',#7282,#7293,
'ANSI B 27.7M 3BMI-40:5');
#138=NEXT_ASSEMBLY_USAGE_OCCURRENCE('CSN 02 9401 G G 17x40x7 - NBR:5',
'CSN 02 9401 G G 17x40x7 - NBR:5','CSN 02 9401 G G 17x40x7 - NBR:5',#7282,
#7294,'CSN 02 9401 G G 17x40x7 - NBR:5');
#139=NEXT_ASSEMBLY_USAGE_OCCURRENCE('shaft 2:1','shaft 2:1','shaft 2:1',
#7282,#7295,'shaft 2:1');
#140=(
BOUNDED_CURVE()
B_SPLINE_CURVE(2,(#6289,#6290,#6291),.UNSPECIFIED.,.F.,.F.)
B_SPLINE_CURVE_WITH_KNOTS((3,3),(0.,0.468567775020194),.UNSPECIFIED.)
CURVE()
GEOMETRIC_REPRESENTATION_ITEM()
RATIONAL_B_SPLINE_CURVE((1.,1.03795484930202,1.))
REPRESENTATION_ITEM('')
);
#141=(
BOUNDED_CURVE()
B_SPLINE_CURVE(2,(#6293,#6294,#6295),.UNSPECIFIED.,.F.,.F.)
B_SPLINE_CURVE_WITH_KNOTS((3,3),(0.468567775020195,0.93713555004039),
 .UNSPECIFIED.)
CURVE()
GEOMETRIC_REPRESENTATION_ITEM()
RATIONAL_B_SPLINE_CURVE((1.,1.03795484930204,1.))
REPRESENTATION_ITEM('')
);
#142=(
BOUNDED_CURVE()
B_SPLINE_CURVE(2,(#6300,#6301,#6302),.UNSPECIFIED.,.F.,.F.)
B_SPLINE_CURVE_WITH_KNOTS((3,3),(0.468567775020196,0.937135550040393),
 .UNSPECIFIED.)
CURVE()
GEOMETRIC_REPRESENTATION_ITEM()
RATIONAL_B_SPLINE_CURVE((1.,1.03795484930206,1.))
REPRESENTATION_ITEM('')
);
#143=(
BOUNDED_CURVE()
B_SPLINE_CURVE(2,(#6304,#6305,#6306),.UNSPECIFIED.,.F.,.F.)
B_SPLINE_CURVE_WITH_KNOTS((3,3),(0.,0.468567775020195),.UNSPECIFIED.)
CURVE()
GEOMETRIC_REPRESENTATION_ITEM()
RATIONAL_B_SPLINE_CURVE((1.,1.03795484930206,1.))
REPRESENTATION_ITEM('')
);
#144=(
BOUNDED_CURVE()
B_SPLINE_CURVE(2,(#6310,#6311,#6312),.UNSPECIFIED.,.F.,.F.)
B_SPLINE_CURVE_WITH_KNOTS((3,3),(0.,0.468567775020194),.UNSPECIFIED.)
CURVE()
GEOMETRIC_REPRESENTATION_ITEM()
RATIONAL_B_SPLINE_CURVE((1.,1.03795484930204,1.))
REPRESENTATION_ITEM('')
);
#145=(
BOUNDED_CURVE()
B_SPLINE_CURVE(2,(#6313,#6314,#6315),.UNSPECIFIED.,.F.,.F.)
B_SPLINE_CURVE_WITH_KNOTS((3,3),(0.468567775020194,0.937135550040389),
 .UNSPECIFIED.)
CURVE()
GEOMETRIC_REPRESENTATION_ITEM()
RATIONAL_B_SPLINE_CURVE((1.,1.03795484930201,1.))
REPRESENTATION_ITEM('')
);
#146=(
BOUNDED_CURVE()
B_SPLINE_CURVE(2,(#6320,#6321,#6322),.UNSPECIFIED.,.F.,.F.)
B_SPLINE_CURVE_WITH_KNOTS((3,3),(0.,0.468567775020195),.UNSPECIFIED.)
CURVE()
GEOMETRIC_REPRESENTATION_ITEM()
RATIONAL_B_SPLINE_CURVE((1.,1.03795484930204,1.))
REPRESENTATION_ITEM('')
);
#147=(
BOUNDED_CURVE()
B_SPLINE_CURVE(2,(#6323,#6324,#6325),.UNSPECIFIED.,.F.,.F.)
B_SPLINE_CURVE_WITH_KNOTS((3,3),(0.468567775020194,0.937135550040389),
 .UNSPECIFIED.)
CURVE()
GEOMETRIC_REPRESENTATION_ITEM()
RATIONAL_B_SPLINE_CURVE((1.,1.03795484930204,1.))
REPRESENTATION_ITEM('')
);
#148=(
BOUNDED_CURVE()
B_SPLINE_CURVE(2,(#6330,#6331,#6332),.UNSPECIFIED.,.F.,.F.)
B_SPLINE_CURVE_WITH_KNOTS((3,3),(0.468567775020196,0.937135550040392),
 .UNSPECIFIED.)
CURVE()
GEOMETRIC_REPRESENTATION_ITEM()
RATIONAL_B_SPLINE_CURVE((1.,1.03795484930204,1.))
REPRESENTATION_ITEM('')
);
#149=(
BOUNDED_CURVE()
B_SPLINE_CURVE(2,(#6334,#6335,#6336),.UNSPECIFIED.,.F.,.F.)
B_SPLINE_CURVE_WITH_KNOTS((3,3),(0.,0.468567775020196),.UNSPECIFIED.)
CURVE()
GEOMETRIC_REPRESENTATION_ITEM()
RATIONAL_B_SPLINE_CURVE((1.,1.03795484930204,1.))
REPRESENTATION_ITEM('')
);
#150=(
BOUNDED_CURVE()
B_SPLINE_CURVE(2,(#6339,#6340,#6341),.UNSPECIFIED.,.F.,.F.)
B_SPLINE_CURVE_WITH_KNOTS((3,3),(0.468567775020195,0.93713555004039),
 .UNSPECIFIED.)
CURVE()
GEOMETRIC_REPRESENTATION_ITEM()
RATIONAL_B_SPLINE_CURVE((1.,1.03795484930206,1.))
REPRESENTATION_ITEM('')
);
#151=(
BOUNDED_CURVE()
B_SPLINE_CURVE(2,(#6343,#6344,#6345),.UNSPECIFIED.,.F.,.F.)
B_SPLINE_CURVE_WITH_KNOTS((3,3),(0.,0.468567775020196),.UNSPECIFIED.)
CURVE()
GEOMETRIC_REPRESENTATION_ITEM()
RATIONAL_B_SPLINE_CURVE((1.,1.03795484930205,1.))
REPRESENTATION_ITEM('')
);
#152=SHAPE_REPRESENTATION_RELATIONSHIP('SRR','None',#7268,#163);
#153=SHAPE_REPRESENTATION_RELATIONSHIP('SRR','None',#7269,#164);
#154=SHAPE_REPRESENTATION_RELATIONSHIP('SRR','None',#7270,#165);
#155=SHAPE_REPRESENTATION_RELATIONSHIP('SRR','None',#7272,#166);
#156=SHAPE_REPRESENTATION_RELATIONSHIP('SRR','None',#7274,#167);
#157=SHAPE_REPRESENTATION_RELATIONSHIP('SRR','None',#7275,#168);
#158=SHAPE_REPRESENTATION_RELATIONSHIP('SRR','None',#7276,#169);
#159=SHAPE_REPRESENTATION_RELATIONSHIP('SRR','None',#7277,#170);
#160=SHAPE_REPRESENTATION_RELATIONSHIP('SRR','None',#7278,#171);
#161=SHAPE_REPRESENTATION_RELATIONSHIP('SRR','None',#7279,#172);
#162=SHAPE_REPRESENTATION_RELATIONSHIP('SRR','None',#7280,#173);
#163=ADVANCED_BREP_SHAPE_REPRESENTATION('',(#193),#7196);
#164=ADVANCED_BREP_SHAPE_REPRESENTATION('',(#194),#7197);
#165=ADVANCED_BREP_SHAPE_REPRESENTATION('',(#195),#7198);
#166=ADVANCED_BREP_SHAPE_REPRESENTATION('',(#196),#7200);
#167=ADVANCED_BREP_SHAPE_REPRESENTATION('',(#197),#7202);
#168=ADVANCED_BREP_SHAPE_REPRESENTATION('',(#198),#7203);
#169=ADVANCED_BREP_SHAPE_REPRESENTATION('',(#199),#7204);
#170=ADVANCED_BREP_SHAPE_REPRESENTATION('',(#200,#201,#202,#203,#204,#205,
#206,#207),#7205);
#171=ADVANCED_BREP_SHAPE_REPRESENTATION('',(#208),#7206);
#172=ADVANCED_BREP_SHAPE_REPRESENTATION('',(#209),#7207);
#173=ADVANCED_BREP_SHAPE_REPRESENTATION('',(#210),#7208);
#174=STYLED_ITEM('',(#7349),#193);
#175=STYLED_ITEM('',(#7349),#194);
#176=STYLED_ITEM('',(#7350),#195);
#177=STYLED_ITEM('',(#7351),#196);
#178=STYLED_ITEM('',(#7350),#197);
#179=STYLED_ITEM('',(#7349),#198);
#180=STYLED_ITEM('',(#7349),#199);
#181=STYLED_ITEM('',(#7350),#200);
#182=STYLED_ITEM('',(#7350),#201);
#183=STYLED_ITEM('',(#7350),#202);
#184=STYLED_ITEM('',(#7350),#203);
#185=STYLED_ITEM('',(#7350),#204);
#186=STYLED_ITEM('',(#7350),#205);
#187=STYLED_ITEM('',(#7350),#206);
#188=STYLED_ITEM('',(#7350),#207);
#189=STYLED_ITEM('',(#7350),#208);
#190=STYLED_ITEM('',(#7352),#209);
#191=STYLED_ITEM('',(#7349),#210);
#192=STYLED_ITEM('',(#7353),#24);
#193=MANIFOLD_SOLID_BREP('Solid1',#3768);
#194=MANIFOLD_SOLID_BREP('Solid2',#3769);
#195=MANIFOLD_SOLID_BREP('Solid1',#3770);
#196=MANIFOLD_SOLID_BREP('Solid2',#3771);
#197=MANIFOLD_SOLID_BREP('Solid1',#3772);
#198=MANIFOLD_SOLID_BREP('Solid1',#3773);
#199=MANIFOLD_SOLID_BREP('Solid2',#3774);
#200=MANIFOLD_SOLID_BREP('Solid1',#3775);
#201=MANIFOLD_SOLID_BREP('Solid1',#3776);
#202=MANIFOLD_SOLID_BREP('Solid1',#3777);
#203=MANIFOLD_SOLID_BREP('Solid1',#3778);
#204=MANIFOLD_SOLID_BREP('Solid1',#3779);
#205=MANIFOLD_SOLID_BREP('Solid1',#3780);
#206=MANIFOLD_SOLID_BREP('Solid1',#3781);
#207=MANIFOLD_SOLID_BREP('Solid1',#3782);
#208=MANIFOLD_SOLID_BREP('Solid1',#3783);
#209=MANIFOLD_SOLID_BREP('Solid1',#3784);
#210=MANIFOLD_SOLID_BREP('Solid1',#3785);
#211=LINE('',#5875,#424);
#212=LINE('',#5886,#425);
#213=LINE('',#5900,#426);
#214=LINE('',#5905,#427);
#215=LINE('',#5909,#428);
#216=LINE('',#5911,#429);
#217=LINE('',#5939,#430);
#218=LINE('',#5983,#431);
#219=LINE('',#6014,#432);
#220=LINE('',#6021,#433);
#221=LINE('',#6025,#434);
#222=LINE('',#6027,#435);
#223=LINE('',#6029,#436);
#224=LINE('',#6033,#437);
#225=LINE('',#6048,#438);
#226=LINE('',#6052,#439);
#227=LINE('',#6054,#440);
#228=LINE('',#6056,#441);
#229=LINE('',#6059,#442);
#230=LINE('',#6061,#443);
#231=LINE('',#6063,#444);
#232=LINE('',#6064,#445);
#233=LINE('',#6066,#446);
#234=LINE('',#6068,#447);
#235=LINE('',#6070,#448);
#236=LINE('',#6072,#449);
#237=LINE('',#6080,#450);
#238=LINE('',#6086,#451);
#239=LINE('',#6091,#452);
#240=LINE('',#6093,#453);
#241=LINE('',#6095,#454);
#242=LINE('',#6096,#455);
#243=LINE('',#6101,#456);
#244=LINE('',#6105,#457);
#245=LINE('',#6107,#458);
#246=LINE('',#6108,#459);
#247=LINE('',#6111,#460);
#248=LINE('',#6113,#461);
#249=LINE('',#6114,#462);
#250=LINE('',#6119,#463);
#251=LINE('',#6125,#464);
#252=LINE('',#6131,#465);
#253=LINE('',#6134,#466);
#254=LINE('',#6135,#467);
#255=LINE('',#6143,#468);
#256=LINE('',#6147,#469);
#257=LINE('',#6151,#470);
#258=LINE('',#6153,#471);
#259=LINE('',#6155,#472);
#260=LINE('',#6156,#473);
#261=LINE('',#6159,#474);
#262=LINE('',#6161,#475);
#263=LINE('',#6162,#476);
#264=LINE('',#6164,#477);
#265=LINE('',#6167,#478);
#266=LINE('',#6170,#479);
#267=LINE('',#6174,#480);
#268=LINE('',#6175,#481);
#269=LINE('',#6177,#482);
#270=LINE('',#6180,#483);
#271=LINE('',#6184,#484);
#272=LINE('',#6188,#485);
#273=LINE('',#6192,#486);
#274=LINE('',#6194,#487);
#275=LINE('',#6196,#488);
#276=LINE('',#6197,#489);
#277=LINE('',#6200,#490);
#278=LINE('',#6202,#491);
#279=LINE('',#6203,#492);
#280=LINE('',#6205,#493);
#281=LINE('',#6208,#494);
#282=LINE('',#6211,#495);
#283=LINE('',#6215,#496);
#284=LINE('',#6216,#497);
#285=LINE('',#6218,#498);
#286=LINE('',#6221,#499);
#287=LINE('',#6223,#500);
#288=LINE('',#6224,#501);
#289=LINE('',#6226,#502);
#290=LINE('',#6236,#503);
#291=LINE('',#6239,#504);
#292=LINE('',#6243,#505);
#293=LINE('',#6247,#506);
#294=LINE('',#6251,#507);
#295=LINE('',#6265,#508);
#296=LINE('',#6267,#509);
#297=LINE('',#6269,#510);
#298=LINE('',#6271,#511);
#299=LINE('',#6273,#512);
#300=LINE('',#6274,#513);
#301=LINE('',#6278,#514);
#302=LINE('',#6283,#515);
#303=LINE('',#6347,#516);
#304=LINE('',#6348,#517);
#305=LINE('',#6350,#518);
#306=LINE('',#6352,#519);
#307=LINE('',#6354,#520);
#308=LINE('',#6355,#521);
#309=LINE('',#6362,#522);
#310=LINE('',#6366,#523);
#311=LINE('',#6370,#524);
#312=LINE('',#6382,#525);
#313=LINE('',#6386,#526);
#314=LINE('',#6391,#527);
#315=LINE('',#6393,#528);
#316=LINE('',#6395,#529);
#317=LINE('',#6396,#530);
#318=LINE('',#6399,#531);
#319=LINE('',#6400,#532);
#320=LINE('',#6401,#533);
#321=LINE('',#6427,#534);
#322=LINE('',#6429,#535);
#323=LINE('',#6460,#536);
#324=LINE('',#6473,#537);
#325=LINE('',#6474,#538);
#326=LINE('',#6477,#539);
#327=LINE('',#6478,#540);
#328=LINE('',#6480,#541);
#329=LINE('',#6483,#542);
#330=LINE('',#6487,#543);
#331=LINE('',#6491,#544);
#332=LINE('',#6496,#545);
#333=LINE('',#6498,#546);
#334=LINE('',#6500,#547);
#335=LINE('',#6501,#548);
#336=LINE('',#6503,#549);
#337=LINE('',#6506,#550);
#338=LINE('',#6509,#551);
#339=LINE('',#6510,#552);
#340=LINE('',#6511,#553);
#341=LINE('',#6537,#554);
#342=LINE('',#6539,#555);
#343=LINE('',#6548,#556);
#344=LINE('',#6549,#557);
#345=LINE('',#6551,#558);
#346=LINE('',#6554,#559);
#347=LINE('',#6558,#560);
#348=LINE('',#6562,#561);
#349=LINE('',#6566,#562);
#350=LINE('',#6568,#563);
#351=LINE('',#6570,#564);
#352=LINE('',#6571,#565);
#353=LINE('',#6574,#566);
#354=LINE('',#6576,#567);
#355=LINE('',#6577,#568);
#356=LINE('',#6580,#569);
#357=LINE('',#6606,#570);
#358=LINE('',#6619,#571);
#359=LINE('',#6620,#572);
#360=LINE('',#6623,#573);
#361=LINE('',#6624,#574);
#362=LINE('',#6626,#575);
#363=LINE('',#6629,#576);
#364=LINE('',#6632,#577);
#365=LINE('',#6640,#578);
#366=LINE('',#6646,#579);
#367=LINE('',#6655,#580);
#368=LINE('',#6663,#581);
#369=LINE('',#6669,#582);
#370=LINE('',#6676,#583);
#371=LINE('',#6683,#584);
#372=LINE('',#6690,#585);
#373=LINE('',#6697,#586);
#374=LINE('',#6703,#587);
#375=LINE('',#6718,#588);
#376=LINE('',#6763,#589);
#377=LINE('',#6768,#590);
#378=LINE('',#6833,#591);
#379=LINE('',#6859,#592);
#380=LINE('',#6887,#593);
#381=LINE('',#6898,#594);
#382=LINE('',#6904,#595);
#383=LINE('',#6911,#596);
#384=LINE('',#6914,#597);
#385=LINE('',#6917,#598);
#386=LINE('',#6919,#599);
#387=LINE('',#6920,#600);
#388=LINE('',#6925,#601);
#389=LINE('',#6929,#602);
#390=LINE('',#6931,#603);
#391=LINE('',#6932,#604);
#392=LINE('',#6937,#605);
#393=LINE('',#6941,#606);
#394=LINE('',#6943,#607);
#395=LINE('',#6944,#608);
#396=LINE('',#6949,#609);
#397=LINE('',#6952,#610);
#398=LINE('',#6953,#611);
#399=LINE('',#6968,#612);
#400=LINE('',#6984,#613);
#401=LINE('',#7011,#614);
#402=LINE('',#7015,#615);
#403=LINE('',#7018,#616);
#404=LINE('',#7020,#617);
#405=LINE('',#7022,#618);
#406=LINE('',#7038,#619);
#407=LINE('',#7042,#620);
#408=LINE('',#7055,#621);
#409=LINE('',#7057,#622);
#410=LINE('',#7058,#623);
#411=LINE('',#7061,#624);
#412=LINE('',#7063,#625);
#413=LINE('',#7064,#626);
#414=LINE('',#7093,#627);
#415=LINE('',#7101,#628);
#416=LINE('',#7108,#629);
#417=LINE('',#7115,#630);
#418=LINE('',#7122,#631);
#419=LINE('',#7129,#632);
#420=LINE('',#7136,#633);
#421=LINE('',#7143,#634);
#422=LINE('',#7151,#635);
#423=LINE('',#7158,#636);
#424=VECTOR('',#4572,61.75);
#425=VECTOR('',#4585,61.7500000000093);
#426=VECTOR('',#4604,46.);
#427=VECTOR('',#4611,55.875);
#428=VECTOR('',#4616,50.);
#429=VECTOR('',#4619,55.875);
#430=VECTOR('',#4626,2.);
#431=VECTOR('',#4637,2.);
#432=VECTOR('',#4650,10.);
#433=VECTOR('',#4659,10.);
#434=VECTOR('',#4662,10.);
#435=VECTOR('',#4663,10.);
#436=VECTOR('',#4664,10.);
#437=VECTOR('',#4667,10.);
#438=VECTOR('',#4678,10.);
#439=VECTOR('',#4681,10.);
#440=VECTOR('',#4682,10.);
#441=VECTOR('',#4683,10.);
#442=VECTOR('',#4686,10.);
#443=VECTOR('',#4689,10.);
#444=VECTOR('',#4692,10.);
#445=VECTOR('',#4693,10.);
#446=VECTOR('',#4696,10.);
#447=VECTOR('',#4699,10.);
#448=VECTOR('',#4702,10.);
#449=VECTOR('',#4705,10.);
#450=VECTOR('',#4716,0.85);
#451=VECTOR('',#4723,0.85);
#452=VECTOR('',#4728,10.);
#453=VECTOR('',#4729,10.);
#454=VECTOR('',#4730,10.);
#455=VECTOR('',#4731,10.);
#456=VECTOR('',#4736,10.);
#457=VECTOR('',#4741,10.);
#458=VECTOR('',#4742,10.);
#459=VECTOR('',#4743,10.);
#460=VECTOR('',#4746,10.);
#461=VECTOR('',#4747,10.);
#462=VECTOR('',#4748,10.);
#463=VECTOR('',#4753,10.);
#464=VECTOR('',#4760,10.);
#465=VECTOR('',#4767,10.);
#466=VECTOR('',#4772,10.);
#467=VECTOR('',#4773,10.);
#468=VECTOR('',#4784,10.);
#469=VECTOR('',#4787,10.);
#470=VECTOR('',#4792,10.);
#471=VECTOR('',#4793,10.);
#472=VECTOR('',#4794,10.);
#473=VECTOR('',#4795,10.);
#474=VECTOR('',#4798,10.);
#475=VECTOR('',#4799,10.);
#476=VECTOR('',#4800,10.);
#477=VECTOR('',#4803,10.);
#478=VECTOR('',#4806,10.);
#479=VECTOR('',#4809,10.);
#480=VECTOR('',#4814,10.);
#481=VECTOR('',#4815,10.);
#482=VECTOR('',#4818,10.);
#483=VECTOR('',#4823,10.);
#484=VECTOR('',#4826,10.);
#485=VECTOR('',#4829,10.);
#486=VECTOR('',#4834,10.);
#487=VECTOR('',#4835,10.);
#488=VECTOR('',#4836,10.);
#489=VECTOR('',#4837,10.);
#490=VECTOR('',#4840,10.);
#491=VECTOR('',#4841,10.);
#492=VECTOR('',#4842,10.);
#493=VECTOR('',#4845,10.);
#494=VECTOR('',#4848,10.);
#495=VECTOR('',#4851,10.);
#496=VECTOR('',#4856,10.);
#497=VECTOR('',#4857,10.);
#498=VECTOR('',#4860,10.);
#499=VECTOR('',#4865,10.);
#500=VECTOR('',#4868,10.);
#501=VECTOR('',#4869,10.);
#502=VECTOR('',#4872,10.);
#503=VECTOR('',#4883,10.);
#504=VECTOR('',#4886,5.);
#505=VECTOR('',#4891,5.);
#506=VECTOR('',#4896,5.);
#507=VECTOR('',#4901,5.);
#508=VECTOR('',#4920,10.);
#509=VECTOR('',#4921,10.);
#510=VECTOR('',#4922,10.);
#511=VECTOR('',#4923,10.);
#512=VECTOR('',#4924,10.);
#513=VECTOR('',#4925,10.);
#514=VECTOR('',#4930,4.45);
#515=VECTOR('',#4935,6.);
#516=VECTOR('',#4966,10.);
#517=VECTOR('',#4967,10.);
#518=VECTOR('',#4970,10.);
#519=VECTOR('',#4973,10.);
#520=VECTOR('',#4976,10.);
#521=VECTOR('',#4977,10.);
#522=VECTOR('',#4988,4.725);
#523=VECTOR('',#4993,5.);
#524=VECTOR('',#4998,4.625);
#525=VECTOR('',#5017,10.);
#526=VECTOR('',#5020,10.);
#527=VECTOR('',#5025,10.);
#528=VECTOR('',#5026,10.);
#529=VECTOR('',#5027,10.);
#530=VECTOR('',#5028,10.);
#531=VECTOR('',#5031,10.);
#532=VECTOR('',#5032,10.);
#533=VECTOR('',#5033,10.);
#534=VECTOR('',#5034,10.);
#535=VECTOR('',#5035,10.);
#536=VECTOR('',#5036,10.);
#537=VECTOR('',#5037,10.);
#538=VECTOR('',#5038,10.);
#539=VECTOR('',#5041,10.);
#540=VECTOR('',#5042,10.);
#541=VECTOR('',#5045,10.);
#542=VECTOR('',#5050,10.);
#543=VECTOR('',#5053,10.);
#544=VECTOR('',#5056,10.);
#545=VECTOR('',#5061,10.);
#546=VECTOR('',#5062,10.);
#547=VECTOR('',#5063,10.);
#548=VECTOR('',#5064,10.);
#549=VECTOR('',#5067,10.);
#550=VECTOR('',#5070,10.);
#551=VECTOR('',#5073,10.);
#552=VECTOR('',#5074,10.);
#553=VECTOR('',#5075,10.);
#554=VECTOR('',#5076,10.);
#555=VECTOR('',#5077,10.);
#556=VECTOR('',#5080,10.);
#557=VECTOR('',#5081,10.);
#558=VECTOR('',#5084,10.);
#559=VECTOR('',#5089,10.);
#560=VECTOR('',#5092,10.);
#561=VECTOR('',#5095,10.);
#562=VECTOR('',#5100,10.);
#563=VECTOR('',#5101,10.);
#564=VECTOR('',#5102,10.);
#565=VECTOR('',#5103,10.);
#566=VECTOR('',#5106,10.);
#567=VECTOR('',#5107,10.);
#568=VECTOR('',#5108,10.);
#569=VECTOR('',#5111,10.);
#570=VECTOR('',#5114,10.);
#571=VECTOR('',#5115,10.);
#572=VECTOR('',#5116,10.);
#573=VECTOR('',#5119,10.);
#574=VECTOR('',#5120,10.);
#575=VECTOR('',#5123,10.);
#576=VECTOR('',#5128,10.);
#577=VECTOR('',#5133,10.);
#578=VECTOR('',#5146,10.);
#579=VECTOR('',#5155,24.05);
#580=VECTOR('',#5166,20.);
#581=VECTOR('',#5177,24.);
#582=VECTOR('',#5184,20.);
#583=VECTOR('',#5193,21.);
#584=VECTOR('',#5202,20.);
#585=VECTOR('',#5211,17.);
#586=VECTOR('',#5220,20.);
#587=VECTOR('',#5229,21.);
#588=VECTOR('',#5248,8.5);
#589=VECTOR('',#5307,12.18);
#590=VECTOR('',#5316,10.8);
#591=VECTOR('',#5369,16.32);
#592=VECTOR('',#5398,17.7);
#593=VECTOR('',#5441,20.);
#594=VECTOR('',#5456,1.25);
#595=VECTOR('',#5463,1.25);
#596=VECTOR('',#5470,10.);
#597=VECTOR('',#5473,10.);
#598=VECTOR('',#5476,10.);
#599=VECTOR('',#5477,10.);
#600=VECTOR('',#5478,10.);
#601=VECTOR('',#5483,10.);
#602=VECTOR('',#5488,10.);
#603=VECTOR('',#5489,10.);
#604=VECTOR('',#5490,10.);
#605=VECTOR('',#5495,10.);
#606=VECTOR('',#5500,10.);
#607=VECTOR('',#5501,10.);
#608=VECTOR('',#5502,10.);
#609=VECTOR('',#5507,10.);
#610=VECTOR('',#5512,10.);
#611=VECTOR('',#5513,10.);
#612=VECTOR('',#5534,18.75);
#613=VECTOR('',#5553,20.);
#614=VECTOR('',#5588,8.9375);
#615=VECTOR('',#5593,9.375);
#616=VECTOR('',#5598,10.425);
#617=VECTOR('',#5601,10.845);
#618=VECTOR('',#5604,10.6);
#619=VECTOR('',#5609,10.);
#620=VECTOR('',#5612,10.);
#621=VECTOR('',#5615,10.);
#622=VECTOR('',#5616,10.);
#623=VECTOR('',#5617,10.);
#624=VECTOR('',#5620,10.);
#625=VECTOR('',#5621,10.);
#626=VECTOR('',#5622,10.);
#627=VECTOR('',#5633,8.49999999999992);
#628=VECTOR('',#5644,8.19999999999997);
#629=VECTOR('',#5653,8.5);
#630=VECTOR('',#5662,7.5);
#631=VECTOR('',#5671,8.50000000000001);
#632=VECTOR('',#5680,8.2);
#633=VECTOR('',#5689,10.);
#634=VECTOR('',#5698,9.5);
#635=VECTOR('',#5709,4.9999999999999);
#636=VECTOR('',#5718,8.19999999999995);
#637=TOROIDAL_SURFACE('',#4026,61.25,0.5);
#638=TOROIDAL_SURFACE('',#4032,61.2500000000093,0.5);
#639=TOROIDAL_SURFACE('',#4041,45.,1.);
#640=TOROIDAL_SURFACE('',#4159,4.85,0.4);
#641=TOROIDAL_SURFACE('',#4280,9.1,0.6);
#642=TOROIDAL_SURFACE('',#4290,9.1,0.6);
#643=TOROIDAL_SURFACE('',#4295,14.25,3.45);
#644=TOROIDAL_SURFACE('',#4300,14.25,3.45);
#645=TOROIDAL_SURFACE('',#4304,14.25,3.45);
#646=TOROIDAL_SURFACE('',#4308,14.25,3.45);
#647=TOROIDAL_SURFACE('',#4312,14.25,3.45);
#648=TOROIDAL_SURFACE('',#4318,14.25,3.45);
#649=TOROIDAL_SURFACE('',#4353,14.25,3.45);
#650=TOROIDAL_SURFACE('',#4364,14.25,3.45);
#651=TOROIDAL_SURFACE('',#4366,14.25,3.45);
#652=TOROIDAL_SURFACE('',#4368,14.25,3.45);
#653=TOROIDAL_SURFACE('',#4370,14.25,3.45);
#654=TOROIDAL_SURFACE('',#4372,14.25,3.45);
#655=TOROIDAL_SURFACE('',#4375,19.4,0.6);
#656=TOROIDAL_SURFACE('',#4384,19.4,0.6);
#657=TOROIDAL_SURFACE('',#4412,18.45,0.3);
#658=TOROIDAL_SURFACE('',#4421,19.7,0.3);
#659=TOROIDAL_SURFACE('',#4431,19.7,0.3);
#660=TOROIDAL_SURFACE('',#4435,10.6,0.7);
#661=FACE_BOUND('',#1130,.T.);
#662=FACE_BOUND('',#1136,.T.);
#663=FACE_BOUND('',#1140,.T.);
#664=FACE_BOUND('',#1171,.T.);
#665=FACE_BOUND('',#1172,.T.);
#666=FACE_BOUND('',#1174,.T.);
#667=FACE_BOUND('',#1175,.T.);
#668=FACE_BOUND('',#1196,.T.);
#669=FACE_BOUND('',#1197,.T.);
#670=FACE_BOUND('',#1198,.T.);
#671=FACE_BOUND('',#1199,.T.);
#672=FACE_BOUND('',#1206,.T.);
#673=FACE_BOUND('',#1207,.T.);
#674=FACE_BOUND('',#1208,.T.);
#675=FACE_BOUND('',#1209,.T.);
#676=FACE_BOUND('',#1212,.T.);
#677=FACE_BOUND('',#1228,.T.);
#678=FACE_BOUND('',#1262,.T.);
#679=FACE_BOUND('',#1265,.T.);
#680=FACE_BOUND('',#1270,.T.);
#681=FACE_BOUND('',#1273,.T.);
#682=FACE_BOUND('',#1276,.T.);
#683=FACE_BOUND('',#1279,.T.);
#684=FACE_BOUND('',#1282,.T.);
#685=FACE_BOUND('',#1285,.T.);
#686=FACE_BOUND('',#1288,.T.);
#687=FACE_BOUND('',#1291,.T.);
#688=FACE_BOUND('',#1296,.T.);
#689=FACE_BOUND('',#1299,.T.);
#690=FACE_BOUND('',#1309,.T.);
#691=FACE_BOUND('',#1310,.T.);
#692=FACE_BOUND('',#1312,.T.);
#693=FACE_BOUND('',#1313,.T.);
#694=FACE_BOUND('',#1315,.T.);
#695=FACE_BOUND('',#1316,.T.);
#696=FACE_BOUND('',#1318,.T.);
#697=FACE_BOUND('',#1319,.T.);
#698=FACE_BOUND('',#1321,.T.);
#699=FACE_BOUND('',#1322,.T.);
#700=FACE_BOUND('',#1324,.T.);
#701=FACE_BOUND('',#1325,.T.);
#702=FACE_BOUND('',#1335,.T.);
#703=FACE_BOUND('',#1338,.T.);
#704=FACE_BOUND('',#1352,.T.);
#705=FACE_BOUND('',#1353,.T.);
#706=FACE_BOUND('',#1355,.T.);
#707=FACE_BOUND('',#1356,.T.);
#708=FACE_BOUND('',#1360,.T.);
#709=FACE_BOUND('',#1364,.T.);
#710=FACE_BOUND('',#1367,.T.);
#711=FACE_BOUND('',#1370,.T.);
#712=FACE_BOUND('',#1383,.T.);
#713=FACE_BOUND('',#1386,.T.);
#714=FACE_BOUND('',#1389,.T.);
#715=FACE_BOUND('',#1392,.T.);
#716=FACE_BOUND('',#1395,.T.);
#717=FACE_BOUND('',#1398,.T.);
#718=FACE_BOUND('',#1401,.T.);
#719=FACE_BOUND('',#1403,.T.);
#720=FACE_BOUND('',#1408,.T.);
#721=FACE_BOUND('',#1411,.T.);
#722=PLANE('',#4024);
#723=PLANE('',#4039);
#724=PLANE('',#4047);
#725=PLANE('',#4068);
#726=PLANE('',#4076);
#727=PLANE('',#4081);
#728=PLANE('',#4082);
#729=PLANE('',#4083);
#730=PLANE('',#4086);
#731=PLANE('',#4087);
#732=PLANE('',#4095);
#733=PLANE('',#4099);
#734=PLANE('',#4100);
#735=PLANE('',#4110);
#736=PLANE('',#4111);
#737=PLANE('',#4112);
#738=PLANE('',#4118);
#739=PLANE('',#4119);
#740=PLANE('',#4120);
#741=PLANE('',#4122);
#742=PLANE('',#4124);
#743=PLANE('',#4125);
#744=PLANE('',#4126);
#745=PLANE('',#4131);
#746=PLANE('',#4132);
#747=PLANE('',#4133);
#748=PLANE('',#4135);
#749=PLANE('',#4137);
#750=PLANE('',#4138);
#751=PLANE('',#4139);
#752=PLANE('',#4141);
#753=PLANE('',#4142);
#754=PLANE('',#4147);
#755=PLANE('',#4156);
#756=PLANE('',#4163);
#757=PLANE('',#4169);
#758=PLANE('',#4182);
#759=PLANE('',#4183);
#760=PLANE('',#4184);
#761=PLANE('',#4185);
#762=PLANE('',#4186);
#763=PLANE('',#4187);
#764=PLANE('',#4188);
#765=PLANE('',#4195);
#766=PLANE('',#4206);
#767=PLANE('',#4207);
#768=PLANE('',#4208);
#769=PLANE('',#4209);
#770=PLANE('',#4210);
#771=PLANE('',#4215);
#772=PLANE('',#4216);
#773=PLANE('',#4218);
#774=PLANE('',#4219);
#775=PLANE('',#4220);
#776=PLANE('',#4221);
#777=PLANE('',#4226);
#778=PLANE('',#4227);
#779=PLANE('',#4228);
#780=PLANE('',#4230);
#781=PLANE('',#4231);
#782=PLANE('',#4232);
#783=PLANE('',#4234);
#784=PLANE('',#4240);
#785=PLANE('',#4244);
#786=PLANE('',#4247);
#787=PLANE('',#4252);
#788=PLANE('',#4256);
#789=PLANE('',#4260);
#790=PLANE('',#4264);
#791=PLANE('',#4268);
#792=PLANE('',#4272);
#793=PLANE('',#4276);
#794=PLANE('',#4288);
#795=PLANE('',#4293);
#796=PLANE('',#4373);
#797=PLANE('',#4379);
#798=PLANE('',#4396);
#799=PLANE('',#4400);
#800=PLANE('',#4404);
#801=PLANE('',#4408);
#802=PLANE('',#4409);
#803=PLANE('',#4410);
#804=PLANE('',#4419);
#805=PLANE('',#4429);
#806=PLANE('',#4434);
#807=PLANE('',#4441);
#808=PLANE('',#4454);
#809=PLANE('',#4455);
#810=PLANE('',#4458);
#811=PLANE('',#4462);
#812=PLANE('',#4466);
#813=PLANE('',#4470);
#814=PLANE('',#4474);
#815=PLANE('',#4478);
#816=PLANE('',#4482);
#817=PLANE('',#4486);
#818=PLANE('',#4490);
#819=PLANE('',#4491);
#820=PLANE('',#4495);
#821=PLANE('',#4499);
#822=CYLINDRICAL_SURFACE('',#4010,4.);
#823=CYLINDRICAL_SURFACE('',#4014,4.);
#824=CYLINDRICAL_SURFACE('',#4021,4.);
#825=CYLINDRICAL_SURFACE('',#4030,61.75);
#826=CYLINDRICAL_SURFACE('',#4037,61.7500000000093);
#827=CYLINDRICAL_SURFACE('',#4046,46.);
#828=CYLINDRICAL_SURFACE('',#4050,50.);
#829=CYLINDRICAL_SURFACE('',#4057,4.);
#830=CYLINDRICAL_SURFACE('',#4062,4.);
#831=CYLINDRICAL_SURFACE('',#4074,4.);
#832=CYLINDRICAL_SURFACE('',#4084,9.5);
#833=CYLINDRICAL_SURFACE('',#4085,9.5);
#834=CYLINDRICAL_SURFACE('',#4089,0.85);
#835=CYLINDRICAL_SURFACE('',#4092,0.85);
#836=CYLINDRICAL_SURFACE('',#4096,7.55);
#837=CYLINDRICAL_SURFACE('',#4101,8.85331226700773);
#838=CYLINDRICAL_SURFACE('',#4104,9.08333333333333);
#839=CYLINDRICAL_SURFACE('',#4107,8.85331226700773);
#840=CYLINDRICAL_SURFACE('',#4115,5.);
#841=CYLINDRICAL_SURFACE('',#4127,8.);
#842=CYLINDRICAL_SURFACE('',#4128,5.);
#843=CYLINDRICAL_SURFACE('',#4140,8.);
#844=CYLINDRICAL_SURFACE('',#4148,5.);
#845=CYLINDRICAL_SURFACE('',#4150,5.);
#846=CYLINDRICAL_SURFACE('',#4152,5.);
#847=CYLINDRICAL_SURFACE('',#4154,5.);
#848=CYLINDRICAL_SURFACE('',#4164,4.45);
#849=CYLINDRICAL_SURFACE('',#4166,6.);
#850=CYLINDRICAL_SURFACE('',#4191,5.);
#851=CYLINDRICAL_SURFACE('',#4203,5.);
#852=CYLINDRICAL_SURFACE('',#4211,8.);
#853=CYLINDRICAL_SURFACE('',#4212,4.99999999999999);
#854=CYLINDRICAL_SURFACE('',#4222,7.99999999999999);
#855=CYLINDRICAL_SURFACE('',#4223,4.99999999999999);
#856=CYLINDRICAL_SURFACE('',#4233,7.99999999999999);
#857=CYLINDRICAL_SURFACE('',#4238,0.100677573119429);
#858=CYLINDRICAL_SURFACE('',#4243,0.100677573119518);
#859=CYLINDRICAL_SURFACE('',#4245,24.05);
#860=CYLINDRICAL_SURFACE('',#4250,20.);
#861=CYLINDRICAL_SURFACE('',#4254,24.);
#862=CYLINDRICAL_SURFACE('',#4258,20.);
#863=CYLINDRICAL_SURFACE('',#4262,21.);
#864=CYLINDRICAL_SURFACE('',#4266,20.);
#865=CYLINDRICAL_SURFACE('',#4270,17.);
#866=CYLINDRICAL_SURFACE('',#4274,20.);
#867=CYLINDRICAL_SURFACE('',#4278,21.);
#868=CYLINDRICAL_SURFACE('',#4285,8.5);
#869=CYLINDRICAL_SURFACE('',#4316,12.18);
#870=CYLINDRICAL_SURFACE('',#4320,10.8);
#871=CYLINDRICAL_SURFACE('',#4345,16.32);
#872=CYLINDRICAL_SURFACE('',#4357,17.7);
#873=CYLINDRICAL_SURFACE('',#4381,20.);
#874=CYLINDRICAL_SURFACE('',#4387,1.25);
#875=CYLINDRICAL_SURFACE('',#4390,1.25);
#876=CYLINDRICAL_SURFACE('',#4393,2.25);
#877=CYLINDRICAL_SURFACE('',#4397,18.9277777777778);
#878=CYLINDRICAL_SURFACE('',#4401,2.25);
#879=CYLINDRICAL_SURFACE('',#4405,21.2);
#880=CYLINDRICAL_SURFACE('',#4417,18.75);
#881=CYLINDRICAL_SURFACE('',#4426,20.);
#882=CYLINDRICAL_SURFACE('',#4450,10.6);
#883=CYLINDRICAL_SURFACE('',#4452,3.);
#884=CYLINDRICAL_SURFACE('',#4456,3.);
#885=CYLINDRICAL_SURFACE('',#4459,8.49999999999992);
#886=CYLINDRICAL_SURFACE('',#4464,8.19999999999997);
#887=CYLINDRICAL_SURFACE('',#4468,8.5);
#888=CYLINDRICAL_SURFACE('',#4472,7.5);
#889=CYLINDRICAL_SURFACE('',#4476,8.50000000000001);
#890=CYLINDRICAL_SURFACE('',#4480,8.2);
#891=CYLINDRICAL_SURFACE('',#4484,10.);
#892=CYLINDRICAL_SURFACE('',#4488,9.5);
#893=CYLINDRICAL_SURFACE('',#4493,4.9999999999999);
#894=CYLINDRICAL_SURFACE('',#4497,8.19999999999995);
#895=FACE_OUTER_BOUND('',#1123,.T.);
#896=FACE_OUTER_BOUND('',#1124,.T.);
#897=FACE_OUTER_BOUND('',#1125,.T.);
#898=FACE_OUTER_BOUND('',#1126,.T.);
#899=FACE_OUTER_BOUND('',#1127,.T.);
#900=FACE_OUTER_BOUND('',#1128,.T.);
#901=FACE_OUTER_BOUND('',#1129,.T.);
#902=FACE_OUTER_BOUND('',#1131,.T.);
#903=FACE_OUTER_BOUND('',#1132,.T.);
#904=FACE_OUTER_BOUND('',#1133,.T.);
#905=FACE_OUTER_BOUND('',#1134,.T.);
#906=FACE_OUTER_BOUND('',#1135,.T.);
#907=FACE_OUTER_BOUND('',#1137,.T.);
#908=FACE_OUTER_BOUND('',#1138,.T.);
#909=FACE_OUTER_BOUND('',#1139,.T.);
#910=FACE_OUTER_BOUND('',#1141,.T.);
#911=FACE_OUTER_BOUND('',#1142,.T.);
#912=FACE_OUTER_BOUND('',#1143,.T.);
#913=FACE_OUTER_BOUND('',#1144,.T.);
#914=FACE_OUTER_BOUND('',#1145,.T.);
#915=FACE_OUTER_BOUND('',#1146,.T.);
#916=FACE_OUTER_BOUND('',#1147,.T.);
#917=FACE_OUTER_BOUND('',#1148,.T.);
#918=FACE_OUTER_BOUND('',#1149,.T.);
#919=FACE_OUTER_BOUND('',#1150,.T.);
#920=FACE_OUTER_BOUND('',#1151,.T.);
#921=FACE_OUTER_BOUND('',#1152,.T.);
#922=FACE_OUTER_BOUND('',#1153,.T.);
#923=FACE_OUTER_BOUND('',#1154,.T.);
#924=FACE_OUTER_BOUND('',#1155,.T.);
#925=FACE_OUTER_BOUND('',#1156,.T.);
#926=FACE_OUTER_BOUND('',#1157,.T.);
#927=FACE_OUTER_BOUND('',#1158,.T.);
#928=FACE_OUTER_BOUND('',#1159,.T.);
#929=FACE_OUTER_BOUND('',#1160,.T.);
#930=FACE_OUTER_BOUND('',#1161,.T.);
#931=FACE_OUTER_BOUND('',#1162,.T.);
#932=FACE_OUTER_BOUND('',#1163,.T.);
#933=FACE_OUTER_BOUND('',#1164,.T.);
#934=FACE_OUTER_BOUND('',#1165,.T.);
#935=FACE_OUTER_BOUND('',#1166,.T.);
#936=FACE_OUTER_BOUND('',#1167,.T.);
#937=FACE_OUTER_BOUND('',#1168,.T.);
#938=FACE_OUTER_BOUND('',#1169,.T.);
#939=FACE_OUTER_BOUND('',#1170,.T.);
#940=FACE_OUTER_BOUND('',#1173,.T.);
#941=FACE_OUTER_BOUND('',#1176,.T.);
#942=FACE_OUTER_BOUND('',#1177,.T.);
#943=FACE_OUTER_BOUND('',#1178,.T.);
#944=FACE_OUTER_BOUND('',#1179,.T.);
#945=FACE_OUTER_BOUND('',#1180,.T.);
#946=FACE_OUTER_BOUND('',#1181,.T.);
#947=FACE_OUTER_BOUND('',#1182,.T.);
#948=FACE_OUTER_BOUND('',#1183,.T.);
#949=FACE_OUTER_BOUND('',#1184,.T.);
#950=FACE_OUTER_BOUND('',#1185,.T.);
#951=FACE_OUTER_BOUND('',#1186,.T.);
#952=FACE_OUTER_BOUND('',#1187,.T.);
#953=FACE_OUTER_BOUND('',#1188,.T.);
#954=FACE_OUTER_BOUND('',#1189,.T.);
#955=FACE_OUTER_BOUND('',#1190,.T.);
#956=FACE_OUTER_BOUND('',#1191,.T.);
#957=FACE_OUTER_BOUND('',#1192,.T.);
#958=FACE_OUTER_BOUND('',#1193,.T.);
#959=FACE_OUTER_BOUND('',#1194,.T.);
#960=FACE_OUTER_BOUND('',#1195,.T.);
#961=FACE_OUTER_BOUND('',#1200,.T.);
#962=FACE_OUTER_BOUND('',#1201,.T.);
#963=FACE_OUTER_BOUND('',#1202,.T.);
#964=FACE_OUTER_BOUND('',#1203,.T.);
#965=FACE_OUTER_BOUND('',#1204,.T.);
#966=FACE_OUTER_BOUND('',#1205,.T.);
#967=FACE_OUTER_BOUND('',#1210,.T.);
#968=FACE_OUTER_BOUND('',#1211,.T.);
#969=FACE_OUTER_BOUND('',#1213,.T.);
#970=FACE_OUTER_BOUND('',#1214,.T.);
#971=FACE_OUTER_BOUND('',#1215,.T.);
#972=FACE_OUTER_BOUND('',#1216,.T.);
#973=FACE_OUTER_BOUND('',#1217,.T.);
#974=FACE_OUTER_BOUND('',#1218,.T.);
#975=FACE_OUTER_BOUND('',#1219,.T.);
#976=FACE_OUTER_BOUND('',#1220,.T.);
#977=FACE_OUTER_BOUND('',#1221,.T.);
#978=FACE_OUTER_BOUND('',#1222,.T.);
#979=FACE_OUTER_BOUND('',#1223,.T.);
#980=FACE_OUTER_BOUND('',#1224,.T.);
#981=FACE_OUTER_BOUND('',#1225,.T.);
#982=FACE_OUTER_BOUND('',#1226,.T.);
#983=FACE_OUTER_BOUND('',#1227,.T.);
#984=FACE_OUTER_BOUND('',#1229,.T.);
#985=FACE_OUTER_BOUND('',#1230,.T.);
#986=FACE_OUTER_BOUND('',#1231,.T.);
#987=FACE_OUTER_BOUND('',#1232,.T.);
#988=FACE_OUTER_BOUND('',#1233,.T.);
#989=FACE_OUTER_BOUND('',#1234,.T.);
#990=FACE_OUTER_BOUND('',#1235,.T.);
#991=FACE_OUTER_BOUND('',#1236,.T.);
#992=FACE_OUTER_BOUND('',#1237,.T.);
#993=FACE_OUTER_BOUND('',#1238,.T.);
#994=FACE_OUTER_BOUND('',#1239,.T.);
#995=FACE_OUTER_BOUND('',#1240,.T.);
#996=FACE_OUTER_BOUND('',#1241,.T.);
#997=FACE_OUTER_BOUND('',#1242,.T.);
#998=FACE_OUTER_BOUND('',#1243,.T.);
#999=FACE_OUTER_BOUND('',#1244,.T.);
#1000=FACE_OUTER_BOUND('',#1245,.T.);
#1001=FACE_OUTER_BOUND('',#1246,.T.);
#1002=FACE_OUTER_BOUND('',#1247,.T.);
#1003=FACE_OUTER_BOUND('',#1248,.T.);
#1004=FACE_OUTER_BOUND('',#1249,.T.);
#1005=FACE_OUTER_BOUND('',#1250,.T.);
#1006=FACE_OUTER_BOUND('',#1251,.T.);
#1007=FACE_OUTER_BOUND('',#1252,.T.);
#1008=FACE_OUTER_BOUND('',#1253,.T.);
#1009=FACE_OUTER_BOUND('',#1254,.T.);
#1010=FACE_OUTER_BOUND('',#1255,.T.);
#1011=FACE_OUTER_BOUND('',#1256,.T.);
#1012=FACE_OUTER_BOUND('',#1257,.T.);
#1013=FACE_OUTER_BOUND('',#1258,.T.);
#1014=FACE_OUTER_BOUND('',#1259,.T.);
#1015=FACE_OUTER_BOUND('',#1260,.T.);
#1016=FACE_OUTER_BOUND('',#1261,.T.);
#1017=FACE_OUTER_BOUND('',#1263,.T.);
#1018=FACE_OUTER_BOUND('',#1264,.T.);
#1019=FACE_OUTER_BOUND('',#1266,.T.);
#1020=FACE_OUTER_BOUND('',#1267,.T.);
#1021=FACE_OUTER_BOUND('',#1268,.T.);
#1022=FACE_OUTER_BOUND('',#1269,.T.);
#1023=FACE_OUTER_BOUND('',#1271,.T.);
#1024=FACE_OUTER_BOUND('',#1272,.T.);
#1025=FACE_OUTER_BOUND('',#1274,.T.);
#1026=FACE_OUTER_BOUND('',#1275,.T.);
#1027=FACE_OUTER_BOUND('',#1277,.T.);
#1028=FACE_OUTER_BOUND('',#1278,.T.);
#1029=FACE_OUTER_BOUND('',#1280,.T.);
#1030=FACE_OUTER_BOUND('',#1281,.T.);
#1031=FACE_OUTER_BOUND('',#1283,.T.);
#1032=FACE_OUTER_BOUND('',#1284,.T.);
#1033=FACE_OUTER_BOUND('',#1286,.T.);
#1034=FACE_OUTER_BOUND('',#1287,.T.);
#1035=FACE_OUTER_BOUND('',#1289,.T.);
#1036=FACE_OUTER_BOUND('',#1290,.T.);
#1037=FACE_OUTER_BOUND('',#1292,.T.);
#1038=FACE_OUTER_BOUND('',#1293,.T.);
#1039=FACE_OUTER_BOUND('',#1294,.T.);
#1040=FACE_OUTER_BOUND('',#1295,.T.);
#1041=FACE_OUTER_BOUND('',#1297,.T.);
#1042=FACE_OUTER_BOUND('',#1298,.T.);
#1043=FACE_OUTER_BOUND('',#1300,.T.);
#1044=FACE_OUTER_BOUND('',#1301,.T.);
#1045=FACE_OUTER_BOUND('',#1302,.T.);
#1046=FACE_OUTER_BOUND('',#1303,.T.);
#1047=FACE_OUTER_BOUND('',#1304,.T.);
#1048=FACE_OUTER_BOUND('',#1305,.T.);
#1049=FACE_OUTER_BOUND('',#1306,.T.);
#1050=FACE_OUTER_BOUND('',#1307,.T.);
#1051=FACE_OUTER_BOUND('',#1308,.T.);
#1052=FACE_OUTER_BOUND('',#1311,.T.);
#1053=FACE_OUTER_BOUND('',#1314,.T.);
#1054=FACE_OUTER_BOUND('',#1317,.T.);
#1055=FACE_OUTER_BOUND('',#1320,.T.);
#1056=FACE_OUTER_BOUND('',#1323,.T.);
#1057=FACE_OUTER_BOUND('',#1326,.T.);
#1058=FACE_OUTER_BOUND('',#1327,.T.);
#1059=FACE_OUTER_BOUND('',#1328,.T.);
#1060=FACE_OUTER_BOUND('',#1329,.T.);
#1061=FACE_OUTER_BOUND('',#1330,.T.);
#1062=FACE_OUTER_BOUND('',#1331,.T.);
#1063=FACE_OUTER_BOUND('',#1332,.T.);
#1064=FACE_OUTER_BOUND('',#1333,.T.);
#1065=FACE_OUTER_BOUND('',#1334,.T.);
#1066=FACE_OUTER_BOUND('',#1336,.T.);
#1067=FACE_OUTER_BOUND('',#1337,.T.);
#1068=FACE_OUTER_BOUND('',#1339,.T.);
#1069=FACE_OUTER_BOUND('',#1340,.T.);
#1070=FACE_OUTER_BOUND('',#1341,.T.);
#1071=FACE_OUTER_BOUND('',#1342,.T.);
#1072=FACE_OUTER_BOUND('',#1343,.T.);
#1073=FACE_OUTER_BOUND('',#1344,.T.);
#1074=FACE_OUTER_BOUND('',#1345,.T.);
#1075=FACE_OUTER_BOUND('',#1346,.T.);
#1076=FACE_OUTER_BOUND('',#1347,.T.);
#1077=FACE_OUTER_BOUND('',#1348,.T.);
#1078=FACE_OUTER_BOUND('',#1349,.T.);
#1079=FACE_OUTER_BOUND('',#1350,.T.);
#1080=FACE_OUTER_BOUND('',#1351,.T.);
#1081=FACE_OUTER_BOUND('',#1354,.T.);
#1082=FACE_OUTER_BOUND('',#1357,.T.);
#1083=FACE_OUTER_BOUND('',#1358,.T.);
#1084=FACE_OUTER_BOUND('',#1359,.T.);
#1085=FACE_OUTER_BOUND('',#1361,.T.);
#1086=FACE_OUTER_BOUND('',#1362,.T.);
#1087=FACE_OUTER_BOUND('',#1363,.T.);
#1088=FACE_OUTER_BOUND('',#1365,.T.);
#1089=FACE_OUTER_BOUND('',#1366,.T.);
#1090=FACE_OUTER_BOUND('',#1368,.T.);
#1091=FACE_OUTER_BOUND('',#1369,.T.);
#1092=FACE_OUTER_BOUND('',#1371,.T.);
#1093=FACE_OUTER_BOUND('',#1372,.T.);
#1094=FACE_OUTER_BOUND('',#1373,.T.);
#1095=FACE_OUTER_BOUND('',#1374,.T.);
#1096=FACE_OUTER_BOUND('',#1375,.T.);
#1097=FACE_OUTER_BOUND('',#1376,.T.);
#1098=FACE_OUTER_BOUND('',#1377,.T.);
#1099=FACE_OUTER_BOUND('',#1378,.T.);
#1100=FACE_OUTER_BOUND('',#1379,.T.);
#1101=FACE_OUTER_BOUND('',#1380,.T.);
#1102=FACE_OUTER_BOUND('',#1381,.T.);
#1103=FACE_OUTER_BOUND('',#1382,.T.);
#1104=FACE_OUTER_BOUND('',#1384,.T.);
#1105=FACE_OUTER_BOUND('',#1385,.T.);
#1106=FACE_OUTER_BOUND('',#1387,.T.);
#1107=FACE_OUTER_BOUND('',#1388,.T.);
#1108=FACE_OUTER_BOUND('',#1390,.T.);
#1109=FACE_OUTER_BOUND('',#1391,.T.);
#1110=FACE_OUTER_BOUND('',#1393,.T.);
#1111=FACE_OUTER_BOUND('',#1394,.T.);
#1112=FACE_OUTER_BOUND('',#1396,.T.);
#1113=FACE_OUTER_BOUND('',#1397,.T.);
#1114=FACE_OUTER_BOUND('',#1399,.T.);
#1115=FACE_OUTER_BOUND('',#1400,.T.);
#1116=FACE_OUTER_BOUND('',#1402,.T.);
#1117=FACE_OUTER_BOUND('',#1404,.T.);
#1118=FACE_OUTER_BOUND('',#1405,.T.);
#1119=FACE_OUTER_BOUND('',#1406,.T.);
#1120=FACE_OUTER_BOUND('',#1407,.T.);
#1121=FACE_OUTER_BOUND('',#1409,.T.);
#1122=FACE_OUTER_BOUND('',#1410,.T.);
#1123=EDGE_LOOP('',(#2521,#2522));
#1124=EDGE_LOOP('',(#2523,#2524,#2525,#2526));
#1125=EDGE_LOOP('',(#2527,#2528));
#1126=EDGE_LOOP('',(#2529,#2530,#2531,#2532));
#1127=EDGE_LOOP('',(#2533,#2534,#2535,#2536,#2537,#2538,#2539,#2540,#2541,
#2542,#2543,#2544));
#1128=EDGE_LOOP('',(#2545,#2546,#2547,#2548));
#1129=EDGE_LOOP('',(#2549));
#1130=EDGE_LOOP('',(#2550,#2551));
#1131=EDGE_LOOP('',(#2552,#2553,#2554,#2555,#2556));
#1132=EDGE_LOOP('',(#2557,#2558,#2559,#2560,#2561));
#1133=EDGE_LOOP('',(#2562,#2563,#2564,#2565,#2566));
#1134=EDGE_LOOP('',(#2567,#2568,#2569,#2570,#2571));
#1135=EDGE_LOOP('',(#2572));
#1136=EDGE_LOOP('',(#2573));
#1137=EDGE_LOOP('',(#2574,#2575,#2576,#2577,#2578));
#1138=EDGE_LOOP('',(#2579,#2580,#2581,#2582,#2583));
#1139=EDGE_LOOP('',(#2584));
#1140=EDGE_LOOP('',(#2585,#2586,#2587,#2588,#2589,#2590));
#1141=EDGE_LOOP('',(#2591,#2592,#2593,#2594));
#1142=EDGE_LOOP('',(#2595,#2596,#2597,#2598));
#1143=EDGE_LOOP('',(#2599,#2600,#2601,#2602));
#1144=EDGE_LOOP('',(#2603,#2604,#2605,#2606,#2607));
#1145=EDGE_LOOP('',(#2608,#2609,#2610,#2611,#2612));
#1146=EDGE_LOOP('',(#2613,#2614,#2615,#2616,#2617));
#1147=EDGE_LOOP('',(#2618,#2619,#2620,#2621,#2622));
#1148=EDGE_LOOP('',(#2623,#2624,#2625,#2626,#2627,#2628,#2629,#2630));
#1149=EDGE_LOOP('',(#2631,#2632,#2633,#2634,#2635,#2636,#2637,#2638,#2639,
#2640,#2641,#2642,#2643,#2644));
#1150=EDGE_LOOP('',(#2645,#2646,#2647,#2648));
#1151=EDGE_LOOP('',(#2649,#2650,#2651,#2652,#2653,#2654,#2655,#2656,#2657,
#2658));
#1152=EDGE_LOOP('',(#2659,#2660,#2661,#2662,#2663,#2664,#2665,#2666));
#1153=EDGE_LOOP('',(#2667,#2668,#2669,#2670));
#1154=EDGE_LOOP('',(#2671,#2672,#2673,#2674));
#1155=EDGE_LOOP('',(#2675,#2676,#2677,#2678));
#1156=EDGE_LOOP('',(#2679,#2680,#2681,#2682));
#1157=EDGE_LOOP('',(#2683,#2684,#2685,#2686));
#1158=EDGE_LOOP('',(#2687,#2688,#2689,#2690));
#1159=EDGE_LOOP('',(#2691,#2692,#2693,#2694));
#1160=EDGE_LOOP('',(#2695,#2696,#2697,#2698));
#1161=EDGE_LOOP('',(#2699,#2700,#2701,#2702));
#1162=EDGE_LOOP('',(#2703,#2704,#2705,#2706));
#1163=EDGE_LOOP('',(#2707,#2708,#2709,#2710));
#1164=EDGE_LOOP('',(#2711,#2712,#2713,#2714));
#1165=EDGE_LOOP('',(#2715,#2716,#2717,#2718));
#1166=EDGE_LOOP('',(#2719,#2720,#2721,#2722));
#1167=EDGE_LOOP('',(#2723,#2724,#2725,#2726));
#1168=EDGE_LOOP('',(#2727,#2728,#2729,#2730));
#1169=EDGE_LOOP('',(#2731,#2732,#2733,#2734));
#1170=EDGE_LOOP('',(#2735,#2736,#2737,#2738,#2739,#2740,#2741,#2742));
#1171=EDGE_LOOP('',(#2743));
#1172=EDGE_LOOP('',(#2744));
#1173=EDGE_LOOP('',(#2745,#2746,#2747,#2748,#2749,#2750,#2751,#2752));
#1174=EDGE_LOOP('',(#2753));
#1175=EDGE_LOOP('',(#2754));
#1176=EDGE_LOOP('',(#2755,#2756,#2757,#2758));
#1177=EDGE_LOOP('',(#2759,#2760,#2761,#2762));
#1178=EDGE_LOOP('',(#2763,#2764,#2765,#2766));
#1179=EDGE_LOOP('',(#2767,#2768,#2769,#2770));
#1180=EDGE_LOOP('',(#2771,#2772,#2773,#2774));
#1181=EDGE_LOOP('',(#2775,#2776,#2777,#2778));
#1182=EDGE_LOOP('',(#2779,#2780,#2781,#2782));
#1183=EDGE_LOOP('',(#2783,#2784,#2785,#2786));
#1184=EDGE_LOOP('',(#2787,#2788,#2789,#2790));
#1185=EDGE_LOOP('',(#2791,#2792,#2793,#2794));
#1186=EDGE_LOOP('',(#2795,#2796,#2797,#2798));
#1187=EDGE_LOOP('',(#2799,#2800,#2801,#2802));
#1188=EDGE_LOOP('',(#2803,#2804,#2805,#2806));
#1189=EDGE_LOOP('',(#2807,#2808,#2809,#2810));
#1190=EDGE_LOOP('',(#2811,#2812,#2813,#2814));
#1191=EDGE_LOOP('',(#2815,#2816,#2817,#2818));
#1192=EDGE_LOOP('',(#2819,#2820,#2821,#2822));
#1193=EDGE_LOOP('',(#2823,#2824,#2825,#2826));
#1194=EDGE_LOOP('',(#2827,#2828,#2829,#2830));
#1195=EDGE_LOOP('',(#2831,#2832,#2833,#2834));
#1196=EDGE_LOOP('',(#2835));
#1197=EDGE_LOOP('',(#2836));
#1198=EDGE_LOOP('',(#2837));
#1199=EDGE_LOOP('',(#2838));
#1200=EDGE_LOOP('',(#2839,#2840,#2841,#2842));
#1201=EDGE_LOOP('',(#2843,#2844,#2845,#2846));
#1202=EDGE_LOOP('',(#2847,#2848,#2849,#2850));
#1203=EDGE_LOOP('',(#2851,#2852,#2853,#2854));
#1204=EDGE_LOOP('',(#2855,#2856,#2857,#2858));
#1205=EDGE_LOOP('',(#2859,#2860,#2861,#2862));
#1206=EDGE_LOOP('',(#2863));
#1207=EDGE_LOOP('',(#2864));
#1208=EDGE_LOOP('',(#2865));
#1209=EDGE_LOOP('',(#2866));
#1210=EDGE_LOOP('',(#2867,#2868,#2869,#2870));
#1211=EDGE_LOOP('',(#2871,#2872,#2873,#2874,#2875,#2876));
#1212=EDGE_LOOP('',(#2877));
#1213=EDGE_LOOP('',(#2878,#2879,#2880,#2881));
#1214=EDGE_LOOP('',(#2882,#2883,#2884,#2885));
#1215=EDGE_LOOP('',(#2886));
#1216=EDGE_LOOP('',(#2887,#2888,#2889));
#1217=EDGE_LOOP('',(#2890,#2891,#2892));
#1218=EDGE_LOOP('',(#2893,#2894,#2895));
#1219=EDGE_LOOP('',(#2896,#2897,#2898));
#1220=EDGE_LOOP('',(#2899,#2900,#2901));
#1221=EDGE_LOOP('',(#2902,#2903,#2904));
#1222=EDGE_LOOP('',(#2905,#2906,#2907,#2908,#2909));
#1223=EDGE_LOOP('',(#2910,#2911,#2912,#2913,#2914));
#1224=EDGE_LOOP('',(#2915,#2916,#2917,#2918,#2919));
#1225=EDGE_LOOP('',(#2920,#2921,#2922,#2923,#2924));
#1226=EDGE_LOOP('',(#2925,#2926,#2927,#2928,#2929));
#1227=EDGE_LOOP('',(#2930,#2931,#2932,#2933,#2934,#2935));
#1228=EDGE_LOOP('',(#2936));
#1229=EDGE_LOOP('',(#2937,#2938,#2939,#2940,#2941));
#1230=EDGE_LOOP('',(#2942,#2943,#2944,#2945));
#1231=EDGE_LOOP('',(#2946,#2947,#2948,#2949));
#1232=EDGE_LOOP('',(#2950,#2951,#2952,#2953));
#1233=EDGE_LOOP('',(#2954));
#1234=EDGE_LOOP('',(#2955,#2956,#2957,#2958));
#1235=EDGE_LOOP('',(#2959,#2960,#2961,#2962));
#1236=EDGE_LOOP('',(#2963,#2964,#2965,#2966));
#1237=EDGE_LOOP('',(#2967,#2968,#2969,#2970,#2971));
#1238=EDGE_LOOP('',(#2972,#2973,#2974,#2975,#2976));
#1239=EDGE_LOOP('',(#2977,#2978,#2979,#2980));
#1240=EDGE_LOOP('',(#2981,#2982,#2983,#2984));
#1241=EDGE_LOOP('',(#2985,#2986,#2987,#2988));
#1242=EDGE_LOOP('',(#2989,#2990,#2991,#2992));
#1243=EDGE_LOOP('',(#2993,#2994,#2995,#2996));
#1244=EDGE_LOOP('',(#2997,#2998,#2999,#3000));
#1245=EDGE_LOOP('',(#3001,#3002,#3003,#3004));
#1246=EDGE_LOOP('',(#3005,#3006,#3007,#3008));
#1247=EDGE_LOOP('',(#3009,#3010,#3011,#3012,#3013));
#1248=EDGE_LOOP('',(#3014,#3015,#3016,#3017));
#1249=EDGE_LOOP('',(#3018,#3019,#3020,#3021));
#1250=EDGE_LOOP('',(#3022,#3023,#3024,#3025));
#1251=EDGE_LOOP('',(#3026,#3027,#3028,#3029));
#1252=EDGE_LOOP('',(#3030,#3031,#3032,#3033));
#1253=EDGE_LOOP('',(#3034,#3035,#3036,#3037));
#1254=EDGE_LOOP('',(#3038,#3039,#3040,#3041));
#1255=EDGE_LOOP('',(#3042,#3043,#3044,#3045));
#1256=EDGE_LOOP('',(#3046,#3047,#3048,#3049,#3050));
#1257=EDGE_LOOP('',(#3051,#3052,#3053,#3054));
#1258=EDGE_LOOP('',(#3055,#3056,#3057,#3058));
#1259=EDGE_LOOP('',(#3059,#3060,#3061,#3062));
#1260=EDGE_LOOP('',(#3063,#3064,#3065,#3066));
#1261=EDGE_LOOP('',(#3067,#3068,#3069,#3070,#3071,#3072));
#1262=EDGE_LOOP('',(#3073));
#1263=EDGE_LOOP('',(#3074,#3075,#3076,#3077,#3078,#3079));
#1264=EDGE_LOOP('',(#3080,#3081,#3082,#3083,#3084,#3085));
#1265=EDGE_LOOP('',(#3086));
#1266=EDGE_LOOP('',(#3087,#3088,#3089,#3090,#3091,#3092));
#1267=EDGE_LOOP('',(#3093,#3094,#3095,#3096));
#1268=EDGE_LOOP('',(#3097,#3098,#3099,#3100));
#1269=EDGE_LOOP('',(#3101));
#1270=EDGE_LOOP('',(#3102));
#1271=EDGE_LOOP('',(#3103,#3104,#3105,#3106));
#1272=EDGE_LOOP('',(#3107));
#1273=EDGE_LOOP('',(#3108));
#1274=EDGE_LOOP('',(#3109,#3110,#3111,#3112));
#1275=EDGE_LOOP('',(#3113));
#1276=EDGE_LOOP('',(#3114));
#1277=EDGE_LOOP('',(#3115,#3116,#3117,#3118));
#1278=EDGE_LOOP('',(#3119));
#1279=EDGE_LOOP('',(#3120));
#1280=EDGE_LOOP('',(#3121,#3122,#3123,#3124));
#1281=EDGE_LOOP('',(#3125));
#1282=EDGE_LOOP('',(#3126));
#1283=EDGE_LOOP('',(#3127,#3128,#3129,#3130));
#1284=EDGE_LOOP('',(#3131));
#1285=EDGE_LOOP('',(#3132));
#1286=EDGE_LOOP('',(#3133,#3134,#3135,#3136));
#1287=EDGE_LOOP('',(#3137));
#1288=EDGE_LOOP('',(#3138));
#1289=EDGE_LOOP('',(#3139,#3140,#3141,#3142));
#1290=EDGE_LOOP('',(#3143));
#1291=EDGE_LOOP('',(#3144));
#1292=EDGE_LOOP('',(#3145,#3146,#3147,#3148));
#1293=EDGE_LOOP('',(#3149,#3150,#3151,#3152,#3153));
#1294=EDGE_LOOP('',(#3154,#3155,#3156,#3157,#3158,#3159));
#1295=EDGE_LOOP('',(#3160));
#1296=EDGE_LOOP('',(#3161));
#1297=EDGE_LOOP('',(#3162,#3163,#3164,#3165,#3166));
#1298=EDGE_LOOP('',(#3167));
#1299=EDGE_LOOP('',(#3168));
#1300=EDGE_LOOP('',(#3169,#3170,#3171,#3172));
#1301=EDGE_LOOP('',(#3173,#3174,#3175,#3176));
#1302=EDGE_LOOP('',(#3177,#3178,#3179,#3180));
#1303=EDGE_LOOP('',(#3181,#3182,#3183,#3184));
#1304=EDGE_LOOP('',(#3185,#3186,#3187,#3188));
#1305=EDGE_LOOP('',(#3189,#3190,#3191,#3192,#3193,#3194,#3195,#3196,#3197));
#1306=EDGE_LOOP('',(#3198,#3199,#3200,#3201));
#1307=EDGE_LOOP('',(#3202,#3203,#3204,#3205,#3206,#3207,#3208,#3209,#3210));
#1308=EDGE_LOOP('',(#3211,#3212));
#1309=EDGE_LOOP('',(#3213,#3214));
#1310=EDGE_LOOP('',(#3215,#3216));
#1311=EDGE_LOOP('',(#3217,#3218));
#1312=EDGE_LOOP('',(#3219,#3220));
#1313=EDGE_LOOP('',(#3221,#3222));
#1314=EDGE_LOOP('',(#3223,#3224));
#1315=EDGE_LOOP('',(#3225,#3226));
#1316=EDGE_LOOP('',(#3227,#3228));
#1317=EDGE_LOOP('',(#3229,#3230));
#1318=EDGE_LOOP('',(#3231,#3232));
#1319=EDGE_LOOP('',(#3233,#3234));
#1320=EDGE_LOOP('',(#3235,#3236));
#1321=EDGE_LOOP('',(#3237,#3238));
#1322=EDGE_LOOP('',(#3239,#3240));
#1323=EDGE_LOOP('',(#3241,#3242));
#1324=EDGE_LOOP('',(#3243,#3244));
#1325=EDGE_LOOP('',(#3245,#3246));
#1326=EDGE_LOOP('',(#3247,#3248,#3249,#3250,#3251,#3252,#3253,#3254,#3255));
#1327=EDGE_LOOP('',(#3256,#3257,#3258,#3259));
#1328=EDGE_LOOP('',(#3260,#3261,#3262,#3263,#3264,#3265,#3266,#3267,#3268));
#1329=EDGE_LOOP('',(#3269,#3270,#3271,#3272));
#1330=EDGE_LOOP('',(#3273,#3274,#3275,#3276));
#1331=EDGE_LOOP('',(#3277,#3278,#3279,#3280));
#1332=EDGE_LOOP('',(#3281,#3282,#3283,#3284));
#1333=EDGE_LOOP('',(#3285,#3286,#3287,#3288));
#1334=EDGE_LOOP('',(#3289));
#1335=EDGE_LOOP('',(#3290));
#1336=EDGE_LOOP('',(#3291,#3292,#3293,#3294,#3295));
#1337=EDGE_LOOP('',(#3296));
#1338=EDGE_LOOP('',(#3297));
#1339=EDGE_LOOP('',(#3298,#3299,#3300,#3301,#3302,#3303));
#1340=EDGE_LOOP('',(#3304,#3305,#3306,#3307,#3308));
#1341=EDGE_LOOP('',(#3309,#3310,#3311,#3312));
#1342=EDGE_LOOP('',(#3313,#3314,#3315,#3316));
#1343=EDGE_LOOP('',(#3317,#3318,#3319,#3320));
#1344=EDGE_LOOP('',(#3321,#3322,#3323,#3324));
#1345=EDGE_LOOP('',(#3325,#3326,#3327,#3328));
#1346=EDGE_LOOP('',(#3329,#3330,#3331,#3332));
#1347=EDGE_LOOP('',(#3333,#3334,#3335,#3336));
#1348=EDGE_LOOP('',(#3337,#3338,#3339,#3340));
#1349=EDGE_LOOP('',(#3341,#3342,#3343,#3344));
#1350=EDGE_LOOP('',(#3345,#3346,#3347,#3348));
#1351=EDGE_LOOP('',(#3349,#3350,#3351,#3352,#3353,#3354,#3355,#3356));
#1352=EDGE_LOOP('',(#3357));
#1353=EDGE_LOOP('',(#3358));
#1354=EDGE_LOOP('',(#3359,#3360,#3361,#3362,#3363,#3364,#3365,#3366));
#1355=EDGE_LOOP('',(#3367));
#1356=EDGE_LOOP('',(#3368));
#1357=EDGE_LOOP('',(#3369,#3370,#3371,#3372,#3373));
#1358=EDGE_LOOP('',(#3374,#3375,#3376,#3377,#3378));
#1359=EDGE_LOOP('',(#3379));
#1360=EDGE_LOOP('',(#3380));
#1361=EDGE_LOOP('',(#3381,#3382,#3383,#3384,#3385));
#1362=EDGE_LOOP('',(#3386,#3387,#3388,#3389,#3390,#3391));
#1363=EDGE_LOOP('',(#3392));
#1364=EDGE_LOOP('',(#3393));
#1365=EDGE_LOOP('',(#3394,#3395,#3396,#3397,#3398));
#1366=EDGE_LOOP('',(#3399));
#1367=EDGE_LOOP('',(#3400));
#1368=EDGE_LOOP('',(#3401,#3402,#3403,#3404,#3405,#3406));
#1369=EDGE_LOOP('',(#3407));
#1370=EDGE_LOOP('',(#3408));
#1371=EDGE_LOOP('',(#3409,#3410,#3411,#3412));
#1372=EDGE_LOOP('',(#3413,#3414,#3415,#3416));
#1373=EDGE_LOOP('',(#3417,#3418,#3419,#3420));
#1374=EDGE_LOOP('',(#3421,#3422,#3423,#3424,#3425));
#1375=EDGE_LOOP('',(#3426,#3427,#3428,#3429,#3430));
#1376=EDGE_LOOP('',(#3431,#3432,#3433,#3434,#3435));
#1377=EDGE_LOOP('',(#3436,#3437,#3438,#3439));
#1378=EDGE_LOOP('',(#3440,#3441,#3442,#3443));
#1379=EDGE_LOOP('',(#3444,#3445,#3446,#3447,#3448));
#1380=EDGE_LOOP('',(#3449,#3450,#3451,#3452));
#1381=EDGE_LOOP('',(#3453,#3454,#3455,#3456));
#1382=EDGE_LOOP('',(#3457));
#1383=EDGE_LOOP('',(#3458));
#1384=EDGE_LOOP('',(#3459,#3460,#3461,#3462));
#1385=EDGE_LOOP('',(#3463));
#1386=EDGE_LOOP('',(#3464));
#1387=EDGE_LOOP('',(#3465,#3466,#3467,#3468));
#1388=EDGE_LOOP('',(#3469));
#1389=EDGE_LOOP('',(#3470));
#1390=EDGE_LOOP('',(#3471,#3472,#3473,#3474));
#1391=EDGE_LOOP('',(#3475));
#1392=EDGE_LOOP('',(#3476));
#1393=EDGE_LOOP('',(#3477,#3478,#3479,#3480));
#1394=EDGE_LOOP('',(#3481));
#1395=EDGE_LOOP('',(#3482));
#1396=EDGE_LOOP('',(#3483,#3484,#3485,#3486));
#1397=EDGE_LOOP('',(#3487));
#1398=EDGE_LOOP('',(#3488));
#1399=EDGE_LOOP('',(#3489,#3490,#3491,#3492));
#1400=EDGE_LOOP('',(#3493));
#1401=EDGE_LOOP('',(#3494));
#1402=EDGE_LOOP('',(#3495,#3496,#3497,#3498));
#1403=EDGE_LOOP('',(#3499,#3500,#3501,#3502,#3503,#3504));
#1404=EDGE_LOOP('',(#3505));
#1405=EDGE_LOOP('',(#3506));
#1406=EDGE_LOOP('',(#3507,#3508,#3509,#3510));
#1407=EDGE_LOOP('',(#3511));
#1408=EDGE_LOOP('',(#3512));
#1409=EDGE_LOOP('',(#3513,#3514,#3515,#3516));
#1410=EDGE_LOOP('',(#3517));
#1411=EDGE_LOOP('',(#3518));
#1412=CIRCLE('',#4009,4.);
#1413=CIRCLE('',#4011,4.);
#1414=CIRCLE('',#4013,4.);
#1415=CIRCLE('',#4015,4.);
#1416=CIRCLE('',#4017,28.535);
#1417=CIRCLE('',#4018,28.535);
#1418=CIRCLE('',#4019,26.985);
#1419=CIRCLE('',#4020,28.535);
#1420=CIRCLE('',#4022,4.);
#1421=CIRCLE('',#4023,4.);
#1422=CIRCLE('',#4025,61.25);
#1423=CIRCLE('',#4027,61.75);
#1424=CIRCLE('',#4028,61.75);
#1425=CIRCLE('',#4029,0.5);
#1426=CIRCLE('',#4031,61.75);
#1427=CIRCLE('',#4033,61.2500000000093);
#1428=CIRCLE('',#4034,0.5);
#1429=CIRCLE('',#4035,61.7500000000093);
#1430=CIRCLE('',#4036,61.7500000000093);
#1431=CIRCLE('',#4038,61.75);
#1432=CIRCLE('',#4040,46.);
#1433=CIRCLE('',#4042,45.);
#1434=CIRCLE('',#4043,1.);
#1435=CIRCLE('',#4044,46.);
#1436=CIRCLE('',#4045,46.);
#1437=CIRCLE('',#4049,50.);
#1438=CIRCLE('',#4051,50.);
#1439=CIRCLE('',#4055,4.);
#1440=CIRCLE('',#4056,4.);
#1441=CIRCLE('',#4058,4.);
#1442=CIRCLE('',#4060,4.);
#1443=CIRCLE('',#4061,4.);
#1444=CIRCLE('',#4063,4.);
#1445=CIRCLE('',#4065,28.535);
#1446=CIRCLE('',#4066,26.985);
#1447=CIRCLE('',#4067,28.535);
#1448=CIRCLE('',#4069,28.535);
#1449=CIRCLE('',#4070,4.);
#1450=CIRCLE('',#4071,9.5);
#1451=CIRCLE('',#4072,9.5);
#1452=CIRCLE('',#4073,28.535);
#1453=CIRCLE('',#4075,4.);
#1454=CIRCLE('',#4077,26.985);
#1455=CIRCLE('',#4078,9.50000000000001);
#1456=CIRCLE('',#4079,9.50000000000001);
#1457=CIRCLE('',#4090,0.85);
#1458=CIRCLE('',#4091,0.85);
#1459=CIRCLE('',#4093,0.85);
#1460=CIRCLE('',#4094,0.85);
#1461=CIRCLE('',#4097,7.55);
#1462=CIRCLE('',#4098,7.55);
#1463=CIRCLE('',#4102,8.85331226700773);
#1464=CIRCLE('',#4103,8.85331226700773);
#1465=CIRCLE('',#4105,9.08333333333333);
#1466=CIRCLE('',#4106,9.08333333333333);
#1467=CIRCLE('',#4108,8.85331226700773);
#1468=CIRCLE('',#4109,8.85331226700773);
#1469=CIRCLE('',#4116,4.99999999999999);
#1470=CIRCLE('',#4117,5.);
#1471=CIRCLE('',#4121,8.);
#1472=CIRCLE('',#4123,8.);
#1473=CIRCLE('',#4129,4.99999999999999);
#1474=CIRCLE('',#4130,5.);
#1475=CIRCLE('',#4134,8.);
#1476=CIRCLE('',#4136,8.);
#1477=CIRCLE('',#4143,5.);
#1478=CIRCLE('',#4144,5.);
#1479=CIRCLE('',#4145,5.);
#1480=CIRCLE('',#4146,5.);
#1481=CIRCLE('',#4149,5.);
#1482=CIRCLE('',#4151,5.);
#1483=CIRCLE('',#4153,5.);
#1484=CIRCLE('',#4155,5.);
#1485=CIRCLE('',#4160,4.85);
#1486=CIRCLE('',#4161,0.4);
#1487=CIRCLE('',#4162,4.45);
#1488=CIRCLE('',#4165,4.45);
#1489=CIRCLE('',#4167,6.);
#1490=CIRCLE('',#4168,6.);
#1491=CIRCLE('',#4171,7.99999999999999);
#1492=CIRCLE('',#4173,7.99999999999999);
#1493=CIRCLE('',#4175,7.99999999999999);
#1494=CIRCLE('',#4177,7.99999999999999);
#1495=CIRCLE('',#4179,7.99999999999999);
#1496=CIRCLE('',#4181,7.99999999999999);
#1497=CIRCLE('',#4190,5.);
#1498=CIRCLE('',#4192,5.);
#1499=CIRCLE('',#4194,4.25);
#1500=CIRCLE('',#4213,5.);
#1501=CIRCLE('',#4217,8.);
#1502=CIRCLE('',#4225,4.99999999999999);
#1503=CIRCLE('',#4229,8.);
#1504=CIRCLE('',#4235,0.100677573119429);
#1505=CIRCLE('',#4236,0.100677573119518);
#1506=CIRCLE('',#4237,24.05);
#1507=CIRCLE('',#4239,0.100677573119429);
#1508=CIRCLE('',#4241,0.100677573119518);
#1509=CIRCLE('',#4242,24.05);
#1510=CIRCLE('',#4248,21.);
#1511=CIRCLE('',#4249,20.);
#1512=CIRCLE('',#4251,20.);
#1513=CIRCLE('',#4253,24.);
#1514=CIRCLE('',#4255,24.);
#1515=CIRCLE('',#4257,20.);
#1516=CIRCLE('',#4259,20.);
#1517=CIRCLE('',#4261,21.);
#1518=CIRCLE('',#4263,21.);
#1519=CIRCLE('',#4265,20.);
#1520=CIRCLE('',#4267,20.);
#1521=CIRCLE('',#4269,17.);
#1522=CIRCLE('',#4271,17.);
#1523=CIRCLE('',#4273,20.);
#1524=CIRCLE('',#4275,20.);
#1525=CIRCLE('',#4277,21.);
#1526=CIRCLE('',#4281,9.1);
#1527=CIRCLE('',#4282,0.6);
#1528=CIRCLE('',#4283,8.5);
#1529=CIRCLE('',#4284,8.5);
#1530=CIRCLE('',#4286,8.5);
#1531=CIRCLE('',#4287,8.5);
#1532=CIRCLE('',#4289,10.8);
#1533=CIRCLE('',#4291,0.6);
#1534=CIRCLE('',#4292,9.1);
#1535=CIRCLE('',#4294,12.18);
#1536=CIRCLE('',#4296,3.45);
#1537=CIRCLE('',#4297,12.18);
#1538=CIRCLE('',#4298,3.45);
#1539=CIRCLE('',#4299,10.8);
#1540=CIRCLE('',#4301,3.45);
#1541=CIRCLE('',#4302,12.18);
#1542=CIRCLE('',#4303,10.8);
#1543=CIRCLE('',#4305,3.45);
#1544=CIRCLE('',#4306,12.18);
#1545=CIRCLE('',#4307,10.8);
#1546=CIRCLE('',#4309,3.45);
#1547=CIRCLE('',#4310,12.18);
#1548=CIRCLE('',#4311,10.8);
#1549=CIRCLE('',#4313,3.45);
#1550=CIRCLE('',#4314,10.8);
#1551=CIRCLE('',#4315,12.18);
#1552=CIRCLE('',#4317,12.18);
#1553=CIRCLE('',#4319,10.8);
#1554=CIRCLE('',#4322,3.45);
#1555=CIRCLE('',#4323,3.45);
#1556=CIRCLE('',#4324,3.45);
#1557=CIRCLE('',#4326,3.45);
#1558=CIRCLE('',#4327,3.45);
#1559=CIRCLE('',#4328,3.45);
#1560=CIRCLE('',#4330,3.45);
#1561=CIRCLE('',#4331,3.45);
#1562=CIRCLE('',#4332,3.45);
#1563=CIRCLE('',#4334,3.45);
#1564=CIRCLE('',#4335,3.45);
#1565=CIRCLE('',#4336,3.45);
#1566=CIRCLE('',#4338,3.45);
#1567=CIRCLE('',#4339,3.45);
#1568=CIRCLE('',#4340,3.45);
#1569=CIRCLE('',#4342,3.45);
#1570=CIRCLE('',#4343,3.45);
#1571=CIRCLE('',#4344,3.45);
#1572=CIRCLE('',#4346,16.32);
#1573=CIRCLE('',#4347,16.32);
#1574=CIRCLE('',#4348,16.32);
#1575=CIRCLE('',#4349,16.32);
#1576=CIRCLE('',#4350,16.32);
#1577=CIRCLE('',#4351,16.32);
#1578=CIRCLE('',#4352,16.32);
#1579=CIRCLE('',#4354,3.45);
#1580=CIRCLE('',#4355,3.45);
#1581=CIRCLE('',#4356,17.7);
#1582=CIRCLE('',#4358,17.7);
#1583=CIRCLE('',#4359,17.7);
#1584=CIRCLE('',#4360,17.7);
#1585=CIRCLE('',#4361,17.7);
#1586=CIRCLE('',#4362,17.7);
#1587=CIRCLE('',#4363,17.7);
#1588=CIRCLE('',#4365,3.45);
#1589=CIRCLE('',#4367,3.45);
#1590=CIRCLE('',#4369,3.45);
#1591=CIRCLE('',#4371,3.45);
#1592=CIRCLE('',#4374,19.4);
#1593=CIRCLE('',#4376,0.6);
#1594=CIRCLE('',#4377,20.);
#1595=CIRCLE('',#4378,20.);
#1596=CIRCLE('',#4380,19.4);
#1597=CIRCLE('',#4382,20.);
#1598=CIRCLE('',#4383,20.);
#1599=CIRCLE('',#4385,0.6);
#1600=CIRCLE('',#4388,1.25);
#1601=CIRCLE('',#4389,1.25);
#1602=CIRCLE('',#4391,1.25);
#1603=CIRCLE('',#4392,1.25);
#1604=CIRCLE('',#4394,2.25);
#1605=CIRCLE('',#4395,2.25);
#1606=CIRCLE('',#4398,18.9277777777778);
#1607=CIRCLE('',#4399,18.9277777777778);
#1608=CIRCLE('',#4402,2.25);
#1609=CIRCLE('',#4403,2.25);
#1610=CIRCLE('',#4406,21.2);
#1611=CIRCLE('',#4407,21.2);
#1612=CIRCLE('',#4413,18.75);
#1613=CIRCLE('',#4414,0.3);
#1614=CIRCLE('',#4415,18.45);
#1615=CIRCLE('',#4416,18.75);
#1616=CIRCLE('',#4418,18.75);
#1617=CIRCLE('',#4420,11.09);
#1618=CIRCLE('',#4422,20.);
#1619=CIRCLE('',#4423,20.);
#1620=CIRCLE('',#4424,0.3);
#1621=CIRCLE('',#4425,19.7);
#1622=CIRCLE('',#4427,20.);
#1623=CIRCLE('',#4428,20.);
#1624=CIRCLE('',#4430,10.6);
#1625=CIRCLE('',#4432,19.7);
#1626=CIRCLE('',#4433,0.3);
#1627=CIRCLE('',#4436,10.6);
#1628=CIRCLE('',#4437,10.6);
#1629=CIRCLE('',#4438,0.7);
#1630=CIRCLE('',#4439,10.6);
#1631=CIRCLE('',#4440,10.6);
#1632=CIRCLE('',#4442,10.6);
#1633=CIRCLE('',#4443,9.375);
#1634=CIRCLE('',#4445,8.5);
#1635=CIRCLE('',#4447,10.25);
#1636=CIRCLE('',#4453,3.);
#1637=CIRCLE('',#4457,3.);
#1638=CIRCLE('',#4460,8.49999999999993);
#1639=CIRCLE('',#4461,8.49999999999991);
#1640=CIRCLE('',#4463,8.19999999999996);
#1641=CIRCLE('',#4465,8.19999999999999);
#1642=CIRCLE('',#4467,8.49999999999999);
#1643=CIRCLE('',#4469,8.50000000000001);
#1644=CIRCLE('',#4471,7.5);
#1645=CIRCLE('',#4473,7.5);
#1646=CIRCLE('',#4475,8.50000000000001);
#1647=CIRCLE('',#4477,8.50000000000001);
#1648=CIRCLE('',#4479,8.2);
#1649=CIRCLE('',#4481,8.20000000000001);
#1650=CIRCLE('',#4483,10.);
#1651=CIRCLE('',#4485,10.);
#1652=CIRCLE('',#4487,9.5);
#1653=CIRCLE('',#4489,9.50000000000001);
#1654=CIRCLE('',#4492,4.9999999999999);
#1655=CIRCLE('',#4494,4.9999999999999);
#1656=CIRCLE('',#4496,8.19999999999995);
#1657=CIRCLE('',#4498,8.19999999999996);
#1658=B_SPLINE_CURVE_WITH_KNOTS('',3,(#5766,#5767,#5768,#5769,#5770,#5771,
#5772,#5773,#5774,#5775,#5776,#5777,#5778,#5779,#5780,#5781,#5782,#5783),
 .UNSPECIFIED.,.F.,.F.,(4,2,2,2,2,2,2,2,4),(1.89680589165935,1.98629561494332,
2.12817387315356,2.2700521313638,2.33915808901787,2.40826404667194,2.55014230488218,
2.69202056309241,2.78151028637638),.UNSPECIFIED.);
#1659=B_SPLINE_CURVE_WITH_KNOTS('',3,(#5787,#5788,#5789,#5790,#5791,#5792),
 .UNSPECIFIED.,.F.,.F.,(4,2,4),(0.957761712911109,1.64444017584287,2.33177652198477),
 .UNSPECIFIED.);
#1660=B_SPLINE_CURVE_WITH_KNOTS('',3,(#5795,#5796,#5797,#5798,#5799,#5800),
 .UNSPECIFIED.,.F.,.F.,(4,2,4),(0.957103829700962,1.64444017584287,2.33111863877463),
 .UNSPECIFIED.);
#1661=B_SPLINE_CURVE_WITH_KNOTS('',3,(#5804,#5805,#5806,#5807,#5808,#5809,
#5810,#5811,#5812,#5813,#5814,#5815,#5816,#5817,#5818,#5819,#5820,#5821),
 .UNSPECIFIED.,.F.,.F.,(4,2,2,2,2,2,2,2,4),(1.89772955744542,1.99306167267479,
2.13542322072299,2.27778476877119,2.34465713142314,2.4168318549562,2.55818733471659,
2.69954281447697,2.78246989754254),.UNSPECIFIED.);
#1662=B_SPLINE_CURVE_WITH_KNOTS('',3,(#5825,#5826,#5827,#5828,#5829,#5830),
 .UNSPECIFIED.,.F.,.F.,(4,2,4),(0.957761712911109,1.64444017584287,2.33177652198477),
 .UNSPECIFIED.);
#1663=B_SPLINE_CURVE_WITH_KNOTS('',3,(#5833,#5834,#5835,#5836,#5837,#5838),
 .UNSPECIFIED.,.F.,.F.,(4,2,4),(0.957103829700962,1.64444017584287,2.33111863877463),
 .UNSPECIFIED.);
#1664=B_SPLINE_CURVE_WITH_KNOTS('',3,(#5844,#5845,#5846,#5847,#5848,#5849),
 .UNSPECIFIED.,.F.,.F.,(4,2,4),(0.961748299919755,1.87030697978026,3.26972252798531),
 .UNSPECIFIED.);
#1665=B_SPLINE_CURVE_WITH_KNOTS('',3,(#5853,#5854,#5855,#5856,#5857,#5858),
 .UNSPECIFIED.,.F.,.F.,(4,2,4),(0.958560952411736,2.35797650061679,3.26653518047729),
 .UNSPECIFIED.);
#1666=B_SPLINE_CURVE_WITH_KNOTS('',3,(#5916,#5917,#5918,#5919,#5920,#5921,
#5922,#5923,#5924,#5925,#5926,#5927,#5928,#5929,#5930,#5931,#5932,#5933,
#5934,#5935),.UNSPECIFIED.,.F.,.F.,(4,2,2,2,2,2,2,2,2,4),(1.89575940080953,
1.96503822995132,2.10539810351927,2.24575797708722,2.32631698774551,2.37297764001509,
2.47031459213299,2.56765154425089,2.76232544848669,2.76410711675575),
 .UNSPECIFIED.);
#1667=B_SPLINE_CURVE_WITH_KNOTS('',3,(#5943,#5944,#5945,#5946,#5947,#5948),
 .UNSPECIFIED.,.F.,.F.,(4,2,4),(0.957045390604571,1.64431806134174,2.33096163312155),
 .UNSPECIFIED.);
#1668=B_SPLINE_CURVE_WITH_KNOTS('',3,(#5950,#5951,#5952,#5953,#5954,#5955),
 .UNSPECIFIED.,.F.,.F.,(4,2,4),(0.957674489561922,1.64431806134174,2.3315907320789),
 .UNSPECIFIED.);
#1669=B_SPLINE_CURVE_WITH_KNOTS('',3,(#5960,#5961,#5962,#5963,#5964,#5965,
#5966,#5967,#5968,#5969,#5970,#5971,#5972,#5973,#5974,#5975,#5976,#5977,
#5978,#5979),.UNSPECIFIED.,.F.,.F.,(4,2,2,2,2,2,2,2,2,4),(1.89638682508284,
1.89816849335189,2.09284239758769,2.1901793497056,2.2875163018235,2.33417695409307,
2.41473596475137,2.55509583831932,2.69545571188728,2.76473454102905),
 .UNSPECIFIED.);
#1670=B_SPLINE_CURVE_WITH_KNOTS('',3,(#5987,#5988,#5989,#5990,#5991,#5992),
 .UNSPECIFIED.,.F.,.F.,(4,2,4),(0.957674489561922,1.64431806134174,2.3315907320789),
 .UNSPECIFIED.);
#1671=B_SPLINE_CURVE_WITH_KNOTS('',3,(#5995,#5996,#5997,#5998,#5999,#6000),
 .UNSPECIFIED.,.F.,.F.,(4,2,4),(0.957045390604572,1.64431806134174,2.33096163312155),
 .UNSPECIFIED.);
#1672=B_SPLINE_CURVE_WITH_KNOTS('',3,(#6005,#6006,#6007,#6008,#6009,#6010),
 .UNSPECIFIED.,.F.,.F.,(4,2,4),(0.962019665329437,1.89257133851309,3.30678421737938),
 .UNSPECIFIED.);
#1673=B_SPLINE_CURVE_WITH_KNOTS('',3,(#6037,#6038,#6039,#6040,#6041,#6042),
 .UNSPECIFIED.,.F.,.F.,(4,2,4),(0.958772849503287,2.37298572836958,3.30353740155323),
 .UNSPECIFIED.);
#1674=B_SPLINE_CURVE_WITH_KNOTS('',3,(#6430,#6431,#6432,#6433,#6434,#6435),
 .UNSPECIFIED.,.F.,.F.,(4,1,1,4),(1.5707963267949,2.24399475256414,2.69279370307697,
3.14159265358979),.UNSPECIFIED.);
#1675=B_SPLINE_CURVE_WITH_KNOTS('',3,(#6462,#6463,#6464,#6465,#6466,#6467,
#6468,#6469,#6470,#6471),.UNSPECIFIED.,.F.,.F.,(4,3,3,4),(1.5707963267949,
2.01959527730772,2.46839422782055,3.14159265358979),.UNSPECIFIED.);
#1676=B_SPLINE_CURVE_WITH_KNOTS('',3,(#6540,#6541,#6542,#6543,#6544,#6545),
 .UNSPECIFIED.,.F.,.F.,(4,1,1,4),(1.5707963267949,2.24399475256414,2.69279370307697,
3.14159265358979),.UNSPECIFIED.);
#1677=B_SPLINE_CURVE_WITH_KNOTS('',3,(#6608,#6609,#6610,#6611,#6612,#6613,
#6614,#6615,#6616,#6617),.UNSPECIFIED.,.F.,.F.,(4,3,3,4),(1.5707963267949,
2.01959527730772,2.46839422782055,3.14159265358979),.UNSPECIFIED.);
#1678=B_SPLINE_CURVE_WITH_KNOTS('',3,(#7027,#7028,#7029,#7030,#7031,#7032,
#7033,#7034,#7035,#7036),.UNSPECIFIED.,.F.,.F.,(4,2,2,2,4),(-0.910821190995469,
-0.796947513726752,-0.683073836458035,-0.569242215977885,-0.455410595497735),
 .UNSPECIFIED.);
#1679=B_SPLINE_CURVE_WITH_KNOTS('',3,(#7043,#7044,#7045,#7046,#7047,#7048,
#7049,#7050,#7051,#7052),.UNSPECIFIED.,.F.,.F.,(4,2,2,2,4),(-0.455410595497735,
-0.341578975017584,-0.227747354537434,-0.113873677268717,0.),
 .UNSPECIFIED.);
#1680=B_SPLINE_CURVE_WITH_KNOTS('',3,(#7067,#7068,#7069,#7070,#7071,#7072,
#7073,#7074,#7075,#7076),.UNSPECIFIED.,.F.,.F.,(4,2,2,2,4),(0.455410595497735,
0.569242215977885,0.683073836458035,0.796947513726752,0.910821190995469),
 .UNSPECIFIED.);
#1681=B_SPLINE_CURVE_WITH_KNOTS('',3,(#7077,#7078,#7079,#7080,#7081,#7082,
#7083,#7084,#7085,#7086),.UNSPECIFIED.,.F.,.F.,(4,2,2,2,4),(0.,0.113873677268717,
0.227747354537434,0.341578975017584,0.455410595497735),.UNSPECIFIED.);
#1682=VERTEX_POINT('',#5764);
#1683=VERTEX_POINT('',#5765);
#1684=VERTEX_POINT('',#5786);
#1685=VERTEX_POINT('',#5793);
#1686=VERTEX_POINT('',#5802);
#1687=VERTEX_POINT('',#5803);
#1688=VERTEX_POINT('',#5824);
#1689=VERTEX_POINT('',#5831);
#1690=VERTEX_POINT('',#5841);
#1691=VERTEX_POINT('',#5843);
#1692=VERTEX_POINT('',#5850);
#1693=VERTEX_POINT('',#5852);
#1694=VERTEX_POINT('',#5864);
#1695=VERTEX_POINT('',#5867);
#1696=VERTEX_POINT('',#5868);
#1697=VERTEX_POINT('',#5873);
#1698=VERTEX_POINT('',#5877);
#1699=VERTEX_POINT('',#5879);
#1700=VERTEX_POINT('',#5881);
#1701=VERTEX_POINT('',#5885);
#1702=VERTEX_POINT('',#5889);
#1703=VERTEX_POINT('',#5892);
#1704=VERTEX_POINT('',#5894);
#1705=VERTEX_POINT('',#5896);
#1706=VERTEX_POINT('',#5903);
#1707=VERTEX_POINT('',#5907);
#1708=VERTEX_POINT('',#5914);
#1709=VERTEX_POINT('',#5915);
#1710=VERTEX_POINT('',#5936);
#1711=VERTEX_POINT('',#5938);
#1712=VERTEX_POINT('',#5942);
#1713=VERTEX_POINT('',#5949);
#1714=VERTEX_POINT('',#5958);
#1715=VERTEX_POINT('',#5959);
#1716=VERTEX_POINT('',#5980);
#1717=VERTEX_POINT('',#5982);
#1718=VERTEX_POINT('',#5986);
#1719=VERTEX_POINT('',#5993);
#1720=VERTEX_POINT('',#6002);
#1721=VERTEX_POINT('',#6004);
#1722=VERTEX_POINT('',#6011);
#1723=VERTEX_POINT('',#6013);
#1724=VERTEX_POINT('',#6017);
#1725=VERTEX_POINT('',#6020);
#1726=VERTEX_POINT('',#6022);
#1727=VERTEX_POINT('',#6024);
#1728=VERTEX_POINT('',#6026);
#1729=VERTEX_POINT('',#6028);
#1730=VERTEX_POINT('',#6030);
#1731=VERTEX_POINT('',#6032);
#1732=VERTEX_POINT('',#6036);
#1733=VERTEX_POINT('',#6045);
#1734=VERTEX_POINT('',#6047);
#1735=VERTEX_POINT('',#6049);
#1736=VERTEX_POINT('',#6051);
#1737=VERTEX_POINT('',#6053);
#1738=VERTEX_POINT('',#6055);
#1739=VERTEX_POINT('',#6057);
#1740=VERTEX_POINT('',#6077);
#1741=VERTEX_POINT('',#6079);
#1742=VERTEX_POINT('',#6083);
#1743=VERTEX_POINT('',#6085);
#1744=VERTEX_POINT('',#6089);
#1745=VERTEX_POINT('',#6090);
#1746=VERTEX_POINT('',#6092);
#1747=VERTEX_POINT('',#6094);
#1748=VERTEX_POINT('',#6098);
#1749=VERTEX_POINT('',#6100);
#1750=VERTEX_POINT('',#6104);
#1751=VERTEX_POINT('',#6106);
#1752=VERTEX_POINT('',#6110);
#1753=VERTEX_POINT('',#6112);
#1754=VERTEX_POINT('',#6116);
#1755=VERTEX_POINT('',#6118);
#1756=VERTEX_POINT('',#6122);
#1757=VERTEX_POINT('',#6124);
#1758=VERTEX_POINT('',#6128);
#1759=VERTEX_POINT('',#6130);
#1760=VERTEX_POINT('',#6141);
#1761=VERTEX_POINT('',#6142);
#1762=VERTEX_POINT('',#6144);
#1763=VERTEX_POINT('',#6146);
#1764=VERTEX_POINT('',#6150);
#1765=VERTEX_POINT('',#6152);
#1766=VERTEX_POINT('',#6154);
#1767=VERTEX_POINT('',#6158);
#1768=VERTEX_POINT('',#6160);
#1769=VERTEX_POINT('',#6165);
#1770=VERTEX_POINT('',#6169);
#1771=VERTEX_POINT('',#6173);
#1772=VERTEX_POINT('',#6182);
#1773=VERTEX_POINT('',#6183);
#1774=VERTEX_POINT('',#6185);
#1775=VERTEX_POINT('',#6187);
#1776=VERTEX_POINT('',#6191);
#1777=VERTEX_POINT('',#6193);
#1778=VERTEX_POINT('',#6195);
#1779=VERTEX_POINT('',#6199);
#1780=VERTEX_POINT('',#6201);
#1781=VERTEX_POINT('',#6206);
#1782=VERTEX_POINT('',#6210);
#1783=VERTEX_POINT('',#6214);
#1784=VERTEX_POINT('',#6227);
#1785=VERTEX_POINT('',#6229);
#1786=VERTEX_POINT('',#6231);
#1787=VERTEX_POINT('',#6233);
#1788=VERTEX_POINT('',#6238);
#1789=VERTEX_POINT('',#6242);
#1790=VERTEX_POINT('',#6246);
#1791=VERTEX_POINT('',#6250);
#1792=VERTEX_POINT('',#6257);
#1793=VERTEX_POINT('',#6259);
#1794=VERTEX_POINT('',#6263);
#1795=VERTEX_POINT('',#6264);
#1796=VERTEX_POINT('',#6266);
#1797=VERTEX_POINT('',#6268);
#1798=VERTEX_POINT('',#6270);
#1799=VERTEX_POINT('',#6272);
#1800=VERTEX_POINT('',#6276);
#1801=VERTEX_POINT('',#6280);
#1802=VERTEX_POINT('',#6282);
#1803=VERTEX_POINT('',#6287);
#1804=VERTEX_POINT('',#6288);
#1805=VERTEX_POINT('',#6292);
#1806=VERTEX_POINT('',#6298);
#1807=VERTEX_POINT('',#6299);
#1808=VERTEX_POINT('',#6308);
#1809=VERTEX_POINT('',#6309);
#1810=VERTEX_POINT('',#6318);
#1811=VERTEX_POINT('',#6319);
#1812=VERTEX_POINT('',#6328);
#1813=VERTEX_POINT('',#6329);
#1814=VERTEX_POINT('',#6338);
#1815=VERTEX_POINT('',#6360);
#1816=VERTEX_POINT('',#6364);
#1817=VERTEX_POINT('',#6368);
#1818=VERTEX_POINT('',#6380);
#1819=VERTEX_POINT('',#6381);
#1820=VERTEX_POINT('',#6383);
#1821=VERTEX_POINT('',#6385);
#1822=VERTEX_POINT('',#6389);
#1823=VERTEX_POINT('',#6390);
#1824=VERTEX_POINT('',#6392);
#1825=VERTEX_POINT('',#6394);
#1826=VERTEX_POINT('',#6398);
#1827=VERTEX_POINT('',#6426);
#1828=VERTEX_POINT('',#6428);
#1829=VERTEX_POINT('',#6461);
#1830=VERTEX_POINT('',#6472);
#1831=VERTEX_POINT('',#6476);
#1832=VERTEX_POINT('',#6485);
#1833=VERTEX_POINT('',#6486);
#1834=VERTEX_POINT('',#6488);
#1835=VERTEX_POINT('',#6490);
#1836=VERTEX_POINT('',#6494);
#1837=VERTEX_POINT('',#6495);
#1838=VERTEX_POINT('',#6497);
#1839=VERTEX_POINT('',#6499);
#1840=VERTEX_POINT('',#6504);
#1841=VERTEX_POINT('',#6508);
#1842=VERTEX_POINT('',#6536);
#1843=VERTEX_POINT('',#6538);
#1844=VERTEX_POINT('',#6547);
#1845=VERTEX_POINT('',#6556);
#1846=VERTEX_POINT('',#6557);
#1847=VERTEX_POINT('',#6559);
#1848=VERTEX_POINT('',#6561);
#1849=VERTEX_POINT('',#6565);
#1850=VERTEX_POINT('',#6567);
#1851=VERTEX_POINT('',#6569);
#1852=VERTEX_POINT('',#6573);
#1853=VERTEX_POINT('',#6575);
#1854=VERTEX_POINT('',#6579);
#1855=VERTEX_POINT('',#6607);
#1856=VERTEX_POINT('',#6618);
#1857=VERTEX_POINT('',#6622);
#1858=VERTEX_POINT('',#6634);
#1859=VERTEX_POINT('',#6641);
#1860=VERTEX_POINT('',#6649);
#1861=VERTEX_POINT('',#6651);
#1862=VERTEX_POINT('',#6654);
#1863=VERTEX_POINT('',#6658);
#1864=VERTEX_POINT('',#6661);
#1865=VERTEX_POINT('',#6665);
#1866=VERTEX_POINT('',#6668);
#1867=VERTEX_POINT('',#6672);
#1868=VERTEX_POINT('',#6675);
#1869=VERTEX_POINT('',#6679);
#1870=VERTEX_POINT('',#6682);
#1871=VERTEX_POINT('',#6686);
#1872=VERTEX_POINT('',#6689);
#1873=VERTEX_POINT('',#6693);
#1874=VERTEX_POINT('',#6696);
#1875=VERTEX_POINT('',#6700);
#1876=VERTEX_POINT('',#6706);
#1877=VERTEX_POINT('',#6708);
#1878=VERTEX_POINT('',#6710);
#1879=VERTEX_POINT('',#6714);
#1880=VERTEX_POINT('',#6715);
#1881=VERTEX_POINT('',#6720);
#1882=VERTEX_POINT('',#6723);
#1883=VERTEX_POINT('',#6727);
#1884=VERTEX_POINT('',#6730);
#1885=VERTEX_POINT('',#6731);
#1886=VERTEX_POINT('',#6733);
#1887=VERTEX_POINT('',#6735);
#1888=VERTEX_POINT('',#6739);
#1889=VERTEX_POINT('',#6740);
#1890=VERTEX_POINT('',#6745);
#1891=VERTEX_POINT('',#6746);
#1892=VERTEX_POINT('',#6751);
#1893=VERTEX_POINT('',#6752);
#1894=VERTEX_POINT('',#6757);
#1895=VERTEX_POINT('',#6758);
#1896=VERTEX_POINT('',#6770);
#1897=VERTEX_POINT('',#6771);
#1898=VERTEX_POINT('',#6773);
#1899=VERTEX_POINT('',#6774);
#1900=VERTEX_POINT('',#6776);
#1901=VERTEX_POINT('',#6777);
#1902=VERTEX_POINT('',#6780);
#1903=VERTEX_POINT('',#6781);
#1904=VERTEX_POINT('',#6783);
#1905=VERTEX_POINT('',#6784);
#1906=VERTEX_POINT('',#6786);
#1907=VERTEX_POINT('',#6787);
#1908=VERTEX_POINT('',#6790);
#1909=VERTEX_POINT('',#6791);
#1910=VERTEX_POINT('',#6793);
#1911=VERTEX_POINT('',#6794);
#1912=VERTEX_POINT('',#6796);
#1913=VERTEX_POINT('',#6797);
#1914=VERTEX_POINT('',#6800);
#1915=VERTEX_POINT('',#6801);
#1916=VERTEX_POINT('',#6803);
#1917=VERTEX_POINT('',#6804);
#1918=VERTEX_POINT('',#6806);
#1919=VERTEX_POINT('',#6807);
#1920=VERTEX_POINT('',#6810);
#1921=VERTEX_POINT('',#6811);
#1922=VERTEX_POINT('',#6813);
#1923=VERTEX_POINT('',#6814);
#1924=VERTEX_POINT('',#6816);
#1925=VERTEX_POINT('',#6817);
#1926=VERTEX_POINT('',#6820);
#1927=VERTEX_POINT('',#6821);
#1928=VERTEX_POINT('',#6823);
#1929=VERTEX_POINT('',#6824);
#1930=VERTEX_POINT('',#6826);
#1931=VERTEX_POINT('',#6827);
#1932=VERTEX_POINT('',#6830);
#1933=VERTEX_POINT('',#6832);
#1934=VERTEX_POINT('',#6834);
#1935=VERTEX_POINT('',#6836);
#1936=VERTEX_POINT('',#6838);
#1937=VERTEX_POINT('',#6840);
#1938=VERTEX_POINT('',#6842);
#1939=VERTEX_POINT('',#6846);
#1940=VERTEX_POINT('',#6848);
#1941=VERTEX_POINT('',#6852);
#1942=VERTEX_POINT('',#6853);
#1943=VERTEX_POINT('',#6856);
#1944=VERTEX_POINT('',#6858);
#1945=VERTEX_POINT('',#6861);
#1946=VERTEX_POINT('',#6874);
#1947=VERTEX_POINT('',#6877);
#1948=VERTEX_POINT('',#6879);
#1949=VERTEX_POINT('',#6883);
#1950=VERTEX_POINT('',#6886);
#1951=VERTEX_POINT('',#6888);
#1952=VERTEX_POINT('',#6895);
#1953=VERTEX_POINT('',#6897);
#1954=VERTEX_POINT('',#6901);
#1955=VERTEX_POINT('',#6903);
#1956=VERTEX_POINT('',#6907);
#1957=VERTEX_POINT('',#6908);
#1958=VERTEX_POINT('',#6910);
#1959=VERTEX_POINT('',#6912);
#1960=VERTEX_POINT('',#6916);
#1961=VERTEX_POINT('',#6918);
#1962=VERTEX_POINT('',#6922);
#1963=VERTEX_POINT('',#6924);
#1964=VERTEX_POINT('',#6928);
#1965=VERTEX_POINT('',#6930);
#1966=VERTEX_POINT('',#6934);
#1967=VERTEX_POINT('',#6936);
#1968=VERTEX_POINT('',#6940);
#1969=VERTEX_POINT('',#6942);
#1970=VERTEX_POINT('',#6946);
#1971=VERTEX_POINT('',#6948);
#1972=VERTEX_POINT('',#6958);
#1973=VERTEX_POINT('',#6959);
#1974=VERTEX_POINT('',#6961);
#1975=VERTEX_POINT('',#6966);
#1976=VERTEX_POINT('',#6970);
#1977=VERTEX_POINT('',#6973);
#1978=VERTEX_POINT('',#6974);
#1979=VERTEX_POINT('',#6977);
#1980=VERTEX_POINT('',#6981);
#1981=VERTEX_POINT('',#6982);
#1982=VERTEX_POINT('',#6987);
#1983=VERTEX_POINT('',#6990);
#1984=VERTEX_POINT('',#6995);
#1985=VERTEX_POINT('',#6996);
#1986=VERTEX_POINT('',#6999);
#1987=VERTEX_POINT('',#7001);
#1988=VERTEX_POINT('',#7005);
#1989=VERTEX_POINT('',#7007);
#1990=VERTEX_POINT('',#7010);
#1991=VERTEX_POINT('',#7014);
#1992=VERTEX_POINT('',#7025);
#1993=VERTEX_POINT('',#7026);
#1994=VERTEX_POINT('',#7037);
#1995=VERTEX_POINT('',#7039);
#1996=VERTEX_POINT('',#7041);
#1997=VERTEX_POINT('',#7054);
#1998=VERTEX_POINT('',#7056);
#1999=VERTEX_POINT('',#7060);
#2000=VERTEX_POINT('',#7062);
#2001=VERTEX_POINT('',#7066);
#2002=VERTEX_POINT('',#7090);
#2003=VERTEX_POINT('',#7092);
#2004=VERTEX_POINT('',#7096);
#2005=VERTEX_POINT('',#7099);
#2006=VERTEX_POINT('',#7103);
#2007=VERTEX_POINT('',#7106);
#2008=VERTEX_POINT('',#7110);
#2009=VERTEX_POINT('',#7113);
#2010=VERTEX_POINT('',#7117);
#2011=VERTEX_POINT('',#7120);
#2012=VERTEX_POINT('',#7124);
#2013=VERTEX_POINT('',#7127);
#2014=VERTEX_POINT('',#7131);
#2015=VERTEX_POINT('',#7134);
#2016=VERTEX_POINT('',#7138);
#2017=VERTEX_POINT('',#7141);
#2018=VERTEX_POINT('',#7146);
#2019=VERTEX_POINT('',#7149);
#2020=VERTEX_POINT('',#7153);
#2021=VERTEX_POINT('',#7156);
#2022=EDGE_CURVE('',#1682,#1683,#1658,.T.);
#2023=EDGE_CURVE('',#1682,#1683,#1412,.T.);
#2024=EDGE_CURVE('',#1684,#1682,#1659,.T.);
#2025=EDGE_CURVE('',#1685,#1684,#1413,.T.);
#2026=EDGE_CURVE('',#1683,#1685,#1660,.T.);
#2027=EDGE_CURVE('',#1686,#1687,#1661,.T.);
#2028=EDGE_CURVE('',#1686,#1687,#1414,.T.);
#2029=EDGE_CURVE('',#1688,#1686,#1662,.T.);
#2030=EDGE_CURVE('',#1689,#1688,#1415,.T.);
#2031=EDGE_CURVE('',#1687,#1689,#1663,.T.);
#2032=EDGE_CURVE('',#1685,#1688,#1416,.T.);
#2033=EDGE_CURVE('',#1689,#1690,#1417,.T.);
#2034=EDGE_CURVE('',#1690,#1691,#1664,.T.);
#2035=EDGE_CURVE('',#1692,#1691,#1418,.T.);
#2036=EDGE_CURVE('',#1692,#1693,#1665,.T.);
#2037=EDGE_CURVE('',#1693,#1684,#1419,.T.);
#2038=EDGE_CURVE('',#1693,#1690,#1420,.T.);
#2039=EDGE_CURVE('',#1691,#1692,#1421,.T.);
#2040=EDGE_CURVE('',#1694,#1694,#1422,.T.);
#2041=EDGE_CURVE('',#1695,#1696,#1423,.T.);
#2042=EDGE_CURVE('',#1696,#1695,#1424,.T.);
#2043=EDGE_CURVE('',#1695,#1694,#1425,.T.);
#2044=EDGE_CURVE('',#1697,#1697,#1426,.T.);
#2045=EDGE_CURVE('',#1697,#1696,#211,.T.);
#2046=EDGE_CURVE('',#1698,#1698,#1427,.T.);
#2047=EDGE_CURVE('',#1698,#1699,#1428,.T.);
#2048=EDGE_CURVE('',#1699,#1700,#1429,.T.);
#2049=EDGE_CURVE('',#1700,#1699,#1430,.T.);
#2050=EDGE_CURVE('',#1700,#1701,#212,.T.);
#2051=EDGE_CURVE('',#1701,#1701,#1431,.T.);
#2052=EDGE_CURVE('',#1702,#1702,#1432,.T.);
#2053=EDGE_CURVE('',#1703,#1703,#1433,.T.);
#2054=EDGE_CURVE('',#1703,#1704,#1434,.T.);
#2055=EDGE_CURVE('',#1704,#1705,#1435,.T.);
#2056=EDGE_CURVE('',#1705,#1704,#1436,.T.);
#2057=EDGE_CURVE('',#1705,#1702,#213,.T.);
#2058=EDGE_CURVE('',#1706,#1706,#1437,.T.);
#2059=EDGE_CURVE('',#1706,#1697,#214,.T.);
#2060=EDGE_CURVE('',#1707,#1707,#1438,.T.);
#2061=EDGE_CURVE('',#1707,#1706,#215,.T.);
#2062=EDGE_CURVE('',#1701,#1707,#216,.T.);
#2063=EDGE_CURVE('',#1708,#1709,#1666,.T.);
#2064=EDGE_CURVE('',#1708,#1710,#1439,.T.);
#2065=EDGE_CURVE('',#1710,#1711,#217,.T.);
#2066=EDGE_CURVE('',#1710,#1709,#1440,.T.);
#2067=EDGE_CURVE('',#1709,#1712,#1667,.T.);
#2068=EDGE_CURVE('',#1713,#1708,#1668,.T.);
#2069=EDGE_CURVE('',#1712,#1713,#1441,.T.);
#2070=EDGE_CURVE('',#1714,#1715,#1669,.T.);
#2071=EDGE_CURVE('',#1714,#1716,#1442,.T.);
#2072=EDGE_CURVE('',#1716,#1717,#218,.T.);
#2073=EDGE_CURVE('',#1716,#1715,#1443,.T.);
#2074=EDGE_CURVE('',#1718,#1714,#1670,.T.);
#2075=EDGE_CURVE('',#1719,#1718,#1444,.T.);
#2076=EDGE_CURVE('',#1715,#1719,#1671,.T.);
#2077=EDGE_CURVE('',#1720,#1719,#1445,.T.);
#2078=EDGE_CURVE('',#1720,#1721,#1672,.T.);
#2079=EDGE_CURVE('',#1721,#1722,#1446,.T.);
#2080=EDGE_CURVE('',#1723,#1722,#219,.T.);
#2081=EDGE_CURVE('',#1718,#1723,#1447,.T.);
#2082=EDGE_CURVE('',#1713,#1724,#1448,.T.);
#2083=EDGE_CURVE('',#1724,#1720,#1449,.T.);
#2084=EDGE_CURVE('',#1725,#1723,#220,.T.);
#2085=EDGE_CURVE('',#1726,#1725,#1450,.T.);
#2086=EDGE_CURVE('',#1726,#1727,#221,.T.);
#2087=EDGE_CURVE('',#1727,#1728,#222,.T.);
#2088=EDGE_CURVE('',#1728,#1729,#223,.T.);
#2089=EDGE_CURVE('',#1730,#1729,#1451,.T.);
#2090=EDGE_CURVE('',#1731,#1730,#224,.T.);
#2091=EDGE_CURVE('',#1731,#1712,#1452,.T.);
#2092=EDGE_CURVE('',#1732,#1724,#1673,.T.);
#2093=EDGE_CURVE('',#1721,#1732,#1453,.T.);
#2094=EDGE_CURVE('',#1733,#1732,#1454,.T.);
#2095=EDGE_CURVE('',#1734,#1733,#225,.T.);
#2096=EDGE_CURVE('',#1734,#1735,#1455,.T.);
#2097=EDGE_CURVE('',#1735,#1736,#226,.T.);
#2098=EDGE_CURVE('',#1736,#1737,#227,.T.);
#2099=EDGE_CURVE('',#1737,#1738,#228,.T.);
#2100=EDGE_CURVE('',#1738,#1739,#1456,.T.);
#2101=EDGE_CURVE('',#1722,#1739,#229,.T.);
#2102=EDGE_CURVE('',#1733,#1731,#230,.T.);
#2103=EDGE_CURVE('',#1728,#1736,#231,.T.);
#2104=EDGE_CURVE('',#1727,#1737,#232,.T.);
#2105=EDGE_CURVE('',#1738,#1726,#233,.T.);
#2106=EDGE_CURVE('',#1729,#1735,#234,.T.);
#2107=EDGE_CURVE('',#1739,#1725,#235,.T.);
#2108=EDGE_CURVE('',#1730,#1734,#236,.T.);
#2109=EDGE_CURVE('',#1740,#1740,#1457,.T.);
#2110=EDGE_CURVE('',#1740,#1741,#237,.T.);
#2111=EDGE_CURVE('',#1741,#1741,#1458,.T.);
#2112=EDGE_CURVE('',#1742,#1742,#1459,.T.);
#2113=EDGE_CURVE('',#1742,#1743,#238,.T.);
#2114=EDGE_CURVE('',#1743,#1743,#1460,.T.);
#2115=EDGE_CURVE('',#1744,#1745,#239,.T.);
#2116=EDGE_CURVE('',#1746,#1745,#240,.T.);
#2117=EDGE_CURVE('',#1746,#1747,#241,.T.);
#2118=EDGE_CURVE('',#1747,#1744,#242,.T.);
#2119=EDGE_CURVE('',#1745,#1748,#1461,.T.);
#2120=EDGE_CURVE('',#1749,#1748,#243,.T.);
#2121=EDGE_CURVE('',#1749,#1746,#1462,.T.);
#2122=EDGE_CURVE('',#1748,#1750,#244,.T.);
#2123=EDGE_CURVE('',#1751,#1750,#245,.T.);
#2124=EDGE_CURVE('',#1751,#1749,#246,.T.);
#2125=EDGE_CURVE('',#1750,#1752,#247,.T.);
#2126=EDGE_CURVE('',#1753,#1752,#248,.T.);
#2127=EDGE_CURVE('',#1753,#1751,#249,.T.);
#2128=EDGE_CURVE('',#1752,#1754,#1463,.T.);
#2129=EDGE_CURVE('',#1755,#1754,#250,.T.);
#2130=EDGE_CURVE('',#1755,#1753,#1464,.T.);
#2131=EDGE_CURVE('',#1754,#1756,#1465,.T.);
#2132=EDGE_CURVE('',#1757,#1756,#251,.T.);
#2133=EDGE_CURVE('',#1757,#1755,#1466,.T.);
#2134=EDGE_CURVE('',#1756,#1758,#1467,.T.);
#2135=EDGE_CURVE('',#1759,#1758,#252,.T.);
#2136=EDGE_CURVE('',#1759,#1757,#1468,.T.);
#2137=EDGE_CURVE('',#1758,#1744,#253,.T.);
#2138=EDGE_CURVE('',#1747,#1759,#254,.T.);
#2139=EDGE_CURVE('',#1760,#1761,#255,.T.);
#2140=EDGE_CURVE('',#1762,#1760,#1469,.T.);
#2141=EDGE_CURVE('',#1763,#1762,#256,.T.);
#2142=EDGE_CURVE('',#1761,#1763,#1470,.T.);
#2143=EDGE_CURVE('',#1761,#1764,#257,.T.);
#2144=EDGE_CURVE('',#1764,#1765,#258,.T.);
#2145=EDGE_CURVE('',#1765,#1766,#259,.T.);
#2146=EDGE_CURVE('',#1766,#1761,#260,.T.);
#2147=EDGE_CURVE('',#1764,#1767,#261,.T.);
#2148=EDGE_CURVE('',#1767,#1768,#262,.T.);
#2149=EDGE_CURVE('',#1768,#1765,#263,.T.);
#2150=EDGE_CURVE('',#1767,#1760,#264,.T.);
#2151=EDGE_CURVE('',#1769,#1767,#1471,.T.);
#2152=EDGE_CURVE('',#1762,#1769,#265,.T.);
#2153=EDGE_CURVE('',#1770,#1763,#266,.T.);
#2154=EDGE_CURVE('',#1770,#1764,#1472,.T.);
#2155=EDGE_CURVE('',#1760,#1771,#267,.T.);
#2156=EDGE_CURVE('',#1768,#1771,#268,.T.);
#2157=EDGE_CURVE('',#1771,#1766,#269,.T.);
#2158=EDGE_CURVE('',#1769,#1770,#270,.T.);
#2159=EDGE_CURVE('',#1772,#1773,#271,.T.);
#2160=EDGE_CURVE('',#1774,#1772,#1473,.T.);
#2161=EDGE_CURVE('',#1775,#1774,#272,.T.);
#2162=EDGE_CURVE('',#1773,#1775,#1474,.T.);
#2163=EDGE_CURVE('',#1773,#1776,#273,.T.);
#2164=EDGE_CURVE('',#1776,#1777,#274,.T.);
#2165=EDGE_CURVE('',#1777,#1778,#275,.T.);
#2166=EDGE_CURVE('',#1778,#1773,#276,.T.);
#2167=EDGE_CURVE('',#1776,#1779,#277,.T.);
#2168=EDGE_CURVE('',#1779,#1780,#278,.T.);
#2169=EDGE_CURVE('',#1780,#1777,#279,.T.);
#2170=EDGE_CURVE('',#1779,#1772,#280,.T.);
#2171=EDGE_CURVE('',#1781,#1779,#1475,.T.);
#2172=EDGE_CURVE('',#1774,#1781,#281,.T.);
#2173=EDGE_CURVE('',#1782,#1775,#282,.T.);
#2174=EDGE_CURVE('',#1782,#1776,#1476,.T.);
#2175=EDGE_CURVE('',#1772,#1783,#283,.T.);
#2176=EDGE_CURVE('',#1780,#1783,#284,.T.);
#2177=EDGE_CURVE('',#1783,#1778,#285,.T.);
#2178=EDGE_CURVE('',#1781,#1782,#286,.T.);
#2179=EDGE_CURVE('',#1763,#1774,#287,.T.);
#2180=EDGE_CURVE('',#1781,#1770,#288,.T.);
#2181=EDGE_CURVE('',#1775,#1762,#289,.T.);
#2182=EDGE_CURVE('',#1784,#1784,#1477,.T.);
#2183=EDGE_CURVE('',#1785,#1785,#1478,.T.);
#2184=EDGE_CURVE('',#1786,#1786,#1479,.T.);
#2185=EDGE_CURVE('',#1787,#1787,#1480,.T.);
#2186=EDGE_CURVE('',#1769,#1782,#290,.T.);
#2187=EDGE_CURVE('',#1784,#1788,#291,.T.);
#2188=EDGE_CURVE('',#1788,#1788,#1481,.T.);
#2189=EDGE_CURVE('',#1785,#1789,#292,.T.);
#2190=EDGE_CURVE('',#1789,#1789,#1482,.T.);
#2191=EDGE_CURVE('',#1786,#1790,#293,.T.);
#2192=EDGE_CURVE('',#1790,#1790,#1483,.T.);
#2193=EDGE_CURVE('',#1787,#1791,#294,.T.);
#2194=EDGE_CURVE('',#1791,#1791,#1484,.T.);
#2195=EDGE_CURVE('',#1792,#1792,#1485,.T.);
#2196=EDGE_CURVE('',#1792,#1793,#1486,.T.);
#2197=EDGE_CURVE('',#1793,#1793,#1487,.T.);
#2198=EDGE_CURVE('',#1794,#1795,#295,.T.);
#2199=EDGE_CURVE('',#1796,#1794,#296,.T.);
#2200=EDGE_CURVE('',#1797,#1796,#297,.T.);
#2201=EDGE_CURVE('',#1798,#1797,#298,.T.);
#2202=EDGE_CURVE('',#1799,#1798,#299,.T.);
#2203=EDGE_CURVE('',#1795,#1799,#300,.T.);
#2204=EDGE_CURVE('',#1800,#1800,#1488,.T.);
#2205=EDGE_CURVE('',#1800,#1793,#301,.T.);
#2206=EDGE_CURVE('',#1801,#1801,#1489,.T.);
#2207=EDGE_CURVE('',#1801,#1802,#302,.T.);
#2208=EDGE_CURVE('',#1802,#1802,#1490,.T.);
#2209=EDGE_CURVE('',#1803,#1804,#140,.T.);
#2210=EDGE_CURVE('',#1805,#1803,#141,.T.);
#2211=EDGE_CURVE('',#1804,#1805,#1491,.T.);
#2212=EDGE_CURVE('',#1806,#1807,#142,.T.);
#2213=EDGE_CURVE('',#1805,#1806,#1492,.T.);
#2214=EDGE_CURVE('',#1807,#1805,#143,.T.);
#2215=EDGE_CURVE('',#1808,#1809,#144,.T.);
#2216=EDGE_CURVE('',#1804,#1808,#145,.T.);
#2217=EDGE_CURVE('',#1809,#1804,#1493,.T.);
#2218=EDGE_CURVE('',#1810,#1811,#146,.T.);
#2219=EDGE_CURVE('',#1809,#1810,#147,.T.);
#2220=EDGE_CURVE('',#1811,#1809,#1494,.T.);
#2221=EDGE_CURVE('',#1812,#1813,#148,.T.);
#2222=EDGE_CURVE('',#1806,#1812,#1495,.T.);
#2223=EDGE_CURVE('',#1813,#1806,#149,.T.);
#2224=EDGE_CURVE('',#1811,#1814,#150,.T.);
#2225=EDGE_CURVE('',#1812,#1811,#1496,.T.);
#2226=EDGE_CURVE('',#1814,#1812,#151,.T.);
#2227=EDGE_CURVE('',#1797,#1813,#303,.T.);
#2228=EDGE_CURVE('',#1796,#1814,#304,.T.);
#2229=EDGE_CURVE('',#1798,#1807,#305,.T.);
#2230=EDGE_CURVE('',#1799,#1803,#306,.T.);
#2231=EDGE_CURVE('',#1794,#1810,#307,.T.);
#2232=EDGE_CURVE('',#1795,#1808,#308,.T.);
#2233=EDGE_CURVE('',#1815,#1815,#1497,.T.);
#2234=EDGE_CURVE('',#1815,#1800,#309,.T.);
#2235=EDGE_CURVE('',#1816,#1816,#1498,.T.);
#2236=EDGE_CURVE('',#1816,#1815,#310,.T.);
#2237=EDGE_CURVE('',#1817,#1817,#1499,.T.);
#2238=EDGE_CURVE('',#1817,#1816,#311,.T.);
#2239=EDGE_CURVE('',#1818,#1819,#312,.T.);
#2240=EDGE_CURVE('',#1820,#1818,#36,.T.);
#2241=EDGE_CURVE('',#1821,#1820,#313,.T.);
#2242=EDGE_CURVE('',#1819,#1821,#37,.T.);
#2243=EDGE_CURVE('',#1822,#1823,#314,.T.);
#2244=EDGE_CURVE('',#1823,#1824,#315,.T.);
#2245=EDGE_CURVE('',#1824,#1825,#316,.T.);
#2246=EDGE_CURVE('',#1822,#1825,#317,.T.);
#2247=EDGE_CURVE('',#1826,#1819,#318,.T.);
#2248=EDGE_CURVE('',#1822,#1819,#319,.T.);
#2249=EDGE_CURVE('',#1825,#1826,#320,.T.);
#2250=EDGE_CURVE('',#1827,#1821,#321,.T.);
#2251=EDGE_CURVE('',#1828,#1827,#322,.T.);
#2252=EDGE_CURVE('',#1828,#1822,#1674,.T.);
#2253=EDGE_CURVE('',#1823,#1818,#323,.T.);
#2254=EDGE_CURVE('',#1829,#1823,#1675,.T.);
#2255=EDGE_CURVE('',#1829,#1830,#324,.T.);
#2256=EDGE_CURVE('',#1830,#1820,#325,.T.);
#2257=EDGE_CURVE('',#1818,#1831,#326,.T.);
#2258=EDGE_CURVE('',#1824,#1831,#327,.T.);
#2259=EDGE_CURVE('',#1831,#1826,#328,.T.);
#2260=EDGE_CURVE('',#1829,#1828,#329,.T.);
#2261=EDGE_CURVE('',#1832,#1833,#330,.T.);
#2262=EDGE_CURVE('',#1834,#1832,#1500,.T.);
#2263=EDGE_CURVE('',#1835,#1834,#331,.T.);
#2264=EDGE_CURVE('',#1833,#1835,#38,.T.);
#2265=EDGE_CURVE('',#1836,#1837,#332,.T.);
#2266=EDGE_CURVE('',#1837,#1838,#333,.T.);
#2267=EDGE_CURVE('',#1838,#1839,#334,.T.);
#2268=EDGE_CURVE('',#1836,#1839,#335,.T.);
#2269=EDGE_CURVE('',#1837,#1832,#336,.T.);
#2270=EDGE_CURVE('',#1840,#1837,#1501,.T.);
#2271=EDGE_CURVE('',#1834,#1840,#337,.T.);
#2272=EDGE_CURVE('',#1841,#1833,#338,.T.);
#2273=EDGE_CURVE('',#1836,#1833,#339,.T.);
#2274=EDGE_CURVE('',#1839,#1841,#340,.T.);
#2275=EDGE_CURVE('',#1835,#1842,#341,.T.);
#2276=EDGE_CURVE('',#1842,#1843,#342,.T.);
#2277=EDGE_CURVE('',#1843,#1836,#1676,.T.);
#2278=EDGE_CURVE('',#1832,#1844,#343,.T.);
#2279=EDGE_CURVE('',#1838,#1844,#344,.T.);
#2280=EDGE_CURVE('',#1844,#1841,#345,.T.);
#2281=EDGE_CURVE('',#1840,#1843,#346,.T.);
#2282=EDGE_CURVE('',#1845,#1846,#347,.T.);
#2283=EDGE_CURVE('',#1847,#1845,#39,.T.);
#2284=EDGE_CURVE('',#1848,#1847,#348,.T.);
#2285=EDGE_CURVE('',#1846,#1848,#1502,.T.);
#2286=EDGE_CURVE('',#1846,#1849,#349,.T.);
#2287=EDGE_CURVE('',#1849,#1850,#350,.T.);
#2288=EDGE_CURVE('',#1850,#1851,#351,.T.);
#2289=EDGE_CURVE('',#1851,#1846,#352,.T.);
#2290=EDGE_CURVE('',#1849,#1852,#353,.T.);
#2291=EDGE_CURVE('',#1852,#1853,#354,.T.);
#2292=EDGE_CURVE('',#1853,#1850,#355,.T.);
#2293=EDGE_CURVE('',#1854,#1848,#356,.T.);
#2294=EDGE_CURVE('',#1854,#1849,#1503,.T.);
#2295=EDGE_CURVE('',#1852,#1845,#357,.T.);
#2296=EDGE_CURVE('',#1855,#1852,#1677,.T.);
#2297=EDGE_CURVE('',#1855,#1856,#358,.T.);
#2298=EDGE_CURVE('',#1856,#1847,#359,.T.);
#2299=EDGE_CURVE('',#1845,#1857,#360,.T.);
#2300=EDGE_CURVE('',#1853,#1857,#361,.T.);
#2301=EDGE_CURVE('',#1857,#1851,#362,.T.);
#2302=EDGE_CURVE('',#1855,#1854,#363,.T.);
#2303=EDGE_CURVE('',#1820,#1835,#1504,.T.);
#2304=EDGE_CURVE('',#1848,#1834,#364,.T.);
#2305=EDGE_CURVE('',#1847,#1821,#1505,.T.);
#2306=EDGE_CURVE('',#1858,#1858,#1506,.T.);
#2307=EDGE_CURVE('',#1843,#1829,#1507,.T.);
#2308=EDGE_CURVE('',#1828,#1855,#1508,.T.);
#2309=EDGE_CURVE('',#1854,#1840,#365,.T.);
#2310=EDGE_CURVE('',#1859,#1859,#1509,.T.);
#2311=EDGE_CURVE('',#1859,#1858,#366,.T.);
#2312=EDGE_CURVE('',#1860,#1860,#1510,.T.);
#2313=EDGE_CURVE('',#1861,#1861,#1511,.T.);
#2314=EDGE_CURVE('',#1861,#1862,#367,.T.);
#2315=EDGE_CURVE('',#1862,#1862,#1512,.T.);
#2316=EDGE_CURVE('',#1863,#1863,#1513,.T.);
#2317=EDGE_CURVE('',#1864,#1864,#1514,.T.);
#2318=EDGE_CURVE('',#1864,#1863,#368,.T.);
#2319=EDGE_CURVE('',#1865,#1865,#1515,.T.);
#2320=EDGE_CURVE('',#1865,#1866,#369,.T.);
#2321=EDGE_CURVE('',#1866,#1866,#1516,.T.);
#2322=EDGE_CURVE('',#1867,#1867,#1517,.T.);
#2323=EDGE_CURVE('',#1867,#1868,#370,.T.);
#2324=EDGE_CURVE('',#1868,#1868,#1518,.T.);
#2325=EDGE_CURVE('',#1869,#1869,#1519,.T.);
#2326=EDGE_CURVE('',#1869,#1870,#371,.T.);
#2327=EDGE_CURVE('',#1870,#1870,#1520,.T.);
#2328=EDGE_CURVE('',#1871,#1871,#1521,.T.);
#2329=EDGE_CURVE('',#1871,#1872,#372,.T.);
#2330=EDGE_CURVE('',#1872,#1872,#1522,.T.);
#2331=EDGE_CURVE('',#1873,#1873,#1523,.T.);
#2332=EDGE_CURVE('',#1873,#1874,#373,.T.);
#2333=EDGE_CURVE('',#1874,#1874,#1524,.T.);
#2334=EDGE_CURVE('',#1875,#1875,#1525,.T.);
#2335=EDGE_CURVE('',#1875,#1860,#374,.T.);
#2336=EDGE_CURVE('',#1876,#1876,#1526,.T.);
#2337=EDGE_CURVE('',#1876,#1877,#1527,.T.);
#2338=EDGE_CURVE('',#1877,#1878,#1528,.T.);
#2339=EDGE_CURVE('',#1878,#1877,#1529,.T.);
#2340=EDGE_CURVE('',#1879,#1880,#1530,.T.);
#2341=EDGE_CURVE('',#1880,#1879,#1531,.T.);
#2342=EDGE_CURVE('',#1880,#1878,#375,.T.);
#2343=EDGE_CURVE('',#1881,#1881,#1532,.T.);
#2344=EDGE_CURVE('',#1879,#1882,#1533,.T.);
#2345=EDGE_CURVE('',#1882,#1882,#1534,.T.);
#2346=EDGE_CURVE('',#1883,#1883,#1535,.T.);
#2347=EDGE_CURVE('',#1884,#1885,#1536,.T.);
#2348=EDGE_CURVE('',#1886,#1885,#1537,.T.);
#2349=EDGE_CURVE('',#1887,#1886,#1538,.T.);
#2350=EDGE_CURVE('',#1887,#1884,#1539,.T.);
#2351=EDGE_CURVE('',#1888,#1889,#1540,.T.);
#2352=EDGE_CURVE('',#1885,#1889,#1541,.T.);
#2353=EDGE_CURVE('',#1884,#1888,#1542,.T.);
#2354=EDGE_CURVE('',#1890,#1891,#1543,.T.);
#2355=EDGE_CURVE('',#1889,#1891,#1544,.T.);
#2356=EDGE_CURVE('',#1888,#1890,#1545,.T.);
#2357=EDGE_CURVE('',#1892,#1893,#1546,.T.);
#2358=EDGE_CURVE('',#1891,#1893,#1547,.T.);
#2359=EDGE_CURVE('',#1890,#1892,#1548,.T.);
#2360=EDGE_CURVE('',#1894,#1895,#1549,.T.);
#2361=EDGE_CURVE('',#1894,#1887,#1550,.T.);
#2362=EDGE_CURVE('',#1895,#1886,#1551,.T.);
#2363=EDGE_CURVE('',#1891,#1883,#376,.T.);
#2364=EDGE_CURVE('',#1893,#1895,#1552,.T.);
#2365=EDGE_CURVE('',#1892,#1894,#1553,.T.);
#2366=EDGE_CURVE('',#1881,#1890,#377,.T.);
#2367=EDGE_CURVE('',#1896,#1897,#1554,.T.);
#2368=EDGE_CURVE('',#1898,#1899,#1555,.T.);
#2369=EDGE_CURVE('',#1900,#1901,#1556,.T.);
#2370=EDGE_CURVE('',#1902,#1903,#1557,.T.);
#2371=EDGE_CURVE('',#1904,#1905,#1558,.T.);
#2372=EDGE_CURVE('',#1906,#1907,#1559,.T.);
#2373=EDGE_CURVE('',#1908,#1909,#1560,.T.);
#2374=EDGE_CURVE('',#1910,#1911,#1561,.T.);
#2375=EDGE_CURVE('',#1912,#1913,#1562,.T.);
#2376=EDGE_CURVE('',#1914,#1915,#1563,.T.);
#2377=EDGE_CURVE('',#1916,#1917,#1564,.T.);
#2378=EDGE_CURVE('',#1918,#1919,#1565,.T.);
#2379=EDGE_CURVE('',#1920,#1921,#1566,.T.);
#2380=EDGE_CURVE('',#1922,#1923,#1567,.T.);
#2381=EDGE_CURVE('',#1924,#1925,#1568,.T.);
#2382=EDGE_CURVE('',#1926,#1927,#1569,.T.);
#2383=EDGE_CURVE('',#1928,#1929,#1570,.T.);
#2384=EDGE_CURVE('',#1930,#1931,#1571,.T.);
#2385=EDGE_CURVE('',#1932,#1932,#1572,.T.);
#2386=EDGE_CURVE('',#1932,#1933,#378,.T.);
#2387=EDGE_CURVE('',#1933,#1934,#1573,.T.);
#2388=EDGE_CURVE('',#1934,#1935,#1574,.T.);
#2389=EDGE_CURVE('',#1935,#1936,#1575,.T.);
#2390=EDGE_CURVE('',#1936,#1937,#1576,.T.);
#2391=EDGE_CURVE('',#1937,#1938,#1577,.T.);
#2392=EDGE_CURVE('',#1938,#1933,#1578,.T.);
#2393=EDGE_CURVE('',#1939,#1935,#1579,.T.);
#2394=EDGE_CURVE('',#1940,#1934,#1580,.T.);
#2395=EDGE_CURVE('',#1940,#1939,#1581,.T.);
#2396=EDGE_CURVE('',#1941,#1942,#1582,.T.);
#2397=EDGE_CURVE('',#1939,#1941,#1583,.T.);
#2398=EDGE_CURVE('',#1943,#1940,#1584,.T.);
#2399=EDGE_CURVE('',#1943,#1944,#379,.T.);
#2400=EDGE_CURVE('',#1944,#1944,#1585,.T.);
#2401=EDGE_CURVE('',#1945,#1943,#1586,.T.);
#2402=EDGE_CURVE('',#1942,#1945,#1587,.T.);
#2403=EDGE_CURVE('',#1941,#1936,#1588,.T.);
#2404=EDGE_CURVE('',#1943,#1933,#1589,.T.);
#2405=EDGE_CURVE('',#1945,#1938,#1590,.T.);
#2406=EDGE_CURVE('',#1942,#1937,#1591,.T.);
#2407=EDGE_CURVE('',#1946,#1946,#1592,.T.);
#2408=EDGE_CURVE('',#1946,#1947,#1593,.T.);
#2409=EDGE_CURVE('',#1947,#1948,#1594,.T.);
#2410=EDGE_CURVE('',#1948,#1947,#1595,.T.);
#2411=EDGE_CURVE('',#1949,#1949,#1596,.T.);
#2412=EDGE_CURVE('',#1948,#1950,#380,.T.);
#2413=EDGE_CURVE('',#1951,#1950,#1597,.T.);
#2414=EDGE_CURVE('',#1950,#1951,#1598,.T.);
#2415=EDGE_CURVE('',#1951,#1949,#1599,.T.);
#2416=EDGE_CURVE('',#1952,#1952,#1600,.T.);
#2417=EDGE_CURVE('',#1952,#1953,#381,.T.);
#2418=EDGE_CURVE('',#1953,#1953,#1601,.T.);
#2419=EDGE_CURVE('',#1954,#1954,#1602,.T.);
#2420=EDGE_CURVE('',#1954,#1955,#382,.T.);
#2421=EDGE_CURVE('',#1955,#1955,#1603,.T.);
#2422=EDGE_CURVE('',#1956,#1957,#1604,.T.);
#2423=EDGE_CURVE('',#1958,#1957,#383,.T.);
#2424=EDGE_CURVE('',#1959,#1958,#1605,.T.);
#2425=EDGE_CURVE('',#1959,#1956,#384,.T.);
#2426=EDGE_CURVE('',#1957,#1960,#385,.T.);
#2427=EDGE_CURVE('',#1961,#1960,#386,.T.);
#2428=EDGE_CURVE('',#1958,#1961,#387,.T.);
#2429=EDGE_CURVE('',#1960,#1962,#1606,.T.);
#2430=EDGE_CURVE('',#1963,#1962,#388,.T.);
#2431=EDGE_CURVE('',#1961,#1963,#1607,.T.);
#2432=EDGE_CURVE('',#1962,#1964,#389,.T.);
#2433=EDGE_CURVE('',#1965,#1964,#390,.T.);
#2434=EDGE_CURVE('',#1963,#1965,#391,.T.);
#2435=EDGE_CURVE('',#1964,#1966,#1608,.T.);
#2436=EDGE_CURVE('',#1967,#1966,#392,.T.);
#2437=EDGE_CURVE('',#1965,#1967,#1609,.T.);
#2438=EDGE_CURVE('',#1966,#1968,#393,.T.);
#2439=EDGE_CURVE('',#1969,#1968,#394,.T.);
#2440=EDGE_CURVE('',#1967,#1969,#395,.T.);
#2441=EDGE_CURVE('',#1968,#1970,#1610,.T.);
#2442=EDGE_CURVE('',#1971,#1970,#396,.T.);
#2443=EDGE_CURVE('',#1969,#1971,#1611,.T.);
#2444=EDGE_CURVE('',#1970,#1956,#397,.T.);
#2445=EDGE_CURVE('',#1971,#1959,#398,.T.);
#2446=EDGE_CURVE('',#1972,#1973,#1612,.T.);
#2447=EDGE_CURVE('',#1973,#1974,#1613,.T.);
#2448=EDGE_CURVE('',#1974,#1974,#1614,.T.);
#2449=EDGE_CURVE('',#1973,#1972,#1615,.T.);
#2450=EDGE_CURVE('',#1975,#1975,#1616,.T.);
#2451=EDGE_CURVE('',#1975,#1972,#399,.T.);
#2452=EDGE_CURVE('',#1976,#1976,#1617,.T.);
#2453=EDGE_CURVE('',#1977,#1978,#1618,.T.);
#2454=EDGE_CURVE('',#1978,#1977,#1619,.T.);
#2455=EDGE_CURVE('',#1977,#1979,#1620,.T.);
#2456=EDGE_CURVE('',#1979,#1979,#1621,.T.);
#2457=EDGE_CURVE('',#1980,#1981,#1622,.T.);
#2458=EDGE_CURVE('',#1980,#1978,#400,.T.);
#2459=EDGE_CURVE('',#1981,#1980,#1623,.T.);
#2460=EDGE_CURVE('',#1982,#1982,#1624,.T.);
#2461=EDGE_CURVE('',#1983,#1983,#1625,.T.);
#2462=EDGE_CURVE('',#1983,#1981,#1626,.T.);
#2463=EDGE_CURVE('',#1984,#1985,#1627,.T.);
#2464=EDGE_CURVE('',#1985,#1984,#1628,.T.);
#2465=EDGE_CURVE('',#1985,#1986,#1629,.T.);
#2466=EDGE_CURVE('',#1986,#1987,#1630,.T.);
#2467=EDGE_CURVE('',#1987,#1986,#1631,.T.);
#2468=EDGE_CURVE('',#1988,#1988,#1632,.T.);
#2469=EDGE_CURVE('',#1989,#1989,#1633,.T.);
#2470=EDGE_CURVE('',#1989,#1990,#401,.T.);
#2471=EDGE_CURVE('',#1990,#1990,#1634,.T.);
#2472=EDGE_CURVE('',#1990,#1991,#402,.T.);
#2473=EDGE_CURVE('',#1991,#1991,#1635,.T.);
#2474=EDGE_CURVE('',#1991,#1982,#403,.T.);
#2475=EDGE_CURVE('',#1987,#1976,#404,.T.);
#2476=EDGE_CURVE('',#1988,#1984,#405,.T.);
#2477=EDGE_CURVE('',#1992,#1993,#1678,.T.);
#2478=EDGE_CURVE('',#1992,#1994,#406,.T.);
#2479=EDGE_CURVE('',#1994,#1995,#1636,.T.);
#2480=EDGE_CURVE('',#1996,#1995,#407,.T.);
#2481=EDGE_CURVE('',#1993,#1996,#1679,.T.);
#2482=EDGE_CURVE('',#1996,#1997,#408,.T.);
#2483=EDGE_CURVE('',#1995,#1998,#409,.T.);
#2484=EDGE_CURVE('',#1997,#1998,#410,.T.);
#2485=EDGE_CURVE('',#1999,#1992,#411,.T.);
#2486=EDGE_CURVE('',#1999,#2000,#412,.T.);
#2487=EDGE_CURVE('',#2000,#1994,#413,.T.);
#2488=EDGE_CURVE('',#2001,#1999,#1680,.T.);
#2489=EDGE_CURVE('',#1997,#2001,#1681,.T.);
#2490=EDGE_CURVE('',#1998,#2000,#1637,.T.);
#2491=EDGE_CURVE('',#2002,#2002,#1638,.T.);
#2492=EDGE_CURVE('',#2002,#2003,#414,.T.);
#2493=EDGE_CURVE('',#2003,#2003,#1639,.T.);
#2494=EDGE_CURVE('',#2004,#2004,#1640,.T.);
#2495=EDGE_CURVE('',#2005,#2005,#1641,.T.);
#2496=EDGE_CURVE('',#2005,#2004,#415,.T.);
#2497=EDGE_CURVE('',#2006,#2006,#1642,.T.);
#2498=EDGE_CURVE('',#2007,#2007,#1643,.T.);
#2499=EDGE_CURVE('',#2007,#2006,#416,.T.);
#2500=EDGE_CURVE('',#2008,#2008,#1644,.T.);
#2501=EDGE_CURVE('',#2009,#2009,#1645,.T.);
#2502=EDGE_CURVE('',#2009,#2008,#417,.T.);
#2503=EDGE_CURVE('',#2010,#2010,#1646,.T.);
#2504=EDGE_CURVE('',#2011,#2011,#1647,.T.);
#2505=EDGE_CURVE('',#2011,#2010,#418,.T.);
#2506=EDGE_CURVE('',#2012,#2012,#1648,.T.);
#2507=EDGE_CURVE('',#2013,#2013,#1649,.T.);
#2508=EDGE_CURVE('',#2013,#2012,#419,.T.);
#2509=EDGE_CURVE('',#2014,#2014,#1650,.T.);
#2510=EDGE_CURVE('',#2015,#2015,#1651,.T.);
#2511=EDGE_CURVE('',#2015,#2014,#420,.T.);
#2512=EDGE_CURVE('',#2016,#2016,#1652,.T.);
#2513=EDGE_CURVE('',#2017,#2017,#1653,.T.);
#2514=EDGE_CURVE('',#2017,#2016,#421,.T.);
#2515=EDGE_CURVE('',#2018,#2018,#1654,.T.);
#2516=EDGE_CURVE('',#2019,#2019,#1655,.T.);
#2517=EDGE_CURVE('',#2019,#2018,#422,.T.);
#2518=EDGE_CURVE('',#2020,#2020,#1656,.T.);
#2519=EDGE_CURVE('',#2021,#2021,#1657,.T.);
#2520=EDGE_CURVE('',#2021,#2020,#423,.T.);
#2521=ORIENTED_EDGE('',*,*,#2022,.F.);
#2522=ORIENTED_EDGE('',*,*,#2023,.T.);
#2523=ORIENTED_EDGE('',*,*,#2024,.F.);
#2524=ORIENTED_EDGE('',*,*,#2025,.F.);
#2525=ORIENTED_EDGE('',*,*,#2026,.F.);
#2526=ORIENTED_EDGE('',*,*,#2023,.F.);
#2527=ORIENTED_EDGE('',*,*,#2027,.F.);
#2528=ORIENTED_EDGE('',*,*,#2028,.T.);
#2529=ORIENTED_EDGE('',*,*,#2029,.F.);
#2530=ORIENTED_EDGE('',*,*,#2030,.F.);
#2531=ORIENTED_EDGE('',*,*,#2031,.F.);
#2532=ORIENTED_EDGE('',*,*,#2028,.F.);
#2533=ORIENTED_EDGE('',*,*,#2024,.T.);
#2534=ORIENTED_EDGE('',*,*,#2022,.T.);
#2535=ORIENTED_EDGE('',*,*,#2026,.T.);
#2536=ORIENTED_EDGE('',*,*,#2032,.T.);
#2537=ORIENTED_EDGE('',*,*,#2029,.T.);
#2538=ORIENTED_EDGE('',*,*,#2027,.T.);
#2539=ORIENTED_EDGE('',*,*,#2031,.T.);
#2540=ORIENTED_EDGE('',*,*,#2033,.T.);
#2541=ORIENTED_EDGE('',*,*,#2034,.T.);
#2542=ORIENTED_EDGE('',*,*,#2035,.F.);
#2543=ORIENTED_EDGE('',*,*,#2036,.T.);
#2544=ORIENTED_EDGE('',*,*,#2037,.T.);
#2545=ORIENTED_EDGE('',*,*,#2034,.F.);
#2546=ORIENTED_EDGE('',*,*,#2038,.F.);
#2547=ORIENTED_EDGE('',*,*,#2036,.F.);
#2548=ORIENTED_EDGE('',*,*,#2039,.F.);
#2549=ORIENTED_EDGE('',*,*,#2040,.F.);
#2550=ORIENTED_EDGE('',*,*,#2039,.T.);
#2551=ORIENTED_EDGE('',*,*,#2035,.T.);
#2552=ORIENTED_EDGE('',*,*,#2041,.T.);
#2553=ORIENTED_EDGE('',*,*,#2042,.T.);
#2554=ORIENTED_EDGE('',*,*,#2043,.T.);
#2555=ORIENTED_EDGE('',*,*,#2040,.T.);
#2556=ORIENTED_EDGE('',*,*,#2043,.F.);
#2557=ORIENTED_EDGE('',*,*,#2044,.F.);
#2558=ORIENTED_EDGE('',*,*,#2045,.T.);
#2559=ORIENTED_EDGE('',*,*,#2041,.F.);
#2560=ORIENTED_EDGE('',*,*,#2042,.F.);
#2561=ORIENTED_EDGE('',*,*,#2045,.F.);
#2562=ORIENTED_EDGE('',*,*,#2046,.T.);
#2563=ORIENTED_EDGE('',*,*,#2047,.T.);
#2564=ORIENTED_EDGE('',*,*,#2048,.T.);
#2565=ORIENTED_EDGE('',*,*,#2049,.T.);
#2566=ORIENTED_EDGE('',*,*,#2047,.F.);
#2567=ORIENTED_EDGE('',*,*,#2048,.F.);
#2568=ORIENTED_EDGE('',*,*,#2049,.F.);
#2569=ORIENTED_EDGE('',*,*,#2050,.T.);
#2570=ORIENTED_EDGE('',*,*,#2051,.T.);
#2571=ORIENTED_EDGE('',*,*,#2050,.F.);
#2572=ORIENTED_EDGE('',*,*,#2046,.F.);
#2573=ORIENTED_EDGE('',*,*,#2052,.F.);
#2574=ORIENTED_EDGE('',*,*,#2053,.T.);
#2575=ORIENTED_EDGE('',*,*,#2054,.T.);
#2576=ORIENTED_EDGE('',*,*,#2055,.T.);
#2577=ORIENTED_EDGE('',*,*,#2056,.T.);
#2578=ORIENTED_EDGE('',*,*,#2054,.F.);
#2579=ORIENTED_EDGE('',*,*,#2055,.F.);
#2580=ORIENTED_EDGE('',*,*,#2056,.F.);
#2581=ORIENTED_EDGE('',*,*,#2057,.T.);
#2582=ORIENTED_EDGE('',*,*,#2052,.T.);
#2583=ORIENTED_EDGE('',*,*,#2057,.F.);
#2584=ORIENTED_EDGE('',*,*,#2053,.F.);
#2585=ORIENTED_EDGE('',*,*,#2025,.T.);
#2586=ORIENTED_EDGE('',*,*,#2037,.F.);
#2587=ORIENTED_EDGE('',*,*,#2038,.T.);
#2588=ORIENTED_EDGE('',*,*,#2033,.F.);
#2589=ORIENTED_EDGE('',*,*,#2030,.T.);
#2590=ORIENTED_EDGE('',*,*,#2032,.F.);
#2591=ORIENTED_EDGE('',*,*,#2058,.F.);
#2592=ORIENTED_EDGE('',*,*,#2059,.T.);
#2593=ORIENTED_EDGE('',*,*,#2044,.T.);
#2594=ORIENTED_EDGE('',*,*,#2059,.F.);
#2595=ORIENTED_EDGE('',*,*,#2060,.F.);
#2596=ORIENTED_EDGE('',*,*,#2061,.T.);
#2597=ORIENTED_EDGE('',*,*,#2058,.T.);
#2598=ORIENTED_EDGE('',*,*,#2061,.F.);
#2599=ORIENTED_EDGE('',*,*,#2051,.F.);
#2600=ORIENTED_EDGE('',*,*,#2062,.T.);
#2601=ORIENTED_EDGE('',*,*,#2060,.T.);
#2602=ORIENTED_EDGE('',*,*,#2062,.F.);
#2603=ORIENTED_EDGE('',*,*,#2063,.F.);
#2604=ORIENTED_EDGE('',*,*,#2064,.T.);
#2605=ORIENTED_EDGE('',*,*,#2065,.T.);
#2606=ORIENTED_EDGE('',*,*,#2065,.F.);
#2607=ORIENTED_EDGE('',*,*,#2066,.T.);
#2608=ORIENTED_EDGE('',*,*,#2067,.F.);
#2609=ORIENTED_EDGE('',*,*,#2066,.F.);
#2610=ORIENTED_EDGE('',*,*,#2064,.F.);
#2611=ORIENTED_EDGE('',*,*,#2068,.F.);
#2612=ORIENTED_EDGE('',*,*,#2069,.F.);
#2613=ORIENTED_EDGE('',*,*,#2070,.F.);
#2614=ORIENTED_EDGE('',*,*,#2071,.T.);
#2615=ORIENTED_EDGE('',*,*,#2072,.T.);
#2616=ORIENTED_EDGE('',*,*,#2072,.F.);
#2617=ORIENTED_EDGE('',*,*,#2073,.T.);
#2618=ORIENTED_EDGE('',*,*,#2074,.F.);
#2619=ORIENTED_EDGE('',*,*,#2075,.F.);
#2620=ORIENTED_EDGE('',*,*,#2076,.F.);
#2621=ORIENTED_EDGE('',*,*,#2073,.F.);
#2622=ORIENTED_EDGE('',*,*,#2071,.F.);
#2623=ORIENTED_EDGE('',*,*,#2074,.T.);
#2624=ORIENTED_EDGE('',*,*,#2070,.T.);
#2625=ORIENTED_EDGE('',*,*,#2076,.T.);
#2626=ORIENTED_EDGE('',*,*,#2077,.F.);
#2627=ORIENTED_EDGE('',*,*,#2078,.T.);
#2628=ORIENTED_EDGE('',*,*,#2079,.T.);
#2629=ORIENTED_EDGE('',*,*,#2080,.F.);
#2630=ORIENTED_EDGE('',*,*,#2081,.F.);
#2631=ORIENTED_EDGE('',*,*,#2069,.T.);
#2632=ORIENTED_EDGE('',*,*,#2082,.T.);
#2633=ORIENTED_EDGE('',*,*,#2083,.T.);
#2634=ORIENTED_EDGE('',*,*,#2077,.T.);
#2635=ORIENTED_EDGE('',*,*,#2075,.T.);
#2636=ORIENTED_EDGE('',*,*,#2081,.T.);
#2637=ORIENTED_EDGE('',*,*,#2084,.F.);
#2638=ORIENTED_EDGE('',*,*,#2085,.F.);
#2639=ORIENTED_EDGE('',*,*,#2086,.T.);
#2640=ORIENTED_EDGE('',*,*,#2087,.T.);
#2641=ORIENTED_EDGE('',*,*,#2088,.T.);
#2642=ORIENTED_EDGE('',*,*,#2089,.F.);
#2643=ORIENTED_EDGE('',*,*,#2090,.F.);
#2644=ORIENTED_EDGE('',*,*,#2091,.T.);
#2645=ORIENTED_EDGE('',*,*,#2078,.F.);
#2646=ORIENTED_EDGE('',*,*,#2083,.F.);
#2647=ORIENTED_EDGE('',*,*,#2092,.F.);
#2648=ORIENTED_EDGE('',*,*,#2093,.F.);
#2649=ORIENTED_EDGE('',*,*,#2093,.T.);
#2650=ORIENTED_EDGE('',*,*,#2094,.F.);
#2651=ORIENTED_EDGE('',*,*,#2095,.F.);
#2652=ORIENTED_EDGE('',*,*,#2096,.T.);
#2653=ORIENTED_EDGE('',*,*,#2097,.T.);
#2654=ORIENTED_EDGE('',*,*,#2098,.T.);
#2655=ORIENTED_EDGE('',*,*,#2099,.T.);
#2656=ORIENTED_EDGE('',*,*,#2100,.T.);
#2657=ORIENTED_EDGE('',*,*,#2101,.F.);
#2658=ORIENTED_EDGE('',*,*,#2079,.F.);
#2659=ORIENTED_EDGE('',*,*,#2067,.T.);
#2660=ORIENTED_EDGE('',*,*,#2091,.F.);
#2661=ORIENTED_EDGE('',*,*,#2102,.F.);
#2662=ORIENTED_EDGE('',*,*,#2094,.T.);
#2663=ORIENTED_EDGE('',*,*,#2092,.T.);
#2664=ORIENTED_EDGE('',*,*,#2082,.F.);
#2665=ORIENTED_EDGE('',*,*,#2068,.T.);
#2666=ORIENTED_EDGE('',*,*,#2063,.T.);
#2667=ORIENTED_EDGE('',*,*,#2098,.F.);
#2668=ORIENTED_EDGE('',*,*,#2103,.F.);
#2669=ORIENTED_EDGE('',*,*,#2087,.F.);
#2670=ORIENTED_EDGE('',*,*,#2104,.T.);
#2671=ORIENTED_EDGE('',*,*,#2099,.F.);
#2672=ORIENTED_EDGE('',*,*,#2104,.F.);
#2673=ORIENTED_EDGE('',*,*,#2086,.F.);
#2674=ORIENTED_EDGE('',*,*,#2105,.F.);
#2675=ORIENTED_EDGE('',*,*,#2097,.F.);
#2676=ORIENTED_EDGE('',*,*,#2106,.F.);
#2677=ORIENTED_EDGE('',*,*,#2088,.F.);
#2678=ORIENTED_EDGE('',*,*,#2103,.T.);
#2679=ORIENTED_EDGE('',*,*,#2105,.T.);
#2680=ORIENTED_EDGE('',*,*,#2085,.T.);
#2681=ORIENTED_EDGE('',*,*,#2107,.F.);
#2682=ORIENTED_EDGE('',*,*,#2100,.F.);
#2683=ORIENTED_EDGE('',*,*,#2106,.T.);
#2684=ORIENTED_EDGE('',*,*,#2096,.F.);
#2685=ORIENTED_EDGE('',*,*,#2108,.F.);
#2686=ORIENTED_EDGE('',*,*,#2089,.T.);
#2687=ORIENTED_EDGE('',*,*,#2108,.T.);
#2688=ORIENTED_EDGE('',*,*,#2095,.T.);
#2689=ORIENTED_EDGE('',*,*,#2102,.T.);
#2690=ORIENTED_EDGE('',*,*,#2090,.T.);
#2691=ORIENTED_EDGE('',*,*,#2107,.T.);
#2692=ORIENTED_EDGE('',*,*,#2084,.T.);
#2693=ORIENTED_EDGE('',*,*,#2080,.T.);
#2694=ORIENTED_EDGE('',*,*,#2101,.T.);
#2695=ORIENTED_EDGE('',*,*,#2109,.F.);
#2696=ORIENTED_EDGE('',*,*,#2110,.T.);
#2697=ORIENTED_EDGE('',*,*,#2111,.F.);
#2698=ORIENTED_EDGE('',*,*,#2110,.F.);
#2699=ORIENTED_EDGE('',*,*,#2112,.F.);
#2700=ORIENTED_EDGE('',*,*,#2113,.T.);
#2701=ORIENTED_EDGE('',*,*,#2114,.F.);
#2702=ORIENTED_EDGE('',*,*,#2113,.F.);
#2703=ORIENTED_EDGE('',*,*,#2115,.T.);
#2704=ORIENTED_EDGE('',*,*,#2116,.F.);
#2705=ORIENTED_EDGE('',*,*,#2117,.T.);
#2706=ORIENTED_EDGE('',*,*,#2118,.T.);
#2707=ORIENTED_EDGE('',*,*,#2119,.T.);
#2708=ORIENTED_EDGE('',*,*,#2120,.F.);
#2709=ORIENTED_EDGE('',*,*,#2121,.T.);
#2710=ORIENTED_EDGE('',*,*,#2116,.T.);
#2711=ORIENTED_EDGE('',*,*,#2122,.T.);
#2712=ORIENTED_EDGE('',*,*,#2123,.F.);
#2713=ORIENTED_EDGE('',*,*,#2124,.T.);
#2714=ORIENTED_EDGE('',*,*,#2120,.T.);
#2715=ORIENTED_EDGE('',*,*,#2125,.T.);
#2716=ORIENTED_EDGE('',*,*,#2126,.F.);
#2717=ORIENTED_EDGE('',*,*,#2127,.T.);
#2718=ORIENTED_EDGE('',*,*,#2123,.T.);
#2719=ORIENTED_EDGE('',*,*,#2128,.T.);
#2720=ORIENTED_EDGE('',*,*,#2129,.F.);
#2721=ORIENTED_EDGE('',*,*,#2130,.T.);
#2722=ORIENTED_EDGE('',*,*,#2126,.T.);
#2723=ORIENTED_EDGE('',*,*,#2131,.T.);
#2724=ORIENTED_EDGE('',*,*,#2132,.F.);
#2725=ORIENTED_EDGE('',*,*,#2133,.T.);
#2726=ORIENTED_EDGE('',*,*,#2129,.T.);
#2727=ORIENTED_EDGE('',*,*,#2134,.T.);
#2728=ORIENTED_EDGE('',*,*,#2135,.F.);
#2729=ORIENTED_EDGE('',*,*,#2136,.T.);
#2730=ORIENTED_EDGE('',*,*,#2132,.T.);
#2731=ORIENTED_EDGE('',*,*,#2137,.T.);
#2732=ORIENTED_EDGE('',*,*,#2118,.F.);
#2733=ORIENTED_EDGE('',*,*,#2138,.T.);
#2734=ORIENTED_EDGE('',*,*,#2135,.T.);
#2735=ORIENTED_EDGE('',*,*,#2138,.F.);
#2736=ORIENTED_EDGE('',*,*,#2117,.F.);
#2737=ORIENTED_EDGE('',*,*,#2121,.F.);
#2738=ORIENTED_EDGE('',*,*,#2124,.F.);
#2739=ORIENTED_EDGE('',*,*,#2127,.F.);
#2740=ORIENTED_EDGE('',*,*,#2130,.F.);
#2741=ORIENTED_EDGE('',*,*,#2133,.F.);
#2742=ORIENTED_EDGE('',*,*,#2136,.F.);
#2743=ORIENTED_EDGE('',*,*,#2109,.T.);
#2744=ORIENTED_EDGE('',*,*,#2112,.T.);
#2745=ORIENTED_EDGE('',*,*,#2115,.F.);
#2746=ORIENTED_EDGE('',*,*,#2137,.F.);
#2747=ORIENTED_EDGE('',*,*,#2134,.F.);
#2748=ORIENTED_EDGE('',*,*,#2131,.F.);
#2749=ORIENTED_EDGE('',*,*,#2128,.F.);
#2750=ORIENTED_EDGE('',*,*,#2125,.F.);
#2751=ORIENTED_EDGE('',*,*,#2122,.F.);
#2752=ORIENTED_EDGE('',*,*,#2119,.F.);
#2753=ORIENTED_EDGE('',*,*,#2111,.T.);
#2754=ORIENTED_EDGE('',*,*,#2114,.T.);
#2755=ORIENTED_EDGE('',*,*,#2139,.F.);
#2756=ORIENTED_EDGE('',*,*,#2140,.F.);
#2757=ORIENTED_EDGE('',*,*,#2141,.F.);
#2758=ORIENTED_EDGE('',*,*,#2142,.F.);
#2759=ORIENTED_EDGE('',*,*,#2143,.T.);
#2760=ORIENTED_EDGE('',*,*,#2144,.T.);
#2761=ORIENTED_EDGE('',*,*,#2145,.T.);
#2762=ORIENTED_EDGE('',*,*,#2146,.T.);
#2763=ORIENTED_EDGE('',*,*,#2147,.T.);
#2764=ORIENTED_EDGE('',*,*,#2148,.T.);
#2765=ORIENTED_EDGE('',*,*,#2149,.T.);
#2766=ORIENTED_EDGE('',*,*,#2144,.F.);
#2767=ORIENTED_EDGE('',*,*,#2150,.F.);
#2768=ORIENTED_EDGE('',*,*,#2151,.F.);
#2769=ORIENTED_EDGE('',*,*,#2152,.F.);
#2770=ORIENTED_EDGE('',*,*,#2140,.T.);
#2771=ORIENTED_EDGE('',*,*,#2143,.F.);
#2772=ORIENTED_EDGE('',*,*,#2142,.T.);
#2773=ORIENTED_EDGE('',*,*,#2153,.F.);
#2774=ORIENTED_EDGE('',*,*,#2154,.T.);
#2775=ORIENTED_EDGE('',*,*,#2150,.T.);
#2776=ORIENTED_EDGE('',*,*,#2155,.T.);
#2777=ORIENTED_EDGE('',*,*,#2156,.F.);
#2778=ORIENTED_EDGE('',*,*,#2148,.F.);
#2779=ORIENTED_EDGE('',*,*,#2157,.T.);
#2780=ORIENTED_EDGE('',*,*,#2145,.F.);
#2781=ORIENTED_EDGE('',*,*,#2149,.F.);
#2782=ORIENTED_EDGE('',*,*,#2156,.T.);
#2783=ORIENTED_EDGE('',*,*,#2139,.T.);
#2784=ORIENTED_EDGE('',*,*,#2146,.F.);
#2785=ORIENTED_EDGE('',*,*,#2157,.F.);
#2786=ORIENTED_EDGE('',*,*,#2155,.F.);
#2787=ORIENTED_EDGE('',*,*,#2147,.F.);
#2788=ORIENTED_EDGE('',*,*,#2154,.F.);
#2789=ORIENTED_EDGE('',*,*,#2158,.F.);
#2790=ORIENTED_EDGE('',*,*,#2151,.T.);
#2791=ORIENTED_EDGE('',*,*,#2159,.F.);
#2792=ORIENTED_EDGE('',*,*,#2160,.F.);
#2793=ORIENTED_EDGE('',*,*,#2161,.F.);
#2794=ORIENTED_EDGE('',*,*,#2162,.F.);
#2795=ORIENTED_EDGE('',*,*,#2163,.T.);
#2796=ORIENTED_EDGE('',*,*,#2164,.T.);
#2797=ORIENTED_EDGE('',*,*,#2165,.T.);
#2798=ORIENTED_EDGE('',*,*,#2166,.T.);
#2799=ORIENTED_EDGE('',*,*,#2167,.T.);
#2800=ORIENTED_EDGE('',*,*,#2168,.T.);
#2801=ORIENTED_EDGE('',*,*,#2169,.T.);
#2802=ORIENTED_EDGE('',*,*,#2164,.F.);
#2803=ORIENTED_EDGE('',*,*,#2170,.F.);
#2804=ORIENTED_EDGE('',*,*,#2171,.F.);
#2805=ORIENTED_EDGE('',*,*,#2172,.F.);
#2806=ORIENTED_EDGE('',*,*,#2160,.T.);
#2807=ORIENTED_EDGE('',*,*,#2163,.F.);
#2808=ORIENTED_EDGE('',*,*,#2162,.T.);
#2809=ORIENTED_EDGE('',*,*,#2173,.F.);
#2810=ORIENTED_EDGE('',*,*,#2174,.T.);
#2811=ORIENTED_EDGE('',*,*,#2170,.T.);
#2812=ORIENTED_EDGE('',*,*,#2175,.T.);
#2813=ORIENTED_EDGE('',*,*,#2176,.F.);
#2814=ORIENTED_EDGE('',*,*,#2168,.F.);
#2815=ORIENTED_EDGE('',*,*,#2177,.T.);
#2816=ORIENTED_EDGE('',*,*,#2165,.F.);
#2817=ORIENTED_EDGE('',*,*,#2169,.F.);
#2818=ORIENTED_EDGE('',*,*,#2176,.T.);
#2819=ORIENTED_EDGE('',*,*,#2159,.T.);
#2820=ORIENTED_EDGE('',*,*,#2166,.F.);
#2821=ORIENTED_EDGE('',*,*,#2177,.F.);
#2822=ORIENTED_EDGE('',*,*,#2175,.F.);
#2823=ORIENTED_EDGE('',*,*,#2167,.F.);
#2824=ORIENTED_EDGE('',*,*,#2174,.F.);
#2825=ORIENTED_EDGE('',*,*,#2178,.F.);
#2826=ORIENTED_EDGE('',*,*,#2171,.T.);
#2827=ORIENTED_EDGE('',*,*,#2153,.T.);
#2828=ORIENTED_EDGE('',*,*,#2179,.T.);
#2829=ORIENTED_EDGE('',*,*,#2172,.T.);
#2830=ORIENTED_EDGE('',*,*,#2180,.T.);
#2831=ORIENTED_EDGE('',*,*,#2141,.T.);
#2832=ORIENTED_EDGE('',*,*,#2181,.F.);
#2833=ORIENTED_EDGE('',*,*,#2161,.T.);
#2834=ORIENTED_EDGE('',*,*,#2179,.F.);
#2835=ORIENTED_EDGE('',*,*,#2182,.T.);
#2836=ORIENTED_EDGE('',*,*,#2183,.T.);
#2837=ORIENTED_EDGE('',*,*,#2184,.T.);
#2838=ORIENTED_EDGE('',*,*,#2185,.T.);
#2839=ORIENTED_EDGE('',*,*,#2152,.T.);
#2840=ORIENTED_EDGE('',*,*,#2186,.T.);
#2841=ORIENTED_EDGE('',*,*,#2173,.T.);
#2842=ORIENTED_EDGE('',*,*,#2181,.T.);
#2843=ORIENTED_EDGE('',*,*,#2182,.F.);
#2844=ORIENTED_EDGE('',*,*,#2187,.T.);
#2845=ORIENTED_EDGE('',*,*,#2188,.F.);
#2846=ORIENTED_EDGE('',*,*,#2187,.F.);
#2847=ORIENTED_EDGE('',*,*,#2183,.F.);
#2848=ORIENTED_EDGE('',*,*,#2189,.T.);
#2849=ORIENTED_EDGE('',*,*,#2190,.F.);
#2850=ORIENTED_EDGE('',*,*,#2189,.F.);
#2851=ORIENTED_EDGE('',*,*,#2184,.F.);
#2852=ORIENTED_EDGE('',*,*,#2191,.T.);
#2853=ORIENTED_EDGE('',*,*,#2192,.F.);
#2854=ORIENTED_EDGE('',*,*,#2191,.F.);
#2855=ORIENTED_EDGE('',*,*,#2185,.F.);
#2856=ORIENTED_EDGE('',*,*,#2193,.T.);
#2857=ORIENTED_EDGE('',*,*,#2194,.F.);
#2858=ORIENTED_EDGE('',*,*,#2193,.F.);
#2859=ORIENTED_EDGE('',*,*,#2158,.T.);
#2860=ORIENTED_EDGE('',*,*,#2180,.F.);
#2861=ORIENTED_EDGE('',*,*,#2178,.T.);
#2862=ORIENTED_EDGE('',*,*,#2186,.F.);
#2863=ORIENTED_EDGE('',*,*,#2188,.T.);
#2864=ORIENTED_EDGE('',*,*,#2190,.T.);
#2865=ORIENTED_EDGE('',*,*,#2192,.T.);
#2866=ORIENTED_EDGE('',*,*,#2194,.T.);
#2867=ORIENTED_EDGE('',*,*,#2195,.T.);
#2868=ORIENTED_EDGE('',*,*,#2196,.T.);
#2869=ORIENTED_EDGE('',*,*,#2197,.T.);
#2870=ORIENTED_EDGE('',*,*,#2196,.F.);
#2871=ORIENTED_EDGE('',*,*,#2198,.F.);
#2872=ORIENTED_EDGE('',*,*,#2199,.F.);
#2873=ORIENTED_EDGE('',*,*,#2200,.F.);
#2874=ORIENTED_EDGE('',*,*,#2201,.F.);
#2875=ORIENTED_EDGE('',*,*,#2202,.F.);
#2876=ORIENTED_EDGE('',*,*,#2203,.F.);
#2877=ORIENTED_EDGE('',*,*,#2195,.F.);
#2878=ORIENTED_EDGE('',*,*,#2204,.F.);
#2879=ORIENTED_EDGE('',*,*,#2205,.T.);
#2880=ORIENTED_EDGE('',*,*,#2197,.F.);
#2881=ORIENTED_EDGE('',*,*,#2205,.F.);
#2882=ORIENTED_EDGE('',*,*,#2206,.F.);
#2883=ORIENTED_EDGE('',*,*,#2207,.T.);
#2884=ORIENTED_EDGE('',*,*,#2208,.F.);
#2885=ORIENTED_EDGE('',*,*,#2207,.F.);
#2886=ORIENTED_EDGE('',*,*,#2208,.T.);
#2887=ORIENTED_EDGE('',*,*,#2209,.F.);
#2888=ORIENTED_EDGE('',*,*,#2210,.F.);
#2889=ORIENTED_EDGE('',*,*,#2211,.F.);
#2890=ORIENTED_EDGE('',*,*,#2212,.F.);
#2891=ORIENTED_EDGE('',*,*,#2213,.F.);
#2892=ORIENTED_EDGE('',*,*,#2214,.F.);
#2893=ORIENTED_EDGE('',*,*,#2215,.F.);
#2894=ORIENTED_EDGE('',*,*,#2216,.F.);
#2895=ORIENTED_EDGE('',*,*,#2217,.F.);
#2896=ORIENTED_EDGE('',*,*,#2218,.F.);
#2897=ORIENTED_EDGE('',*,*,#2219,.F.);
#2898=ORIENTED_EDGE('',*,*,#2220,.F.);
#2899=ORIENTED_EDGE('',*,*,#2221,.F.);
#2900=ORIENTED_EDGE('',*,*,#2222,.F.);
#2901=ORIENTED_EDGE('',*,*,#2223,.F.);
#2902=ORIENTED_EDGE('',*,*,#2224,.F.);
#2903=ORIENTED_EDGE('',*,*,#2225,.F.);
#2904=ORIENTED_EDGE('',*,*,#2226,.F.);
#2905=ORIENTED_EDGE('',*,*,#2226,.T.);
#2906=ORIENTED_EDGE('',*,*,#2221,.T.);
#2907=ORIENTED_EDGE('',*,*,#2227,.F.);
#2908=ORIENTED_EDGE('',*,*,#2200,.T.);
#2909=ORIENTED_EDGE('',*,*,#2228,.T.);
#2910=ORIENTED_EDGE('',*,*,#2223,.T.);
#2911=ORIENTED_EDGE('',*,*,#2212,.T.);
#2912=ORIENTED_EDGE('',*,*,#2229,.F.);
#2913=ORIENTED_EDGE('',*,*,#2201,.T.);
#2914=ORIENTED_EDGE('',*,*,#2227,.T.);
#2915=ORIENTED_EDGE('',*,*,#2214,.T.);
#2916=ORIENTED_EDGE('',*,*,#2210,.T.);
#2917=ORIENTED_EDGE('',*,*,#2230,.F.);
#2918=ORIENTED_EDGE('',*,*,#2202,.T.);
#2919=ORIENTED_EDGE('',*,*,#2229,.T.);
#2920=ORIENTED_EDGE('',*,*,#2219,.T.);
#2921=ORIENTED_EDGE('',*,*,#2231,.F.);
#2922=ORIENTED_EDGE('',*,*,#2198,.T.);
#2923=ORIENTED_EDGE('',*,*,#2232,.T.);
#2924=ORIENTED_EDGE('',*,*,#2215,.T.);
#2925=ORIENTED_EDGE('',*,*,#2224,.T.);
#2926=ORIENTED_EDGE('',*,*,#2228,.F.);
#2927=ORIENTED_EDGE('',*,*,#2199,.T.);
#2928=ORIENTED_EDGE('',*,*,#2231,.T.);
#2929=ORIENTED_EDGE('',*,*,#2218,.T.);
#2930=ORIENTED_EDGE('',*,*,#2213,.T.);
#2931=ORIENTED_EDGE('',*,*,#2222,.T.);
#2932=ORIENTED_EDGE('',*,*,#2225,.T.);
#2933=ORIENTED_EDGE('',*,*,#2220,.T.);
#2934=ORIENTED_EDGE('',*,*,#2217,.T.);
#2935=ORIENTED_EDGE('',*,*,#2211,.T.);
#2936=ORIENTED_EDGE('',*,*,#2206,.T.);
#2937=ORIENTED_EDGE('',*,*,#2216,.T.);
#2938=ORIENTED_EDGE('',*,*,#2232,.F.);
#2939=ORIENTED_EDGE('',*,*,#2203,.T.);
#2940=ORIENTED_EDGE('',*,*,#2230,.T.);
#2941=ORIENTED_EDGE('',*,*,#2209,.T.);
#2942=ORIENTED_EDGE('',*,*,#2233,.F.);
#2943=ORIENTED_EDGE('',*,*,#2234,.T.);
#2944=ORIENTED_EDGE('',*,*,#2204,.T.);
#2945=ORIENTED_EDGE('',*,*,#2234,.F.);
#2946=ORIENTED_EDGE('',*,*,#2235,.F.);
#2947=ORIENTED_EDGE('',*,*,#2236,.T.);
#2948=ORIENTED_EDGE('',*,*,#2233,.T.);
#2949=ORIENTED_EDGE('',*,*,#2236,.F.);
#2950=ORIENTED_EDGE('',*,*,#2237,.F.);
#2951=ORIENTED_EDGE('',*,*,#2238,.T.);
#2952=ORIENTED_EDGE('',*,*,#2235,.T.);
#2953=ORIENTED_EDGE('',*,*,#2238,.F.);
#2954=ORIENTED_EDGE('',*,*,#2237,.T.);
#2955=ORIENTED_EDGE('',*,*,#2239,.F.);
#2956=ORIENTED_EDGE('',*,*,#2240,.F.);
#2957=ORIENTED_EDGE('',*,*,#2241,.F.);
#2958=ORIENTED_EDGE('',*,*,#2242,.F.);
#2959=ORIENTED_EDGE('',*,*,#2243,.T.);
#2960=ORIENTED_EDGE('',*,*,#2244,.T.);
#2961=ORIENTED_EDGE('',*,*,#2245,.T.);
#2962=ORIENTED_EDGE('',*,*,#2246,.F.);
#2963=ORIENTED_EDGE('',*,*,#2247,.T.);
#2964=ORIENTED_EDGE('',*,*,#2248,.F.);
#2965=ORIENTED_EDGE('',*,*,#2246,.T.);
#2966=ORIENTED_EDGE('',*,*,#2249,.T.);
#2967=ORIENTED_EDGE('',*,*,#2242,.T.);
#2968=ORIENTED_EDGE('',*,*,#2250,.F.);
#2969=ORIENTED_EDGE('',*,*,#2251,.F.);
#2970=ORIENTED_EDGE('',*,*,#2252,.T.);
#2971=ORIENTED_EDGE('',*,*,#2248,.T.);
#2972=ORIENTED_EDGE('',*,*,#2240,.T.);
#2973=ORIENTED_EDGE('',*,*,#2253,.F.);
#2974=ORIENTED_EDGE('',*,*,#2254,.F.);
#2975=ORIENTED_EDGE('',*,*,#2255,.T.);
#2976=ORIENTED_EDGE('',*,*,#2256,.T.);
#2977=ORIENTED_EDGE('',*,*,#2257,.T.);
#2978=ORIENTED_EDGE('',*,*,#2258,.F.);
#2979=ORIENTED_EDGE('',*,*,#2244,.F.);
#2980=ORIENTED_EDGE('',*,*,#2253,.T.);
#2981=ORIENTED_EDGE('',*,*,#2259,.T.);
#2982=ORIENTED_EDGE('',*,*,#2249,.F.);
#2983=ORIENTED_EDGE('',*,*,#2245,.F.);
#2984=ORIENTED_EDGE('',*,*,#2258,.T.);
#2985=ORIENTED_EDGE('',*,*,#2239,.T.);
#2986=ORIENTED_EDGE('',*,*,#2247,.F.);
#2987=ORIENTED_EDGE('',*,*,#2259,.F.);
#2988=ORIENTED_EDGE('',*,*,#2257,.F.);
#2989=ORIENTED_EDGE('',*,*,#2243,.F.);
#2990=ORIENTED_EDGE('',*,*,#2252,.F.);
#2991=ORIENTED_EDGE('',*,*,#2260,.F.);
#2992=ORIENTED_EDGE('',*,*,#2254,.T.);
#2993=ORIENTED_EDGE('',*,*,#2261,.F.);
#2994=ORIENTED_EDGE('',*,*,#2262,.F.);
#2995=ORIENTED_EDGE('',*,*,#2263,.F.);
#2996=ORIENTED_EDGE('',*,*,#2264,.F.);
#2997=ORIENTED_EDGE('',*,*,#2265,.T.);
#2998=ORIENTED_EDGE('',*,*,#2266,.T.);
#2999=ORIENTED_EDGE('',*,*,#2267,.T.);
#3000=ORIENTED_EDGE('',*,*,#2268,.F.);
#3001=ORIENTED_EDGE('',*,*,#2269,.F.);
#3002=ORIENTED_EDGE('',*,*,#2270,.F.);
#3003=ORIENTED_EDGE('',*,*,#2271,.F.);
#3004=ORIENTED_EDGE('',*,*,#2262,.T.);
#3005=ORIENTED_EDGE('',*,*,#2272,.T.);
#3006=ORIENTED_EDGE('',*,*,#2273,.F.);
#3007=ORIENTED_EDGE('',*,*,#2268,.T.);
#3008=ORIENTED_EDGE('',*,*,#2274,.T.);
#3009=ORIENTED_EDGE('',*,*,#2264,.T.);
#3010=ORIENTED_EDGE('',*,*,#2275,.T.);
#3011=ORIENTED_EDGE('',*,*,#2276,.T.);
#3012=ORIENTED_EDGE('',*,*,#2277,.T.);
#3013=ORIENTED_EDGE('',*,*,#2273,.T.);
#3014=ORIENTED_EDGE('',*,*,#2269,.T.);
#3015=ORIENTED_EDGE('',*,*,#2278,.T.);
#3016=ORIENTED_EDGE('',*,*,#2279,.F.);
#3017=ORIENTED_EDGE('',*,*,#2266,.F.);
#3018=ORIENTED_EDGE('',*,*,#2280,.T.);
#3019=ORIENTED_EDGE('',*,*,#2274,.F.);
#3020=ORIENTED_EDGE('',*,*,#2267,.F.);
#3021=ORIENTED_EDGE('',*,*,#2279,.T.);
#3022=ORIENTED_EDGE('',*,*,#2261,.T.);
#3023=ORIENTED_EDGE('',*,*,#2272,.F.);
#3024=ORIENTED_EDGE('',*,*,#2280,.F.);
#3025=ORIENTED_EDGE('',*,*,#2278,.F.);
#3026=ORIENTED_EDGE('',*,*,#2265,.F.);
#3027=ORIENTED_EDGE('',*,*,#2277,.F.);
#3028=ORIENTED_EDGE('',*,*,#2281,.F.);
#3029=ORIENTED_EDGE('',*,*,#2270,.T.);
#3030=ORIENTED_EDGE('',*,*,#2282,.F.);
#3031=ORIENTED_EDGE('',*,*,#2283,.F.);
#3032=ORIENTED_EDGE('',*,*,#2284,.F.);
#3033=ORIENTED_EDGE('',*,*,#2285,.F.);
#3034=ORIENTED_EDGE('',*,*,#2286,.T.);
#3035=ORIENTED_EDGE('',*,*,#2287,.T.);
#3036=ORIENTED_EDGE('',*,*,#2288,.T.);
#3037=ORIENTED_EDGE('',*,*,#2289,.T.);
#3038=ORIENTED_EDGE('',*,*,#2290,.T.);
#3039=ORIENTED_EDGE('',*,*,#2291,.T.);
#3040=ORIENTED_EDGE('',*,*,#2292,.T.);
#3041=ORIENTED_EDGE('',*,*,#2287,.F.);
#3042=ORIENTED_EDGE('',*,*,#2286,.F.);
#3043=ORIENTED_EDGE('',*,*,#2285,.T.);
#3044=ORIENTED_EDGE('',*,*,#2293,.F.);
#3045=ORIENTED_EDGE('',*,*,#2294,.T.);
#3046=ORIENTED_EDGE('',*,*,#2283,.T.);
#3047=ORIENTED_EDGE('',*,*,#2295,.F.);
#3048=ORIENTED_EDGE('',*,*,#2296,.F.);
#3049=ORIENTED_EDGE('',*,*,#2297,.T.);
#3050=ORIENTED_EDGE('',*,*,#2298,.T.);
#3051=ORIENTED_EDGE('',*,*,#2299,.T.);
#3052=ORIENTED_EDGE('',*,*,#2300,.F.);
#3053=ORIENTED_EDGE('',*,*,#2291,.F.);
#3054=ORIENTED_EDGE('',*,*,#2295,.T.);
#3055=ORIENTED_EDGE('',*,*,#2301,.T.);
#3056=ORIENTED_EDGE('',*,*,#2288,.F.);
#3057=ORIENTED_EDGE('',*,*,#2292,.F.);
#3058=ORIENTED_EDGE('',*,*,#2300,.T.);
#3059=ORIENTED_EDGE('',*,*,#2282,.T.);
#3060=ORIENTED_EDGE('',*,*,#2289,.F.);
#3061=ORIENTED_EDGE('',*,*,#2301,.F.);
#3062=ORIENTED_EDGE('',*,*,#2299,.F.);
#3063=ORIENTED_EDGE('',*,*,#2290,.F.);
#3064=ORIENTED_EDGE('',*,*,#2294,.F.);
#3065=ORIENTED_EDGE('',*,*,#2302,.F.);
#3066=ORIENTED_EDGE('',*,*,#2296,.T.);
#3067=ORIENTED_EDGE('',*,*,#2241,.T.);
#3068=ORIENTED_EDGE('',*,*,#2303,.T.);
#3069=ORIENTED_EDGE('',*,*,#2263,.T.);
#3070=ORIENTED_EDGE('',*,*,#2304,.F.);
#3071=ORIENTED_EDGE('',*,*,#2284,.T.);
#3072=ORIENTED_EDGE('',*,*,#2305,.T.);
#3073=ORIENTED_EDGE('',*,*,#2306,.F.);
#3074=ORIENTED_EDGE('',*,*,#2303,.F.);
#3075=ORIENTED_EDGE('',*,*,#2256,.F.);
#3076=ORIENTED_EDGE('',*,*,#2255,.F.);
#3077=ORIENTED_EDGE('',*,*,#2307,.F.);
#3078=ORIENTED_EDGE('',*,*,#2276,.F.);
#3079=ORIENTED_EDGE('',*,*,#2275,.F.);
#3080=ORIENTED_EDGE('',*,*,#2260,.T.);
#3081=ORIENTED_EDGE('',*,*,#2308,.T.);
#3082=ORIENTED_EDGE('',*,*,#2302,.T.);
#3083=ORIENTED_EDGE('',*,*,#2309,.T.);
#3084=ORIENTED_EDGE('',*,*,#2281,.T.);
#3085=ORIENTED_EDGE('',*,*,#2307,.T.);
#3086=ORIENTED_EDGE('',*,*,#2310,.T.);
#3087=ORIENTED_EDGE('',*,*,#2305,.F.);
#3088=ORIENTED_EDGE('',*,*,#2298,.F.);
#3089=ORIENTED_EDGE('',*,*,#2297,.F.);
#3090=ORIENTED_EDGE('',*,*,#2308,.F.);
#3091=ORIENTED_EDGE('',*,*,#2251,.T.);
#3092=ORIENTED_EDGE('',*,*,#2250,.T.);
#3093=ORIENTED_EDGE('',*,*,#2271,.T.);
#3094=ORIENTED_EDGE('',*,*,#2309,.F.);
#3095=ORIENTED_EDGE('',*,*,#2293,.T.);
#3096=ORIENTED_EDGE('',*,*,#2304,.T.);
#3097=ORIENTED_EDGE('',*,*,#2310,.F.);
#3098=ORIENTED_EDGE('',*,*,#2311,.T.);
#3099=ORIENTED_EDGE('',*,*,#2306,.T.);
#3100=ORIENTED_EDGE('',*,*,#2311,.F.);
#3101=ORIENTED_EDGE('',*,*,#2312,.T.);
#3102=ORIENTED_EDGE('',*,*,#2313,.F.);
#3103=ORIENTED_EDGE('',*,*,#2313,.T.);
#3104=ORIENTED_EDGE('',*,*,#2314,.T.);
#3105=ORIENTED_EDGE('',*,*,#2315,.F.);
#3106=ORIENTED_EDGE('',*,*,#2314,.F.);
#3107=ORIENTED_EDGE('',*,*,#2316,.F.);
#3108=ORIENTED_EDGE('',*,*,#2315,.T.);
#3109=ORIENTED_EDGE('',*,*,#2317,.F.);
#3110=ORIENTED_EDGE('',*,*,#2318,.T.);
#3111=ORIENTED_EDGE('',*,*,#2316,.T.);
#3112=ORIENTED_EDGE('',*,*,#2318,.F.);
#3113=ORIENTED_EDGE('',*,*,#2317,.T.);
#3114=ORIENTED_EDGE('',*,*,#2319,.F.);
#3115=ORIENTED_EDGE('',*,*,#2319,.T.);
#3116=ORIENTED_EDGE('',*,*,#2320,.T.);
#3117=ORIENTED_EDGE('',*,*,#2321,.F.);
#3118=ORIENTED_EDGE('',*,*,#2320,.F.);
#3119=ORIENTED_EDGE('',*,*,#2322,.F.);
#3120=ORIENTED_EDGE('',*,*,#2321,.T.);
#3121=ORIENTED_EDGE('',*,*,#2322,.T.);
#3122=ORIENTED_EDGE('',*,*,#2323,.T.);
#3123=ORIENTED_EDGE('',*,*,#2324,.F.);
#3124=ORIENTED_EDGE('',*,*,#2323,.F.);
#3125=ORIENTED_EDGE('',*,*,#2324,.T.);
#3126=ORIENTED_EDGE('',*,*,#2325,.F.);
#3127=ORIENTED_EDGE('',*,*,#2325,.T.);
#3128=ORIENTED_EDGE('',*,*,#2326,.T.);
#3129=ORIENTED_EDGE('',*,*,#2327,.F.);
#3130=ORIENTED_EDGE('',*,*,#2326,.F.);
#3131=ORIENTED_EDGE('',*,*,#2327,.T.);
#3132=ORIENTED_EDGE('',*,*,#2328,.F.);
#3133=ORIENTED_EDGE('',*,*,#2328,.T.);
#3134=ORIENTED_EDGE('',*,*,#2329,.T.);
#3135=ORIENTED_EDGE('',*,*,#2330,.F.);
#3136=ORIENTED_EDGE('',*,*,#2329,.F.);
#3137=ORIENTED_EDGE('',*,*,#2331,.F.);
#3138=ORIENTED_EDGE('',*,*,#2330,.T.);
#3139=ORIENTED_EDGE('',*,*,#2331,.T.);
#3140=ORIENTED_EDGE('',*,*,#2332,.T.);
#3141=ORIENTED_EDGE('',*,*,#2333,.F.);
#3142=ORIENTED_EDGE('',*,*,#2332,.F.);
#3143=ORIENTED_EDGE('',*,*,#2334,.F.);
#3144=ORIENTED_EDGE('',*,*,#2333,.T.);
#3145=ORIENTED_EDGE('',*,*,#2334,.T.);
#3146=ORIENTED_EDGE('',*,*,#2335,.T.);
#3147=ORIENTED_EDGE('',*,*,#2312,.F.);
#3148=ORIENTED_EDGE('',*,*,#2335,.F.);
#3149=ORIENTED_EDGE('',*,*,#2336,.T.);
#3150=ORIENTED_EDGE('',*,*,#2337,.T.);
#3151=ORIENTED_EDGE('',*,*,#2338,.T.);
#3152=ORIENTED_EDGE('',*,*,#2339,.T.);
#3153=ORIENTED_EDGE('',*,*,#2337,.F.);
#3154=ORIENTED_EDGE('',*,*,#2340,.F.);
#3155=ORIENTED_EDGE('',*,*,#2341,.F.);
#3156=ORIENTED_EDGE('',*,*,#2342,.T.);
#3157=ORIENTED_EDGE('',*,*,#2338,.F.);
#3158=ORIENTED_EDGE('',*,*,#2339,.F.);
#3159=ORIENTED_EDGE('',*,*,#2342,.F.);
#3160=ORIENTED_EDGE('',*,*,#2343,.T.);
#3161=ORIENTED_EDGE('',*,*,#2336,.F.);
#3162=ORIENTED_EDGE('',*,*,#2340,.T.);
#3163=ORIENTED_EDGE('',*,*,#2341,.T.);
#3164=ORIENTED_EDGE('',*,*,#2344,.T.);
#3165=ORIENTED_EDGE('',*,*,#2345,.T.);
#3166=ORIENTED_EDGE('',*,*,#2344,.F.);
#3167=ORIENTED_EDGE('',*,*,#2346,.T.);
#3168=ORIENTED_EDGE('',*,*,#2345,.F.);
#3169=ORIENTED_EDGE('',*,*,#2347,.T.);
#3170=ORIENTED_EDGE('',*,*,#2348,.F.);
#3171=ORIENTED_EDGE('',*,*,#2349,.F.);
#3172=ORIENTED_EDGE('',*,*,#2350,.T.);
#3173=ORIENTED_EDGE('',*,*,#2351,.T.);
#3174=ORIENTED_EDGE('',*,*,#2352,.F.);
#3175=ORIENTED_EDGE('',*,*,#2347,.F.);
#3176=ORIENTED_EDGE('',*,*,#2353,.T.);
#3177=ORIENTED_EDGE('',*,*,#2354,.T.);
#3178=ORIENTED_EDGE('',*,*,#2355,.F.);
#3179=ORIENTED_EDGE('',*,*,#2351,.F.);
#3180=ORIENTED_EDGE('',*,*,#2356,.T.);
#3181=ORIENTED_EDGE('',*,*,#2357,.T.);
#3182=ORIENTED_EDGE('',*,*,#2358,.F.);
#3183=ORIENTED_EDGE('',*,*,#2354,.F.);
#3184=ORIENTED_EDGE('',*,*,#2359,.T.);
#3185=ORIENTED_EDGE('',*,*,#2360,.F.);
#3186=ORIENTED_EDGE('',*,*,#2361,.T.);
#3187=ORIENTED_EDGE('',*,*,#2349,.T.);
#3188=ORIENTED_EDGE('',*,*,#2362,.F.);
#3189=ORIENTED_EDGE('',*,*,#2348,.T.);
#3190=ORIENTED_EDGE('',*,*,#2352,.T.);
#3191=ORIENTED_EDGE('',*,*,#2355,.T.);
#3192=ORIENTED_EDGE('',*,*,#2363,.T.);
#3193=ORIENTED_EDGE('',*,*,#2346,.F.);
#3194=ORIENTED_EDGE('',*,*,#2363,.F.);
#3195=ORIENTED_EDGE('',*,*,#2358,.T.);
#3196=ORIENTED_EDGE('',*,*,#2364,.T.);
#3197=ORIENTED_EDGE('',*,*,#2362,.T.);
#3198=ORIENTED_EDGE('',*,*,#2360,.T.);
#3199=ORIENTED_EDGE('',*,*,#2364,.F.);
#3200=ORIENTED_EDGE('',*,*,#2357,.F.);
#3201=ORIENTED_EDGE('',*,*,#2365,.T.);
#3202=ORIENTED_EDGE('',*,*,#2343,.F.);
#3203=ORIENTED_EDGE('',*,*,#2366,.T.);
#3204=ORIENTED_EDGE('',*,*,#2356,.F.);
#3205=ORIENTED_EDGE('',*,*,#2353,.F.);
#3206=ORIENTED_EDGE('',*,*,#2350,.F.);
#3207=ORIENTED_EDGE('',*,*,#2361,.F.);
#3208=ORIENTED_EDGE('',*,*,#2365,.F.);
#3209=ORIENTED_EDGE('',*,*,#2359,.F.);
#3210=ORIENTED_EDGE('',*,*,#2366,.F.);
#3211=ORIENTED_EDGE('',*,*,#2367,.T.);
#3212=ORIENTED_EDGE('',*,*,#2367,.F.);
#3213=ORIENTED_EDGE('',*,*,#2368,.T.);
#3214=ORIENTED_EDGE('',*,*,#2368,.F.);
#3215=ORIENTED_EDGE('',*,*,#2369,.T.);
#3216=ORIENTED_EDGE('',*,*,#2369,.F.);
#3217=ORIENTED_EDGE('',*,*,#2370,.T.);
#3218=ORIENTED_EDGE('',*,*,#2370,.F.);
#3219=ORIENTED_EDGE('',*,*,#2371,.T.);
#3220=ORIENTED_EDGE('',*,*,#2371,.F.);
#3221=ORIENTED_EDGE('',*,*,#2372,.T.);
#3222=ORIENTED_EDGE('',*,*,#2372,.F.);
#3223=ORIENTED_EDGE('',*,*,#2373,.T.);
#3224=ORIENTED_EDGE('',*,*,#2373,.F.);
#3225=ORIENTED_EDGE('',*,*,#2374,.T.);
#3226=ORIENTED_EDGE('',*,*,#2374,.F.);
#3227=ORIENTED_EDGE('',*,*,#2375,.T.);
#3228=ORIENTED_EDGE('',*,*,#2375,.F.);
#3229=ORIENTED_EDGE('',*,*,#2376,.T.);
#3230=ORIENTED_EDGE('',*,*,#2376,.F.);
#3231=ORIENTED_EDGE('',*,*,#2377,.T.);
#3232=ORIENTED_EDGE('',*,*,#2377,.F.);
#3233=ORIENTED_EDGE('',*,*,#2378,.T.);
#3234=ORIENTED_EDGE('',*,*,#2378,.F.);
#3235=ORIENTED_EDGE('',*,*,#2379,.T.);
#3236=ORIENTED_EDGE('',*,*,#2379,.F.);
#3237=ORIENTED_EDGE('',*,*,#2380,.T.);
#3238=ORIENTED_EDGE('',*,*,#2380,.F.);
#3239=ORIENTED_EDGE('',*,*,#2381,.T.);
#3240=ORIENTED_EDGE('',*,*,#2381,.F.);
#3241=ORIENTED_EDGE('',*,*,#2382,.T.);
#3242=ORIENTED_EDGE('',*,*,#2382,.F.);
#3243=ORIENTED_EDGE('',*,*,#2383,.T.);
#3244=ORIENTED_EDGE('',*,*,#2383,.F.);
#3245=ORIENTED_EDGE('',*,*,#2384,.T.);
#3246=ORIENTED_EDGE('',*,*,#2384,.F.);
#3247=ORIENTED_EDGE('',*,*,#2385,.F.);
#3248=ORIENTED_EDGE('',*,*,#2386,.T.);
#3249=ORIENTED_EDGE('',*,*,#2387,.T.);
#3250=ORIENTED_EDGE('',*,*,#2388,.T.);
#3251=ORIENTED_EDGE('',*,*,#2389,.T.);
#3252=ORIENTED_EDGE('',*,*,#2390,.T.);
#3253=ORIENTED_EDGE('',*,*,#2391,.T.);
#3254=ORIENTED_EDGE('',*,*,#2392,.T.);
#3255=ORIENTED_EDGE('',*,*,#2386,.F.);
#3256=ORIENTED_EDGE('',*,*,#2393,.T.);
#3257=ORIENTED_EDGE('',*,*,#2388,.F.);
#3258=ORIENTED_EDGE('',*,*,#2394,.F.);
#3259=ORIENTED_EDGE('',*,*,#2395,.T.);
#3260=ORIENTED_EDGE('',*,*,#2396,.F.);
#3261=ORIENTED_EDGE('',*,*,#2397,.F.);
#3262=ORIENTED_EDGE('',*,*,#2395,.F.);
#3263=ORIENTED_EDGE('',*,*,#2398,.F.);
#3264=ORIENTED_EDGE('',*,*,#2399,.T.);
#3265=ORIENTED_EDGE('',*,*,#2400,.F.);
#3266=ORIENTED_EDGE('',*,*,#2399,.F.);
#3267=ORIENTED_EDGE('',*,*,#2401,.F.);
#3268=ORIENTED_EDGE('',*,*,#2402,.F.);
#3269=ORIENTED_EDGE('',*,*,#2393,.F.);
#3270=ORIENTED_EDGE('',*,*,#2397,.T.);
#3271=ORIENTED_EDGE('',*,*,#2403,.T.);
#3272=ORIENTED_EDGE('',*,*,#2389,.F.);
#3273=ORIENTED_EDGE('',*,*,#2394,.T.);
#3274=ORIENTED_EDGE('',*,*,#2387,.F.);
#3275=ORIENTED_EDGE('',*,*,#2404,.F.);
#3276=ORIENTED_EDGE('',*,*,#2398,.T.);
#3277=ORIENTED_EDGE('',*,*,#2404,.T.);
#3278=ORIENTED_EDGE('',*,*,#2392,.F.);
#3279=ORIENTED_EDGE('',*,*,#2405,.F.);
#3280=ORIENTED_EDGE('',*,*,#2401,.T.);
#3281=ORIENTED_EDGE('',*,*,#2405,.T.);
#3282=ORIENTED_EDGE('',*,*,#2391,.F.);
#3283=ORIENTED_EDGE('',*,*,#2406,.F.);
#3284=ORIENTED_EDGE('',*,*,#2402,.T.);
#3285=ORIENTED_EDGE('',*,*,#2406,.T.);
#3286=ORIENTED_EDGE('',*,*,#2390,.F.);
#3287=ORIENTED_EDGE('',*,*,#2403,.F.);
#3288=ORIENTED_EDGE('',*,*,#2396,.T.);
#3289=ORIENTED_EDGE('',*,*,#2407,.F.);
#3290=ORIENTED_EDGE('',*,*,#2400,.T.);
#3291=ORIENTED_EDGE('',*,*,#2407,.T.);
#3292=ORIENTED_EDGE('',*,*,#2408,.T.);
#3293=ORIENTED_EDGE('',*,*,#2409,.T.);
#3294=ORIENTED_EDGE('',*,*,#2410,.T.);
#3295=ORIENTED_EDGE('',*,*,#2408,.F.);
#3296=ORIENTED_EDGE('',*,*,#2411,.F.);
#3297=ORIENTED_EDGE('',*,*,#2385,.T.);
#3298=ORIENTED_EDGE('',*,*,#2410,.F.);
#3299=ORIENTED_EDGE('',*,*,#2412,.T.);
#3300=ORIENTED_EDGE('',*,*,#2413,.F.);
#3301=ORIENTED_EDGE('',*,*,#2414,.F.);
#3302=ORIENTED_EDGE('',*,*,#2412,.F.);
#3303=ORIENTED_EDGE('',*,*,#2409,.F.);
#3304=ORIENTED_EDGE('',*,*,#2413,.T.);
#3305=ORIENTED_EDGE('',*,*,#2414,.T.);
#3306=ORIENTED_EDGE('',*,*,#2415,.T.);
#3307=ORIENTED_EDGE('',*,*,#2411,.T.);
#3308=ORIENTED_EDGE('',*,*,#2415,.F.);
#3309=ORIENTED_EDGE('',*,*,#2416,.F.);
#3310=ORIENTED_EDGE('',*,*,#2417,.T.);
#3311=ORIENTED_EDGE('',*,*,#2418,.F.);
#3312=ORIENTED_EDGE('',*,*,#2417,.F.);
#3313=ORIENTED_EDGE('',*,*,#2419,.F.);
#3314=ORIENTED_EDGE('',*,*,#2420,.T.);
#3315=ORIENTED_EDGE('',*,*,#2421,.F.);
#3316=ORIENTED_EDGE('',*,*,#2420,.F.);
#3317=ORIENTED_EDGE('',*,*,#2422,.T.);
#3318=ORIENTED_EDGE('',*,*,#2423,.F.);
#3319=ORIENTED_EDGE('',*,*,#2424,.F.);
#3320=ORIENTED_EDGE('',*,*,#2425,.T.);
#3321=ORIENTED_EDGE('',*,*,#2426,.T.);
#3322=ORIENTED_EDGE('',*,*,#2427,.F.);
#3323=ORIENTED_EDGE('',*,*,#2428,.F.);
#3324=ORIENTED_EDGE('',*,*,#2423,.T.);
#3325=ORIENTED_EDGE('',*,*,#2429,.T.);
#3326=ORIENTED_EDGE('',*,*,#2430,.F.);
#3327=ORIENTED_EDGE('',*,*,#2431,.F.);
#3328=ORIENTED_EDGE('',*,*,#2427,.T.);
#3329=ORIENTED_EDGE('',*,*,#2432,.T.);
#3330=ORIENTED_EDGE('',*,*,#2433,.F.);
#3331=ORIENTED_EDGE('',*,*,#2434,.F.);
#3332=ORIENTED_EDGE('',*,*,#2430,.T.);
#3333=ORIENTED_EDGE('',*,*,#2435,.T.);
#3334=ORIENTED_EDGE('',*,*,#2436,.F.);
#3335=ORIENTED_EDGE('',*,*,#2437,.F.);
#3336=ORIENTED_EDGE('',*,*,#2433,.T.);
#3337=ORIENTED_EDGE('',*,*,#2438,.T.);
#3338=ORIENTED_EDGE('',*,*,#2439,.F.);
#3339=ORIENTED_EDGE('',*,*,#2440,.F.);
#3340=ORIENTED_EDGE('',*,*,#2436,.T.);
#3341=ORIENTED_EDGE('',*,*,#2441,.T.);
#3342=ORIENTED_EDGE('',*,*,#2442,.F.);
#3343=ORIENTED_EDGE('',*,*,#2443,.F.);
#3344=ORIENTED_EDGE('',*,*,#2439,.T.);
#3345=ORIENTED_EDGE('',*,*,#2444,.T.);
#3346=ORIENTED_EDGE('',*,*,#2425,.F.);
#3347=ORIENTED_EDGE('',*,*,#2445,.F.);
#3348=ORIENTED_EDGE('',*,*,#2442,.T.);
#3349=ORIENTED_EDGE('',*,*,#2422,.F.);
#3350=ORIENTED_EDGE('',*,*,#2444,.F.);
#3351=ORIENTED_EDGE('',*,*,#2441,.F.);
#3352=ORIENTED_EDGE('',*,*,#2438,.F.);
#3353=ORIENTED_EDGE('',*,*,#2435,.F.);
#3354=ORIENTED_EDGE('',*,*,#2432,.F.);
#3355=ORIENTED_EDGE('',*,*,#2429,.F.);
#3356=ORIENTED_EDGE('',*,*,#2426,.F.);
#3357=ORIENTED_EDGE('',*,*,#2416,.T.);
#3358=ORIENTED_EDGE('',*,*,#2419,.T.);
#3359=ORIENTED_EDGE('',*,*,#2445,.T.);
#3360=ORIENTED_EDGE('',*,*,#2424,.T.);
#3361=ORIENTED_EDGE('',*,*,#2428,.T.);
#3362=ORIENTED_EDGE('',*,*,#2431,.T.);
#3363=ORIENTED_EDGE('',*,*,#2434,.T.);
#3364=ORIENTED_EDGE('',*,*,#2437,.T.);
#3365=ORIENTED_EDGE('',*,*,#2440,.T.);
#3366=ORIENTED_EDGE('',*,*,#2443,.T.);
#3367=ORIENTED_EDGE('',*,*,#2418,.T.);
#3368=ORIENTED_EDGE('',*,*,#2421,.T.);
#3369=ORIENTED_EDGE('',*,*,#2446,.T.);
#3370=ORIENTED_EDGE('',*,*,#2447,.T.);
#3371=ORIENTED_EDGE('',*,*,#2448,.T.);
#3372=ORIENTED_EDGE('',*,*,#2447,.F.);
#3373=ORIENTED_EDGE('',*,*,#2449,.T.);
#3374=ORIENTED_EDGE('',*,*,#2450,.T.);
#3375=ORIENTED_EDGE('',*,*,#2451,.T.);
#3376=ORIENTED_EDGE('',*,*,#2449,.F.);
#3377=ORIENTED_EDGE('',*,*,#2446,.F.);
#3378=ORIENTED_EDGE('',*,*,#2451,.F.);
#3379=ORIENTED_EDGE('',*,*,#2448,.F.);
#3380=ORIENTED_EDGE('',*,*,#2452,.F.);
#3381=ORIENTED_EDGE('',*,*,#2453,.T.);
#3382=ORIENTED_EDGE('',*,*,#2454,.T.);
#3383=ORIENTED_EDGE('',*,*,#2455,.T.);
#3384=ORIENTED_EDGE('',*,*,#2456,.T.);
#3385=ORIENTED_EDGE('',*,*,#2455,.F.);
#3386=ORIENTED_EDGE('',*,*,#2457,.F.);
#3387=ORIENTED_EDGE('',*,*,#2458,.T.);
#3388=ORIENTED_EDGE('',*,*,#2453,.F.);
#3389=ORIENTED_EDGE('',*,*,#2454,.F.);
#3390=ORIENTED_EDGE('',*,*,#2458,.F.);
#3391=ORIENTED_EDGE('',*,*,#2459,.F.);
#3392=ORIENTED_EDGE('',*,*,#2456,.F.);
#3393=ORIENTED_EDGE('',*,*,#2460,.T.);
#3394=ORIENTED_EDGE('',*,*,#2461,.T.);
#3395=ORIENTED_EDGE('',*,*,#2462,.T.);
#3396=ORIENTED_EDGE('',*,*,#2459,.T.);
#3397=ORIENTED_EDGE('',*,*,#2457,.T.);
#3398=ORIENTED_EDGE('',*,*,#2462,.F.);
#3399=ORIENTED_EDGE('',*,*,#2461,.F.);
#3400=ORIENTED_EDGE('',*,*,#2450,.F.);
#3401=ORIENTED_EDGE('',*,*,#2463,.F.);
#3402=ORIENTED_EDGE('',*,*,#2464,.F.);
#3403=ORIENTED_EDGE('',*,*,#2465,.T.);
#3404=ORIENTED_EDGE('',*,*,#2466,.T.);
#3405=ORIENTED_EDGE('',*,*,#2467,.T.);
#3406=ORIENTED_EDGE('',*,*,#2465,.F.);
#3407=ORIENTED_EDGE('',*,*,#2468,.T.);
#3408=ORIENTED_EDGE('',*,*,#2469,.F.);
#3409=ORIENTED_EDGE('',*,*,#2469,.T.);
#3410=ORIENTED_EDGE('',*,*,#2470,.T.);
#3411=ORIENTED_EDGE('',*,*,#2471,.F.);
#3412=ORIENTED_EDGE('',*,*,#2470,.F.);
#3413=ORIENTED_EDGE('',*,*,#2471,.T.);
#3414=ORIENTED_EDGE('',*,*,#2472,.T.);
#3415=ORIENTED_EDGE('',*,*,#2473,.F.);
#3416=ORIENTED_EDGE('',*,*,#2472,.F.);
#3417=ORIENTED_EDGE('',*,*,#2473,.T.);
#3418=ORIENTED_EDGE('',*,*,#2474,.T.);
#3419=ORIENTED_EDGE('',*,*,#2460,.F.);
#3420=ORIENTED_EDGE('',*,*,#2474,.F.);
#3421=ORIENTED_EDGE('',*,*,#2467,.F.);
#3422=ORIENTED_EDGE('',*,*,#2475,.T.);
#3423=ORIENTED_EDGE('',*,*,#2452,.T.);
#3424=ORIENTED_EDGE('',*,*,#2475,.F.);
#3425=ORIENTED_EDGE('',*,*,#2466,.F.);
#3426=ORIENTED_EDGE('',*,*,#2468,.F.);
#3427=ORIENTED_EDGE('',*,*,#2476,.T.);
#3428=ORIENTED_EDGE('',*,*,#2463,.T.);
#3429=ORIENTED_EDGE('',*,*,#2464,.T.);
#3430=ORIENTED_EDGE('',*,*,#2476,.F.);
#3431=ORIENTED_EDGE('',*,*,#2477,.F.);
#3432=ORIENTED_EDGE('',*,*,#2478,.T.);
#3433=ORIENTED_EDGE('',*,*,#2479,.T.);
#3434=ORIENTED_EDGE('',*,*,#2480,.F.);
#3435=ORIENTED_EDGE('',*,*,#2481,.F.);
#3436=ORIENTED_EDGE('',*,*,#2482,.F.);
#3437=ORIENTED_EDGE('',*,*,#2480,.T.);
#3438=ORIENTED_EDGE('',*,*,#2483,.T.);
#3439=ORIENTED_EDGE('',*,*,#2484,.F.);
#3440=ORIENTED_EDGE('',*,*,#2485,.F.);
#3441=ORIENTED_EDGE('',*,*,#2486,.T.);
#3442=ORIENTED_EDGE('',*,*,#2487,.T.);
#3443=ORIENTED_EDGE('',*,*,#2478,.F.);
#3444=ORIENTED_EDGE('',*,*,#2488,.F.);
#3445=ORIENTED_EDGE('',*,*,#2489,.F.);
#3446=ORIENTED_EDGE('',*,*,#2484,.T.);
#3447=ORIENTED_EDGE('',*,*,#2490,.T.);
#3448=ORIENTED_EDGE('',*,*,#2486,.F.);
#3449=ORIENTED_EDGE('',*,*,#2479,.F.);
#3450=ORIENTED_EDGE('',*,*,#2487,.F.);
#3451=ORIENTED_EDGE('',*,*,#2490,.F.);
#3452=ORIENTED_EDGE('',*,*,#2483,.F.);
#3453=ORIENTED_EDGE('',*,*,#2491,.F.);
#3454=ORIENTED_EDGE('',*,*,#2492,.T.);
#3455=ORIENTED_EDGE('',*,*,#2493,.T.);
#3456=ORIENTED_EDGE('',*,*,#2492,.F.);
#3457=ORIENTED_EDGE('',*,*,#2491,.T.);
#3458=ORIENTED_EDGE('',*,*,#2494,.F.);
#3459=ORIENTED_EDGE('',*,*,#2495,.F.);
#3460=ORIENTED_EDGE('',*,*,#2496,.T.);
#3461=ORIENTED_EDGE('',*,*,#2494,.T.);
#3462=ORIENTED_EDGE('',*,*,#2496,.F.);
#3463=ORIENTED_EDGE('',*,*,#2497,.F.);
#3464=ORIENTED_EDGE('',*,*,#2495,.T.);
#3465=ORIENTED_EDGE('',*,*,#2498,.F.);
#3466=ORIENTED_EDGE('',*,*,#2499,.T.);
#3467=ORIENTED_EDGE('',*,*,#2497,.T.);
#3468=ORIENTED_EDGE('',*,*,#2499,.F.);
#3469=ORIENTED_EDGE('',*,*,#2498,.T.);
#3470=ORIENTED_EDGE('',*,*,#2500,.F.);
#3471=ORIENTED_EDGE('',*,*,#2501,.F.);
#3472=ORIENTED_EDGE('',*,*,#2502,.T.);
#3473=ORIENTED_EDGE('',*,*,#2500,.T.);
#3474=ORIENTED_EDGE('',*,*,#2502,.F.);
#3475=ORIENTED_EDGE('',*,*,#2503,.F.);
#3476=ORIENTED_EDGE('',*,*,#2501,.T.);
#3477=ORIENTED_EDGE('',*,*,#2504,.F.);
#3478=ORIENTED_EDGE('',*,*,#2505,.T.);
#3479=ORIENTED_EDGE('',*,*,#2503,.T.);
#3480=ORIENTED_EDGE('',*,*,#2505,.F.);
#3481=ORIENTED_EDGE('',*,*,#2504,.T.);
#3482=ORIENTED_EDGE('',*,*,#2506,.F.);
#3483=ORIENTED_EDGE('',*,*,#2507,.F.);
#3484=ORIENTED_EDGE('',*,*,#2508,.T.);
#3485=ORIENTED_EDGE('',*,*,#2506,.T.);
#3486=ORIENTED_EDGE('',*,*,#2508,.F.);
#3487=ORIENTED_EDGE('',*,*,#2509,.F.);
#3488=ORIENTED_EDGE('',*,*,#2507,.T.);
#3489=ORIENTED_EDGE('',*,*,#2510,.F.);
#3490=ORIENTED_EDGE('',*,*,#2511,.T.);
#3491=ORIENTED_EDGE('',*,*,#2509,.T.);
#3492=ORIENTED_EDGE('',*,*,#2511,.F.);
#3493=ORIENTED_EDGE('',*,*,#2510,.T.);
#3494=ORIENTED_EDGE('',*,*,#2512,.F.);
#3495=ORIENTED_EDGE('',*,*,#2513,.F.);
#3496=ORIENTED_EDGE('',*,*,#2514,.T.);
#3497=ORIENTED_EDGE('',*,*,#2512,.T.);
#3498=ORIENTED_EDGE('',*,*,#2514,.F.);
#3499=ORIENTED_EDGE('',*,*,#2489,.T.);
#3500=ORIENTED_EDGE('',*,*,#2488,.T.);
#3501=ORIENTED_EDGE('',*,*,#2485,.T.);
#3502=ORIENTED_EDGE('',*,*,#2477,.T.);
#3503=ORIENTED_EDGE('',*,*,#2481,.T.);
#3504=ORIENTED_EDGE('',*,*,#2482,.T.);
#3505=ORIENTED_EDGE('',*,*,#2513,.T.);
#3506=ORIENTED_EDGE('',*,*,#2515,.F.);
#3507=ORIENTED_EDGE('',*,*,#2516,.F.);
#3508=ORIENTED_EDGE('',*,*,#2517,.T.);
#3509=ORIENTED_EDGE('',*,*,#2515,.T.);
#3510=ORIENTED_EDGE('',*,*,#2517,.F.);
#3511=ORIENTED_EDGE('',*,*,#2518,.F.);
#3512=ORIENTED_EDGE('',*,*,#2516,.T.);
#3513=ORIENTED_EDGE('',*,*,#2519,.F.);
#3514=ORIENTED_EDGE('',*,*,#2520,.T.);
#3515=ORIENTED_EDGE('',*,*,#2518,.T.);
#3516=ORIENTED_EDGE('',*,*,#2520,.F.);
#3517=ORIENTED_EDGE('',*,*,#2493,.F.);
#3518=ORIENTED_EDGE('',*,*,#2519,.T.);
#3519=CONICAL_SURFACE('',#4008,2.,1.02974425867665);
#3520=CONICAL_SURFACE('',#4012,2.,1.02974425867665);
#3521=CONICAL_SURFACE('',#4016,27.76,0.0619207400583117);
#3522=CONICAL_SURFACE('',#4048,55.875,1.13300502315335);
#3523=CONICAL_SURFACE('',#4052,55.875,1.13300502315336);
#3524=CONICAL_SURFACE('',#4054,2.,1.02974425867665);
#3525=CONICAL_SURFACE('',#4059,2.,1.02974425867665);
#3526=CONICAL_SURFACE('',#4064,27.76,0.0609480425799295);
#3527=CONICAL_SURFACE('',#4080,27.76,0.0609480425799295);
#3528=CONICAL_SURFACE('',#4170,8.61880215351701,1.0471975511966);
#3529=CONICAL_SURFACE('',#4172,8.61880215351701,1.0471975511966);
#3530=CONICAL_SURFACE('',#4174,8.61880215351701,1.0471975511966);
#3531=CONICAL_SURFACE('',#4176,8.61880215351701,1.0471975511966);
#3532=CONICAL_SURFACE('',#4178,8.61880215351701,1.0471975511966);
#3533=CONICAL_SURFACE('',#4180,8.61880215351701,1.0471975511966);
#3534=CONICAL_SURFACE('',#4189,4.725,0.523598775598299);
#3535=CONICAL_SURFACE('',#4193,4.625,0.78539816339745);
#3536=CONICAL_SURFACE('',#4444,8.9375,0.558599315343562);
#3537=CONICAL_SURFACE('',#4446,9.375,0.507098504392338);
#3538=CONICAL_SURFACE('',#4448,10.425,0.197395559849881);
#3539=CONICAL_SURFACE('',#4449,10.845,0.197395559849881);
#3540=ADVANCED_FACE('',(#895),#3519,.F.);
#3541=ADVANCED_FACE('',(#896),#822,.F.);
#3542=ADVANCED_FACE('',(#897),#3520,.F.);
#3543=ADVANCED_FACE('',(#898),#823,.F.);
#3544=ADVANCED_FACE('',(#899),#3521,.F.);
#3545=ADVANCED_FACE('',(#900),#824,.F.);
#3546=ADVANCED_FACE('',(#901,#661),#722,.T.);
#3547=ADVANCED_FACE('',(#902),#637,.T.);
#3548=ADVANCED_FACE('',(#903),#825,.T.);
#3549=ADVANCED_FACE('',(#904),#638,.T.);
#3550=ADVANCED_FACE('',(#905),#826,.T.);
#3551=ADVANCED_FACE('',(#906,#662),#723,.T.);
#3552=ADVANCED_FACE('',(#907),#639,.T.);
#3553=ADVANCED_FACE('',(#908),#827,.T.);
#3554=ADVANCED_FACE('',(#909,#663),#724,.T.);
#3555=ADVANCED_FACE('',(#910),#3522,.T.);
#3556=ADVANCED_FACE('',(#911),#828,.T.);
#3557=ADVANCED_FACE('',(#912),#3523,.T.);
#3558=ADVANCED_FACE('',(#913),#3524,.F.);
#3559=ADVANCED_FACE('',(#914),#829,.F.);
#3560=ADVANCED_FACE('',(#915),#3525,.F.);
#3561=ADVANCED_FACE('',(#916),#830,.F.);
#3562=ADVANCED_FACE('',(#917),#3526,.T.);
#3563=ADVANCED_FACE('',(#918),#725,.T.);
#3564=ADVANCED_FACE('',(#919),#831,.F.);
#3565=ADVANCED_FACE('',(#920),#726,.T.);
#3566=ADVANCED_FACE('',(#921),#3527,.T.);
#3567=ADVANCED_FACE('',(#922),#727,.F.);
#3568=ADVANCED_FACE('',(#923),#728,.F.);
#3569=ADVANCED_FACE('',(#924),#729,.F.);
#3570=ADVANCED_FACE('',(#925),#832,.F.);
#3571=ADVANCED_FACE('',(#926),#833,.F.);
#3572=ADVANCED_FACE('',(#927),#730,.T.);
#3573=ADVANCED_FACE('',(#928),#731,.F.);
#3574=ADVANCED_FACE('',(#929),#834,.F.);
#3575=ADVANCED_FACE('',(#930),#835,.F.);
#3576=ADVANCED_FACE('',(#931),#732,.T.);
#3577=ADVANCED_FACE('',(#932),#836,.F.);
#3578=ADVANCED_FACE('',(#933),#733,.T.);
#3579=ADVANCED_FACE('',(#934),#734,.T.);
#3580=ADVANCED_FACE('',(#935),#837,.F.);
#3581=ADVANCED_FACE('',(#936),#838,.T.);
#3582=ADVANCED_FACE('',(#937),#839,.F.);
#3583=ADVANCED_FACE('',(#938),#735,.T.);
#3584=ADVANCED_FACE('',(#939,#664,#665),#736,.T.);
#3585=ADVANCED_FACE('',(#940,#666,#667),#737,.F.);
#3586=ADVANCED_FACE('',(#941),#840,.F.);
#3587=ADVANCED_FACE('',(#942),#738,.T.);
#3588=ADVANCED_FACE('',(#943),#739,.T.);
#3589=ADVANCED_FACE('',(#944),#740,.T.);
#3590=ADVANCED_FACE('',(#945),#741,.T.);
#3591=ADVANCED_FACE('',(#946),#742,.T.);
#3592=ADVANCED_FACE('',(#947),#743,.T.);
#3593=ADVANCED_FACE('',(#948),#744,.F.);
#3594=ADVANCED_FACE('',(#949),#841,.T.);
#3595=ADVANCED_FACE('',(#950),#842,.F.);
#3596=ADVANCED_FACE('',(#951),#745,.T.);
#3597=ADVANCED_FACE('',(#952),#746,.T.);
#3598=ADVANCED_FACE('',(#953),#747,.T.);
#3599=ADVANCED_FACE('',(#954),#748,.T.);
#3600=ADVANCED_FACE('',(#955),#749,.T.);
#3601=ADVANCED_FACE('',(#956),#750,.T.);
#3602=ADVANCED_FACE('',(#957),#751,.F.);
#3603=ADVANCED_FACE('',(#958),#843,.T.);
#3604=ADVANCED_FACE('',(#959),#752,.T.);
#3605=ADVANCED_FACE('',(#960,#668,#669,#670,#671),#753,.F.);
#3606=ADVANCED_FACE('',(#961),#754,.T.);
#3607=ADVANCED_FACE('',(#962),#844,.F.);
#3608=ADVANCED_FACE('',(#963),#845,.F.);
#3609=ADVANCED_FACE('',(#964),#846,.F.);
#3610=ADVANCED_FACE('',(#965),#847,.F.);
#3611=ADVANCED_FACE('',(#966,#672,#673,#674,#675),#755,.T.);
#3612=ADVANCED_FACE('',(#967),#640,.F.);
#3613=ADVANCED_FACE('',(#968,#676),#756,.F.);
#3614=ADVANCED_FACE('',(#969),#848,.T.);
#3615=ADVANCED_FACE('',(#970),#849,.F.);
#3616=ADVANCED_FACE('',(#971),#757,.F.);
#3617=ADVANCED_FACE('',(#972),#3528,.T.);
#3618=ADVANCED_FACE('',(#973),#3529,.T.);
#3619=ADVANCED_FACE('',(#974),#3530,.T.);
#3620=ADVANCED_FACE('',(#975),#3531,.T.);
#3621=ADVANCED_FACE('',(#976),#3532,.T.);
#3622=ADVANCED_FACE('',(#977),#3533,.T.);
#3623=ADVANCED_FACE('',(#978),#758,.T.);
#3624=ADVANCED_FACE('',(#979),#759,.T.);
#3625=ADVANCED_FACE('',(#980),#760,.T.);
#3626=ADVANCED_FACE('',(#981),#761,.T.);
#3627=ADVANCED_FACE('',(#982),#762,.T.);
#3628=ADVANCED_FACE('',(#983,#677),#763,.T.);
#3629=ADVANCED_FACE('',(#984),#764,.T.);
#3630=ADVANCED_FACE('',(#985),#3534,.T.);
#3631=ADVANCED_FACE('',(#986),#850,.T.);
#3632=ADVANCED_FACE('',(#987),#3535,.T.);
#3633=ADVANCED_FACE('',(#988),#765,.T.);
#3634=ADVANCED_FACE('',(#989),#851,.F.);
#3635=ADVANCED_FACE('',(#990),#766,.T.);
#3636=ADVANCED_FACE('',(#991),#767,.T.);
#3637=ADVANCED_FACE('',(#992),#32,.T.);
#3638=ADVANCED_FACE('',(#993),#33,.T.);
#3639=ADVANCED_FACE('',(#994),#768,.T.);
#3640=ADVANCED_FACE('',(#995),#769,.T.);
#3641=ADVANCED_FACE('',(#996),#770,.F.);
#3642=ADVANCED_FACE('',(#997),#852,.T.);
#3643=ADVANCED_FACE('',(#998),#853,.F.);
#3644=ADVANCED_FACE('',(#999),#771,.T.);
#3645=ADVANCED_FACE('',(#1000),#772,.T.);
#3646=ADVANCED_FACE('',(#1001),#773,.T.);
#3647=ADVANCED_FACE('',(#1002),#34,.T.);
#3648=ADVANCED_FACE('',(#1003),#774,.T.);
#3649=ADVANCED_FACE('',(#1004),#775,.T.);
#3650=ADVANCED_FACE('',(#1005),#776,.F.);
#3651=ADVANCED_FACE('',(#1006),#854,.T.);
#3652=ADVANCED_FACE('',(#1007),#855,.F.);
#3653=ADVANCED_FACE('',(#1008),#777,.T.);
#3654=ADVANCED_FACE('',(#1009),#778,.T.);
#3655=ADVANCED_FACE('',(#1010),#779,.T.);
#3656=ADVANCED_FACE('',(#1011),#35,.T.);
#3657=ADVANCED_FACE('',(#1012),#780,.T.);
#3658=ADVANCED_FACE('',(#1013),#781,.T.);
#3659=ADVANCED_FACE('',(#1014),#782,.F.);
#3660=ADVANCED_FACE('',(#1015),#856,.T.);
#3661=ADVANCED_FACE('',(#1016,#678),#783,.F.);
#3662=ADVANCED_FACE('',(#1017),#857,.F.);
#3663=ADVANCED_FACE('',(#1018,#679),#784,.T.);
#3664=ADVANCED_FACE('',(#1019),#858,.F.);
#3665=ADVANCED_FACE('',(#1020),#785,.T.);
#3666=ADVANCED_FACE('',(#1021),#859,.F.);
#3667=ADVANCED_FACE('',(#1022,#680),#786,.T.);
#3668=ADVANCED_FACE('',(#1023),#860,.F.);
#3669=ADVANCED_FACE('',(#1024,#681),#787,.T.);
#3670=ADVANCED_FACE('',(#1025),#861,.T.);
#3671=ADVANCED_FACE('',(#1026,#682),#788,.T.);
#3672=ADVANCED_FACE('',(#1027),#862,.F.);
#3673=ADVANCED_FACE('',(#1028,#683),#789,.T.);
#3674=ADVANCED_FACE('',(#1029),#863,.F.);
#3675=ADVANCED_FACE('',(#1030,#684),#790,.T.);
#3676=ADVANCED_FACE('',(#1031),#864,.F.);
#3677=ADVANCED_FACE('',(#1032,#685),#791,.T.);
#3678=ADVANCED_FACE('',(#1033),#865,.F.);
#3679=ADVANCED_FACE('',(#1034,#686),#792,.T.);
#3680=ADVANCED_FACE('',(#1035),#866,.F.);
#3681=ADVANCED_FACE('',(#1036,#687),#793,.T.);
#3682=ADVANCED_FACE('',(#1037),#867,.F.);
#3683=ADVANCED_FACE('',(#1038),#641,.T.);
#3684=ADVANCED_FACE('',(#1039),#868,.F.);
#3685=ADVANCED_FACE('',(#1040,#688),#794,.T.);
#3686=ADVANCED_FACE('',(#1041),#642,.T.);
#3687=ADVANCED_FACE('',(#1042,#689),#795,.T.);
#3688=ADVANCED_FACE('',(#1043),#643,.F.);
#3689=ADVANCED_FACE('',(#1044),#644,.F.);
#3690=ADVANCED_FACE('',(#1045),#645,.F.);
#3691=ADVANCED_FACE('',(#1046),#646,.F.);
#3692=ADVANCED_FACE('',(#1047),#647,.F.);
#3693=ADVANCED_FACE('',(#1048),#869,.T.);
#3694=ADVANCED_FACE('',(#1049),#648,.F.);
#3695=ADVANCED_FACE('',(#1050),#870,.T.);
#3696=ADVANCED_FACE('',(#1051,#690,#691),#26,.T.);
#3697=ADVANCED_FACE('',(#1052,#692,#693),#27,.T.);
#3698=ADVANCED_FACE('',(#1053,#694,#695),#28,.T.);
#3699=ADVANCED_FACE('',(#1054,#696,#697),#29,.T.);
#3700=ADVANCED_FACE('',(#1055,#698,#699),#30,.T.);
#3701=ADVANCED_FACE('',(#1056,#700,#701),#31,.T.);
#3702=ADVANCED_FACE('',(#1057),#871,.F.);
#3703=ADVANCED_FACE('',(#1058),#649,.F.);
#3704=ADVANCED_FACE('',(#1059),#872,.F.);
#3705=ADVANCED_FACE('',(#1060),#650,.F.);
#3706=ADVANCED_FACE('',(#1061),#651,.F.);
#3707=ADVANCED_FACE('',(#1062),#652,.F.);
#3708=ADVANCED_FACE('',(#1063),#653,.F.);
#3709=ADVANCED_FACE('',(#1064),#654,.F.);
#3710=ADVANCED_FACE('',(#1065,#702),#796,.T.);
#3711=ADVANCED_FACE('',(#1066),#655,.T.);
#3712=ADVANCED_FACE('',(#1067,#703),#797,.T.);
#3713=ADVANCED_FACE('',(#1068),#873,.T.);
#3714=ADVANCED_FACE('',(#1069),#656,.T.);
#3715=ADVANCED_FACE('',(#1070),#874,.F.);
#3716=ADVANCED_FACE('',(#1071),#875,.F.);
#3717=ADVANCED_FACE('',(#1072),#876,.T.);
#3718=ADVANCED_FACE('',(#1073),#798,.T.);
#3719=ADVANCED_FACE('',(#1074),#877,.F.);
#3720=ADVANCED_FACE('',(#1075),#799,.T.);
#3721=ADVANCED_FACE('',(#1076),#878,.T.);
#3722=ADVANCED_FACE('',(#1077),#800,.T.);
#3723=ADVANCED_FACE('',(#1078),#879,.T.);
#3724=ADVANCED_FACE('',(#1079),#801,.T.);
#3725=ADVANCED_FACE('',(#1080,#704,#705),#802,.T.);
#3726=ADVANCED_FACE('',(#1081,#706,#707),#803,.F.);
#3727=ADVANCED_FACE('',(#1082),#657,.F.);
#3728=ADVANCED_FACE('',(#1083),#880,.F.);
#3729=ADVANCED_FACE('',(#1084,#708),#804,.T.);
#3730=ADVANCED_FACE('',(#1085),#658,.T.);
#3731=ADVANCED_FACE('',(#1086),#881,.T.);
#3732=ADVANCED_FACE('',(#1087,#709),#805,.T.);
#3733=ADVANCED_FACE('',(#1088),#659,.T.);
#3734=ADVANCED_FACE('',(#1089,#710),#806,.T.);
#3735=ADVANCED_FACE('',(#1090),#660,.T.);
#3736=ADVANCED_FACE('',(#1091,#711),#807,.T.);
#3737=ADVANCED_FACE('',(#1092),#3536,.F.);
#3738=ADVANCED_FACE('',(#1093),#3537,.F.);
#3739=ADVANCED_FACE('',(#1094),#3538,.F.);
#3740=ADVANCED_FACE('',(#1095),#3539,.T.);
#3741=ADVANCED_FACE('',(#1096),#882,.T.);
#3742=ADVANCED_FACE('',(#1097),#883,.F.);
#3743=ADVANCED_FACE('',(#1098),#808,.F.);
#3744=ADVANCED_FACE('',(#1099),#809,.F.);
#3745=ADVANCED_FACE('',(#1100),#884,.F.);
#3746=ADVANCED_FACE('',(#1101),#810,.T.);
#3747=ADVANCED_FACE('',(#1102),#885,.T.);
#3748=ADVANCED_FACE('',(#1103,#712),#811,.T.);
#3749=ADVANCED_FACE('',(#1104),#886,.T.);
#3750=ADVANCED_FACE('',(#1105,#713),#812,.T.);
#3751=ADVANCED_FACE('',(#1106),#887,.T.);
#3752=ADVANCED_FACE('',(#1107,#714),#813,.T.);
#3753=ADVANCED_FACE('',(#1108),#888,.T.);
#3754=ADVANCED_FACE('',(#1109,#715),#814,.T.);
#3755=ADVANCED_FACE('',(#1110),#889,.T.);
#3756=ADVANCED_FACE('',(#1111,#716),#815,.T.);
#3757=ADVANCED_FACE('',(#1112),#890,.T.);
#3758=ADVANCED_FACE('',(#1113,#717),#816,.T.);
#3759=ADVANCED_FACE('',(#1114),#891,.T.);
#3760=ADVANCED_FACE('',(#1115,#718),#817,.T.);
#3761=ADVANCED_FACE('',(#1116,#719),#892,.T.);
#3762=ADVANCED_FACE('',(#1117),#818,.T.);
#3763=ADVANCED_FACE('',(#1118),#819,.T.);
#3764=ADVANCED_FACE('',(#1119),#893,.T.);
#3765=ADVANCED_FACE('',(#1120,#720),#820,.T.);
#3766=ADVANCED_FACE('',(#1121),#894,.T.);
#3767=ADVANCED_FACE('',(#1122,#721),#821,.T.);
#3768=CLOSED_SHELL('',(#3540,#3541,#3542,#3543,#3544,#3545,#3546,#3547,
#3548,#3549,#3550,#3551,#3552,#3553,#3554,#3555,#3556,#3557));
#3769=CLOSED_SHELL('',(#3558,#3559,#3560,#3561,#3562,#3563,#3564,#3565,
#3566,#3567,#3568,#3569,#3570,#3571,#3572,#3573));
#3770=CLOSED_SHELL('',(#3574,#3575,#3576,#3577,#3578,#3579,#3580,#3581,
#3582,#3583,#3584,#3585));
#3771=CLOSED_SHELL('',(#3586,#3587,#3588,#3589,#3590,#3591,#3592,#3593,
#3594,#3595,#3596,#3597,#3598,#3599,#3600,#3601,#3602,#3603,#3604,#3605,
#3606,#3607,#3608,#3609,#3610,#3611));
#3772=CLOSED_SHELL('',(#3612,#3613,#3614,#3615,#3616,#3617,#3618,#3619,
#3620,#3621,#3622,#3623,#3624,#3625,#3626,#3627,#3628,#3629,#3630,#3631,
#3632,#3633));
#3773=CLOSED_SHELL('',(#3634,#3635,#3636,#3637,#3638,#3639,#3640,#3641,
#3642,#3643,#3644,#3645,#3646,#3647,#3648,#3649,#3650,#3651,#3652,#3653,
#3654,#3655,#3656,#3657,#3658,#3659,#3660,#3661,#3662,#3663,#3664,#3665,
#3666));
#3774=CLOSED_SHELL('',(#3667,#3668,#3669,#3670,#3671,#3672,#3673,#3674,
#3675,#3676,#3677,#3678,#3679,#3680,#3681,#3682));
#3775=CLOSED_SHELL('',(#3683,#3684,#3685,#3686,#3687,#3688,#3689,#3690,
#3691,#3692,#3693,#3694,#3695));
#3776=CLOSED_SHELL('',(#3696));
#3777=CLOSED_SHELL('',(#3697));
#3778=CLOSED_SHELL('',(#3698));
#3779=CLOSED_SHELL('',(#3699));
#3780=CLOSED_SHELL('',(#3700));
#3781=CLOSED_SHELL('',(#3701));
#3782=CLOSED_SHELL('',(#3702,#3703,#3704,#3705,#3706,#3707,#3708,#3709,
#3710,#3711,#3712,#3713,#3714));
#3783=CLOSED_SHELL('',(#3715,#3716,#3717,#3718,#3719,#3720,#3721,#3722,
#3723,#3724,#3725,#3726));
#3784=CLOSED_SHELL('',(#3727,#3728,#3729,#3730,#3731,#3732,#3733,#3734,
#3735,#3736,#3737,#3738,#3739,#3740,#3741));
#3785=CLOSED_SHELL('',(#3742,#3743,#3744,#3745,#3746,#3747,#3748,#3749,
#3750,#3751,#3752,#3753,#3754,#3755,#3756,#3757,#3758,#3759,#3760,#3761,
#3762,#3763,#3764,#3765,#3766,#3767));
#3786=DERIVED_UNIT_ELEMENT(#3811,1.);
#3787=DERIVED_UNIT_ELEMENT(#7211,-3.);
#3788=DERIVED_UNIT_ELEMENT(#3811,1.);
#3789=DERIVED_UNIT_ELEMENT(#7211,-3.);
#3790=DERIVED_UNIT_ELEMENT(#3811,1.);
#3791=DERIVED_UNIT_ELEMENT(#7211,-3.);
#3792=DERIVED_UNIT_ELEMENT(#3811,1.);
#3793=DERIVED_UNIT_ELEMENT(#7211,-3.);
#3794=DERIVED_UNIT_ELEMENT(#3811,1.);
#3795=DERIVED_UNIT_ELEMENT(#7211,-3.);
#3796=DERIVED_UNIT_ELEMENT(#3811,1.);
#3797=DERIVED_UNIT_ELEMENT(#7211,-3.);
#3798=DERIVED_UNIT_ELEMENT(#3811,1.);
#3799=DERIVED_UNIT_ELEMENT(#7211,-3.);
#3800=DERIVED_UNIT_ELEMENT(#3811,1.);
#3801=DERIVED_UNIT_ELEMENT(#7211,-3.);
#3802=DERIVED_UNIT_ELEMENT(#3811,1.);
#3803=DERIVED_UNIT_ELEMENT(#7211,-3.);
#3804=DERIVED_UNIT_ELEMENT(#3811,1.);
#3805=DERIVED_UNIT_ELEMENT(#7211,-3.);
#3806=DERIVED_UNIT_ELEMENT(#3811,1.);
#3807=DERIVED_UNIT_ELEMENT(#7211,-3.);
#3808=DERIVED_UNIT_ELEMENT(#3811,1.);
#3809=DERIVED_UNIT_ELEMENT(#7211,-3.);
#3810=DIMENSIONAL_EXPONENTS(0.,1.,0.,0.,0.,0.,0.);
#3811=(
CONVERSION_BASED_UNIT('gram',#3813)
MASS_UNIT()
NAMED_UNIT(#3810)
);
#3812=(
MASS_UNIT()
NAMED_UNIT(*)
SI_UNIT(.KILO.,.GRAM.)
);
#3813=MASS_MEASURE_WITH_UNIT(MASS_MEASURE(0.001),#3812);
#3814=DERIVED_UNIT((#3786,#3787));
#3815=DERIVED_UNIT((#3788,#3789));
#3816=DERIVED_UNIT((#3790,#3791));
#3817=DERIVED_UNIT((#3792,#3793));
#3818=DERIVED_UNIT((#3794,#3795));
#3819=DERIVED_UNIT((#3796,#3797));
#3820=DERIVED_UNIT((#3798,#3799));
#3821=DERIVED_UNIT((#3800,#3801));
#3822=DERIVED_UNIT((#3802,#3803));
#3823=DERIVED_UNIT((#3804,#3805));
#3824=DERIVED_UNIT((#3806,#3807));
#3825=DERIVED_UNIT((#3808,#3809));
#3826=MEASURE_REPRESENTATION_ITEM('density measure',
POSITIVE_RATIO_MEASURE(1.),#3814);
#3827=MEASURE_REPRESENTATION_ITEM('density measure',
POSITIVE_RATIO_MEASURE(1.),#3815);
#3828=MEASURE_REPRESENTATION_ITEM('density measure',
POSITIVE_RATIO_MEASURE(7.85),#3816);
#3829=MEASURE_REPRESENTATION_ITEM('density measure',
POSITIVE_RATIO_MEASURE(8.),#3817);
#3830=MEASURE_REPRESENTATION_ITEM('density measure',
POSITIVE_RATIO_MEASURE(1.),#3818);
#3831=MEASURE_REPRESENTATION_ITEM('density measure',
POSITIVE_RATIO_MEASURE(7.85),#3819);
#3832=MEASURE_REPRESENTATION_ITEM('density measure',
POSITIVE_RATIO_MEASURE(8.),#3820);
#3833=MEASURE_REPRESENTATION_ITEM('density measure',
POSITIVE_RATIO_MEASURE(1.),#3821);
#3834=MEASURE_REPRESENTATION_ITEM('density measure',
POSITIVE_RATIO_MEASURE(7.85),#3822);
#3835=MEASURE_REPRESENTATION_ITEM('density measure',
POSITIVE_RATIO_MEASURE(7.85),#3823);
#3836=MEASURE_REPRESENTATION_ITEM('density measure',
POSITIVE_RATIO_MEASURE(0.93),#3824);
#3837=MEASURE_REPRESENTATION_ITEM('density measure',
POSITIVE_RATIO_MEASURE(1.),#3825);
#3838=PROPERTY_DEFINITION_REPRESENTATION(#3898,#3862);
#3839=PROPERTY_DEFINITION_REPRESENTATION(#3899,#3863);
#3840=PROPERTY_DEFINITION_REPRESENTATION(#3900,#3864);
#3841=PROPERTY_DEFINITION_REPRESENTATION(#3901,#3865);
#3842=PROPERTY_DEFINITION_REPRESENTATION(#3902,#3866);
#3843=PROPERTY_DEFINITION_REPRESENTATION(#3903,#3867);
#3844=PROPERTY_DEFINITION_REPRESENTATION(#3904,#3868);
#3845=PROPERTY_DEFINITION_REPRESENTATION(#3905,#3869);
#3846=PROPERTY_DEFINITION_REPRESENTATION(#3906,#3870);
#3847=PROPERTY_DEFINITION_REPRESENTATION(#3907,#3871);
#3848=PROPERTY_DEFINITION_REPRESENTATION(#3908,#3872);
#3849=PROPERTY_DEFINITION_REPRESENTATION(#3909,#3873);
#3850=PROPERTY_DEFINITION_REPRESENTATION(#3910,#3874);
#3851=PROPERTY_DEFINITION_REPRESENTATION(#3911,#3875);
#3852=PROPERTY_DEFINITION_REPRESENTATION(#3912,#3876);
#3853=PROPERTY_DEFINITION_REPRESENTATION(#3913,#3877);
#3854=PROPERTY_DEFINITION_REPRESENTATION(#3914,#3878);
#3855=PROPERTY_DEFINITION_REPRESENTATION(#3915,#3879);
#3856=PROPERTY_DEFINITION_REPRESENTATION(#3916,#3880);
#3857=PROPERTY_DEFINITION_REPRESENTATION(#3917,#3881);
#3858=PROPERTY_DEFINITION_REPRESENTATION(#3918,#3882);
#3859=PROPERTY_DEFINITION_REPRESENTATION(#3919,#3883);
#3860=PROPERTY_DEFINITION_REPRESENTATION(#3920,#3884);
#3861=PROPERTY_DEFINITION_REPRESENTATION(#3921,#3885);
#3862=REPRESENTATION('material name',(#3886),#7196);
#3863=REPRESENTATION('density',(#3826),#7196);
#3864=REPRESENTATION('material name',(#3887),#7197);
#3865=REPRESENTATION('density',(#3827),#7197);
#3866=REPRESENTATION('material name',(#3888),#7198);
#3867=REPRESENTATION('density',(#3828),#7198);
#3868=REPRESENTATION('material name',(#3889),#7200);
#3869=REPRESENTATION('density',(#3829),#7200);
#3870=REPRESENTATION('material name',(#3890),#7201);
#3871=REPRESENTATION('density',(#3830),#7201);
#3872=REPRESENTATION('material name',(#3891),#7202);
#3873=REPRESENTATION('density',(#3831),#7202);
#3874=REPRESENTATION('material name',(#3892),#7203);
#3875=REPRESENTATION('density',(#3832),#7203);
#3876=REPRESENTATION('material name',(#3893),#7204);
#3877=REPRESENTATION('density',(#3833),#7204);
#3878=REPRESENTATION('material name',(#3894),#7205);
#3879=REPRESENTATION('density',(#3834),#7205);
#3880=REPRESENTATION('material name',(#3895),#7206);
#3881=REPRESENTATION('density',(#3835),#7206);
#3882=REPRESENTATION('material name',(#3896),#7207);
#3883=REPRESENTATION('density',(#3836),#7207);
#3884=REPRESENTATION('material name',(#3897),#7208);
#3885=REPRESENTATION('density',(#3837),#7208);
#3886=DESCRIPTIVE_REPRESENTATION_ITEM('Generic','Generic');
#3887=DESCRIPTIVE_REPRESENTATION_ITEM('Generic','Generic');
#3888=DESCRIPTIVE_REPRESENTATION_ITEM('Steel, Mild','Steel, Mild');
#3889=DESCRIPTIVE_REPRESENTATION_ITEM('Stainless Steel',
'Stainless Steel');
#3890=DESCRIPTIVE_REPRESENTATION_ITEM('Generic','Generic');
#3891=DESCRIPTIVE_REPRESENTATION_ITEM('Steel, Mild','Steel, Mild');
#3892=DESCRIPTIVE_REPRESENTATION_ITEM('Stainless Steel',
'Stainless Steel');
#3893=DESCRIPTIVE_REPRESENTATION_ITEM('Generic','Generic');
#3894=DESCRIPTIVE_REPRESENTATION_ITEM('Steel, Mild','Steel, Mild');
#3895=DESCRIPTIVE_REPRESENTATION_ITEM('Steel, Mild','Steel, Mild');
#3896=DESCRIPTIVE_REPRESENTATION_ITEM('Rubber','Rubber');
#3897=DESCRIPTIVE_REPRESENTATION_ITEM('Generic','Generic');
#3898=PROPERTY_DEFINITION('material property','material name',#7283);
#3899=PROPERTY_DEFINITION('material property','density of part',#7283);
#3900=PROPERTY_DEFINITION('material property','material name',#7284);
#3901=PROPERTY_DEFINITION('material property','density of part',#7284);
#3902=PROPERTY_DEFINITION('material property','material name',#7285);
#3903=PROPERTY_DEFINITION('material property','density of part',#7285);
#3904=PROPERTY_DEFINITION('material property','material name',#7287);
#3905=PROPERTY_DEFINITION('material property','density of part',#7287);
#3906=PROPERTY_DEFINITION('material property','material name',#7288);
#3907=PROPERTY_DEFINITION('material property','density of part',#7288);
#3908=PROPERTY_DEFINITION('material property','material name',#7289);
#3909=PROPERTY_DEFINITION('material property','density of part',#7289);
#3910=PROPERTY_DEFINITION('material property','material name',#7290);
#3911=PROPERTY_DEFINITION('material property','density of part',#7290);
#3912=PROPERTY_DEFINITION('material property','material name',#7291);
#3913=PROPERTY_DEFINITION('material property','density of part',#7291);
#3914=PROPERTY_DEFINITION('material property','material name',#7292);
#3915=PROPERTY_DEFINITION('material property','density of part',#7292);
#3916=PROPERTY_DEFINITION('material property','material name',#7293);
#3917=PROPERTY_DEFINITION('material property','density of part',#7293);
#3918=PROPERTY_DEFINITION('material property','material name',#7294);
#3919=PROPERTY_DEFINITION('material property','density of part',#7294);
#3920=PROPERTY_DEFINITION('material property','material name',#7295);
#3921=PROPERTY_DEFINITION('material property','density of part',#7295);
#3922=DATE_TIME_ROLE('creation_date');
#3923=DATE_TIME_ROLE('creation_date');
#3924=DATE_TIME_ROLE('creation_date');
#3925=DATE_TIME_ROLE('creation_date');
#3926=DATE_TIME_ROLE('creation_date');
#3927=DATE_TIME_ROLE('creation_date');
#3928=DATE_TIME_ROLE('creation_date');
#3929=DATE_TIME_ROLE('creation_date');
#3930=DATE_TIME_ROLE('creation_date');
#3931=DATE_TIME_ROLE('creation_date');
#3932=DATE_TIME_ROLE('creation_date');
#3933=DATE_TIME_ROLE('creation_date');
#3934=DATE_TIME_ROLE('creation_date');
#3935=DATE_TIME_ROLE('creation_date');
#3936=APPLIED_DATE_AND_TIME_ASSIGNMENT(#3950,#3922,(#7282));
#3937=APPLIED_DATE_AND_TIME_ASSIGNMENT(#3951,#3923,(#7283));
#3938=APPLIED_DATE_AND_TIME_ASSIGNMENT(#3952,#3924,(#7284));
#3939=APPLIED_DATE_AND_TIME_ASSIGNMENT(#3953,#3925,(#7285));
#3940=APPLIED_DATE_AND_TIME_ASSIGNMENT(#3954,#3926,(#7286));
#3941=APPLIED_DATE_AND_TIME_ASSIGNMENT(#3955,#3927,(#7287));
#3942=APPLIED_DATE_AND_TIME_ASSIGNMENT(#3956,#3928,(#7288));
#3943=APPLIED_DATE_AND_TIME_ASSIGNMENT(#3957,#3929,(#7289));
#3944=APPLIED_DATE_AND_TIME_ASSIGNMENT(#3958,#3930,(#7290));
#3945=APPLIED_DATE_AND_TIME_ASSIGNMENT(#3959,#3931,(#7291));
#3946=APPLIED_DATE_AND_TIME_ASSIGNMENT(#3960,#3932,(#7292));
#3947=APPLIED_DATE_AND_TIME_ASSIGNMENT(#3961,#3933,(#7293));
#3948=APPLIED_DATE_AND_TIME_ASSIGNMENT(#3962,#3934,(#7294));
#3949=APPLIED_DATE_AND_TIME_ASSIGNMENT(#3963,#3935,(#7295));
#3950=DATE_AND_TIME(#3964,#3978);
#3951=DATE_AND_TIME(#3965,#3979);
#3952=DATE_AND_TIME(#3966,#3980);
#3953=DATE_AND_TIME(#3967,#3981);
#3954=DATE_AND_TIME(#3968,#3982);
#3955=DATE_AND_TIME(#3969,#3983);
#3956=DATE_AND_TIME(#3970,#3984);
#3957=DATE_AND_TIME(#3971,#3985);
#3958=DATE_AND_TIME(#3972,#3986);
#3959=DATE_AND_TIME(#3973,#3987);
#3960=DATE_AND_TIME(#3974,#3988);
#3961=DATE_AND_TIME(#3975,#3989);
#3962=DATE_AND_TIME(#3976,#3990);
#3963=DATE_AND_TIME(#3977,#3991);
#3964=CALENDAR_DATE(2024,9,4);
#3965=CALENDAR_DATE(2024,8,4);
#3966=CALENDAR_DATE(2024,9,4);
#3967=CALENDAR_DATE(2023,19,1);
#3968=CALENDAR_DATE(2024,16,4);
#3969=CALENDAR_DATE(2024,9,4);
#3970=CALENDAR_DATE(2024,16,4);
#3971=CALENDAR_DATE(2024,20,1);
#3972=CALENDAR_DATE(2024,10,4);
#3973=CALENDAR_DATE(2024,7,7);
#3974=CALENDAR_DATE(2023,19,1);
#3975=CALENDAR_DATE(2023,19,1);
#3976=CALENDAR_DATE(2023,19,1);
#3977=CALENDAR_DATE(2024,24,9);
#3978=LOCAL_TIME(0,0,0.,#3992);
#3979=LOCAL_TIME(0,0,0.,#3993);
#3980=LOCAL_TIME(0,0,0.,#3994);
#3981=LOCAL_TIME(0,0,0.,#3995);
#3982=LOCAL_TIME(0,0,0.,#3996);
#3983=LOCAL_TIME(0,0,0.,#3997);
#3984=LOCAL_TIME(0,0,0.,#3998);
#3985=LOCAL_TIME(0,0,0.,#3999);
#3986=LOCAL_TIME(0,0,0.,#4000);
#3987=LOCAL_TIME(0,0,0.,#4001);
#3988=LOCAL_TIME(0,0,0.,#4002);
#3989=LOCAL_TIME(0,0,0.,#4003);
#3990=LOCAL_TIME(0,0,0.,#4004);
#3991=LOCAL_TIME(0,0,0.,#4005);
#3992=COORDINATED_UNIVERSAL_TIME_OFFSET(0,0,.BEHIND.);
#3993=COORDINATED_UNIVERSAL_TIME_OFFSET(0,0,.BEHIND.);
#3994=COORDINATED_UNIVERSAL_TIME_OFFSET(0,0,.BEHIND.);
#3995=COORDINATED_UNIVERSAL_TIME_OFFSET(0,0,.BEHIND.);
#3996=COORDINATED_UNIVERSAL_TIME_OFFSET(0,0,.BEHIND.);
#3997=COORDINATED_UNIVERSAL_TIME_OFFSET(0,0,.BEHIND.);
#3998=COORDINATED_UNIVERSAL_TIME_OFFSET(0,0,.BEHIND.);
#3999=COORDINATED_UNIVERSAL_TIME_OFFSET(0,0,.BEHIND.);
#4000=COORDINATED_UNIVERSAL_TIME_OFFSET(0,0,.BEHIND.);
#4001=COORDINATED_UNIVERSAL_TIME_OFFSET(0,0,.BEHIND.);
#4002=COORDINATED_UNIVERSAL_TIME_OFFSET(0,0,.BEHIND.);
#4003=COORDINATED_UNIVERSAL_TIME_OFFSET(0,0,.BEHIND.);
#4004=COORDINATED_UNIVERSAL_TIME_OFFSET(0,0,.BEHIND.);
#4005=COORDINATED_UNIVERSAL_TIME_OFFSET(0,0,.BEHIND.);
#4006=AXIS2_PLACEMENT_3D('',#5761,#4520,#4521);
#4007=AXIS2_PLACEMENT_3D('',#5762,#4522,#4523);
#4008=AXIS2_PLACEMENT_3D('',#5763,#4524,#4525);
#4009=AXIS2_PLACEMENT_3D('',#5784,#4526,#4527);
#4010=AXIS2_PLACEMENT_3D('',#5785,#4528,#4529);
#4011=AXIS2_PLACEMENT_3D('',#5794,#4530,#4531);
#4012=AXIS2_PLACEMENT_3D('',#5801,#4532,#4533);
#4013=AXIS2_PLACEMENT_3D('',#5822,#4534,#4535);
#4014=AXIS2_PLACEMENT_3D('',#5823,#4536,#4537);
#4015=AXIS2_PLACEMENT_3D('',#5832,#4538,#4539);
#4016=AXIS2_PLACEMENT_3D('',#5839,#4540,#4541);
#4017=AXIS2_PLACEMENT_3D('',#5840,#4542,#4543);
#4018=AXIS2_PLACEMENT_3D('',#5842,#4544,#4545);
#4019=AXIS2_PLACEMENT_3D('',#5851,#4546,#4547);
#4020=AXIS2_PLACEMENT_3D('',#5859,#4548,#4549);
#4021=AXIS2_PLACEMENT_3D('',#5860,#4550,#4551);
#4022=AXIS2_PLACEMENT_3D('',#5861,#4552,#4553);
#4023=AXIS2_PLACEMENT_3D('',#5862,#4554,#4555);
#4024=AXIS2_PLACEMENT_3D('',#5863,#4556,#4557);
#4025=AXIS2_PLACEMENT_3D('',#5865,#4558,#4559);
#4026=AXIS2_PLACEMENT_3D('',#5866,#4560,#4561);
#4027=AXIS2_PLACEMENT_3D('',#5869,#4562,#4563);
#4028=AXIS2_PLACEMENT_3D('',#5870,#4564,#4565);
#4029=AXIS2_PLACEMENT_3D('',#5871,#4566,#4567);
#4030=AXIS2_PLACEMENT_3D('',#5872,#4568,#4569);
#4031=AXIS2_PLACEMENT_3D('',#5874,#4570,#4571);
#4032=AXIS2_PLACEMENT_3D('',#5876,#4573,#4574);
#4033=AXIS2_PLACEMENT_3D('',#5878,#4575,#4576);
#4034=AXIS2_PLACEMENT_3D('',#5880,#4577,#4578);
#4035=AXIS2_PLACEMENT_3D('',#5882,#4579,#4580);
#4036=AXIS2_PLACEMENT_3D('',#5883,#4581,#4582);
#4037=AXIS2_PLACEMENT_3D('',#5884,#4583,#4584);
#4038=AXIS2_PLACEMENT_3D('',#5887,#4586,#4587);
#4039=AXIS2_PLACEMENT_3D('',#5888,#4588,#4589);
#4040=AXIS2_PLACEMENT_3D('',#5890,#4590,#4591);
#4041=AXIS2_PLACEMENT_3D('',#5891,#4592,#4593);
#4042=AXIS2_PLACEMENT_3D('',#5893,#4594,#4595);
#4043=AXIS2_PLACEMENT_3D('',#5895,#4596,#4597);
#4044=AXIS2_PLACEMENT_3D('',#5897,#4598,#4599);
#4045=AXIS2_PLACEMENT_3D('',#5898,#4600,#4601);
#4046=AXIS2_PLACEMENT_3D('',#5899,#4602,#4603);
#4047=AXIS2_PLACEMENT_3D('',#5901,#4605,#4606);
#4048=AXIS2_PLACEMENT_3D('',#5902,#4607,#4608);
#4049=AXIS2_PLACEMENT_3D('',#5904,#4609,#4610);
#4050=AXIS2_PLACEMENT_3D('',#5906,#4612,#4613);
#4051=AXIS2_PLACEMENT_3D('',#5908,#4614,#4615);
#4052=AXIS2_PLACEMENT_3D('',#5910,#4617,#4618);
#4053=AXIS2_PLACEMENT_3D('',#5912,#4620,#4621);
#4054=AXIS2_PLACEMENT_3D('',#5913,#4622,#4623);
#4055=AXIS2_PLACEMENT_3D('',#5937,#4624,#4625);
#4056=AXIS2_PLACEMENT_3D('',#5940,#4627,#4628);
#4057=AXIS2_PLACEMENT_3D('',#5941,#4629,#4630);
#4058=AXIS2_PLACEMENT_3D('',#5956,#4631,#4632);
#4059=AXIS2_PLACEMENT_3D('',#5957,#4633,#4634);
#4060=AXIS2_PLACEMENT_3D('',#5981,#4635,#4636);
#4061=AXIS2_PLACEMENT_3D('',#5984,#4638,#4639);
#4062=AXIS2_PLACEMENT_3D('',#5985,#4640,#4641);
#4063=AXIS2_PLACEMENT_3D('',#5994,#4642,#4643);
#4064=AXIS2_PLACEMENT_3D('',#6001,#4644,#4645);
#4065=AXIS2_PLACEMENT_3D('',#6003,#4646,#4647);
#4066=AXIS2_PLACEMENT_3D('',#6012,#4648,#4649);
#4067=AXIS2_PLACEMENT_3D('',#6015,#4651,#4652);
#4068=AXIS2_PLACEMENT_3D('',#6016,#4653,#4654);
#4069=AXIS2_PLACEMENT_3D('',#6018,#4655,#4656);
#4070=AXIS2_PLACEMENT_3D('',#6019,#4657,#4658);
#4071=AXIS2_PLACEMENT_3D('',#6023,#4660,#4661);
#4072=AXIS2_PLACEMENT_3D('',#6031,#4665,#4666);
#4073=AXIS2_PLACEMENT_3D('',#6034,#4668,#4669);
#4074=AXIS2_PLACEMENT_3D('',#6035,#4670,#4671);
#4075=AXIS2_PLACEMENT_3D('',#6043,#4672,#4673);
#4076=AXIS2_PLACEMENT_3D('',#6044,#4674,#4675);
#4077=AXIS2_PLACEMENT_3D('',#6046,#4676,#4677);
#4078=AXIS2_PLACEMENT_3D('',#6050,#4679,#4680);
#4079=AXIS2_PLACEMENT_3D('',#6058,#4684,#4685);
#4080=AXIS2_PLACEMENT_3D('',#6060,#4687,#4688);
#4081=AXIS2_PLACEMENT_3D('',#6062,#4690,#4691);
#4082=AXIS2_PLACEMENT_3D('',#6065,#4694,#4695);
#4083=AXIS2_PLACEMENT_3D('',#6067,#4697,#4698);
#4084=AXIS2_PLACEMENT_3D('',#6069,#4700,#4701);
#4085=AXIS2_PLACEMENT_3D('',#6071,#4703,#4704);
#4086=AXIS2_PLACEMENT_3D('',#6073,#4706,#4707);
#4087=AXIS2_PLACEMENT_3D('',#6074,#4708,#4709);
#4088=AXIS2_PLACEMENT_3D('',#6075,#4710,#4711);
#4089=AXIS2_PLACEMENT_3D('',#6076,#4712,#4713);
#4090=AXIS2_PLACEMENT_3D('',#6078,#4714,#4715);
#4091=AXIS2_PLACEMENT_3D('',#6081,#4717,#4718);
#4092=AXIS2_PLACEMENT_3D('',#6082,#4719,#4720);
#4093=AXIS2_PLACEMENT_3D('',#6084,#4721,#4722);
#4094=AXIS2_PLACEMENT_3D('',#6087,#4724,#4725);
#4095=AXIS2_PLACEMENT_3D('',#6088,#4726,#4727);
#4096=AXIS2_PLACEMENT_3D('',#6097,#4732,#4733);
#4097=AXIS2_PLACEMENT_3D('',#6099,#4734,#4735);
#4098=AXIS2_PLACEMENT_3D('',#6102,#4737,#4738);
#4099=AXIS2_PLACEMENT_3D('',#6103,#4739,#4740);
#4100=AXIS2_PLACEMENT_3D('',#6109,#4744,#4745);
#4101=AXIS2_PLACEMENT_3D('',#6115,#4749,#4750);
#4102=AXIS2_PLACEMENT_3D('',#6117,#4751,#4752);
#4103=AXIS2_PLACEMENT_3D('',#6120,#4754,#4755);
#4104=AXIS2_PLACEMENT_3D('',#6121,#4756,#4757);
#4105=AXIS2_PLACEMENT_3D('',#6123,#4758,#4759);
#4106=AXIS2_PLACEMENT_3D('',#6126,#4761,#4762);
#4107=AXIS2_PLACEMENT_3D('',#6127,#4763,#4764);
#4108=AXIS2_PLACEMENT_3D('',#6129,#4765,#4766);
#4109=AXIS2_PLACEMENT_3D('',#6132,#4768,#4769);
#4110=AXIS2_PLACEMENT_3D('',#6133,#4770,#4771);
#4111=AXIS2_PLACEMENT_3D('',#6136,#4774,#4775);
#4112=AXIS2_PLACEMENT_3D('',#6137,#4776,#4777);
#4113=AXIS2_PLACEMENT_3D('',#6138,#4778,#4779);
#4114=AXIS2_PLACEMENT_3D('',#6139,#4780,#4781);
#4115=AXIS2_PLACEMENT_3D('',#6140,#4782,#4783);
#4116=AXIS2_PLACEMENT_3D('',#6145,#4785,#4786);
#4117=AXIS2_PLACEMENT_3D('',#6148,#4788,#4789);
#4118=AXIS2_PLACEMENT_3D('',#6149,#4790,#4791);
#4119=AXIS2_PLACEMENT_3D('',#6157,#4796,#4797);
#4120=AXIS2_PLACEMENT_3D('',#6163,#4801,#4802);
#4121=AXIS2_PLACEMENT_3D('',#6166,#4804,#4805);
#4122=AXIS2_PLACEMENT_3D('',#6168,#4807,#4808);
#4123=AXIS2_PLACEMENT_3D('',#6171,#4810,#4811);
#4124=AXIS2_PLACEMENT_3D('',#6172,#4812,#4813);
#4125=AXIS2_PLACEMENT_3D('',#6176,#4816,#4817);
#4126=AXIS2_PLACEMENT_3D('',#6178,#4819,#4820);
#4127=AXIS2_PLACEMENT_3D('',#6179,#4821,#4822);
#4128=AXIS2_PLACEMENT_3D('',#6181,#4824,#4825);
#4129=AXIS2_PLACEMENT_3D('',#6186,#4827,#4828);
#4130=AXIS2_PLACEMENT_3D('',#6189,#4830,#4831);
#4131=AXIS2_PLACEMENT_3D('',#6190,#4832,#4833);
#4132=AXIS2_PLACEMENT_3D('',#6198,#4838,#4839);
#4133=AXIS2_PLACEMENT_3D('',#6204,#4843,#4844);
#4134=AXIS2_PLACEMENT_3D('',#6207,#4846,#4847);
#4135=AXIS2_PLACEMENT_3D('',#6209,#4849,#4850);
#4136=AXIS2_PLACEMENT_3D('',#6212,#4852,#4853);
#4137=AXIS2_PLACEMENT_3D('',#6213,#4854,#4855);
#4138=AXIS2_PLACEMENT_3D('',#6217,#4858,#4859);
#4139=AXIS2_PLACEMENT_3D('',#6219,#4861,#4862);
#4140=AXIS2_PLACEMENT_3D('',#6220,#4863,#4864);
#4141=AXIS2_PLACEMENT_3D('',#6222,#4866,#4867);
#4142=AXIS2_PLACEMENT_3D('',#6225,#4870,#4871);
#4143=AXIS2_PLACEMENT_3D('',#6228,#4873,#4874);
#4144=AXIS2_PLACEMENT_3D('',#6230,#4875,#4876);
#4145=AXIS2_PLACEMENT_3D('',#6232,#4877,#4878);
#4146=AXIS2_PLACEMENT_3D('',#6234,#4879,#4880);
#4147=AXIS2_PLACEMENT_3D('',#6235,#4881,#4882);
#4148=AXIS2_PLACEMENT_3D('',#6237,#4884,#4885);
#4149=AXIS2_PLACEMENT_3D('',#6240,#4887,#4888);
#4150=AXIS2_PLACEMENT_3D('',#6241,#4889,#4890);
#4151=AXIS2_PLACEMENT_3D('',#6244,#4892,#4893);
#4152=AXIS2_PLACEMENT_3D('',#6245,#4894,#4895);
#4153=AXIS2_PLACEMENT_3D('',#6248,#4897,#4898);
#4154=AXIS2_PLACEMENT_3D('',#6249,#4899,#4900);
#4155=AXIS2_PLACEMENT_3D('',#6252,#4902,#4903);
#4156=AXIS2_PLACEMENT_3D('',#6253,#4904,#4905);
#4157=AXIS2_PLACEMENT_3D('',#6254,#4906,#4907);
#4158=AXIS2_PLACEMENT_3D('',#6255,#4908,#4909);
#4159=AXIS2_PLACEMENT_3D('',#6256,#4910,#4911);
#4160=AXIS2_PLACEMENT_3D('',#6258,#4912,#4913);
#4161=AXIS2_PLACEMENT_3D('',#6260,#4914,#4915);
#4162=AXIS2_PLACEMENT_3D('',#6261,#4916,#4917);
#4163=AXIS2_PLACEMENT_3D('',#6262,#4918,#4919);
#4164=AXIS2_PLACEMENT_3D('',#6275,#4926,#4927);
#4165=AXIS2_PLACEMENT_3D('',#6277,#4928,#4929);
#4166=AXIS2_PLACEMENT_3D('',#6279,#4931,#4932);
#4167=AXIS2_PLACEMENT_3D('',#6281,#4933,#4934);
#4168=AXIS2_PLACEMENT_3D('',#6284,#4936,#4937);
#4169=AXIS2_PLACEMENT_3D('',#6285,#4938,#4939);
#4170=AXIS2_PLACEMENT_3D('',#6286,#4940,#4941);
#4171=AXIS2_PLACEMENT_3D('',#6296,#4942,#4943);
#4172=AXIS2_PLACEMENT_3D('',#6297,#4944,#4945);
#4173=AXIS2_PLACEMENT_3D('',#6303,#4946,#4947);
#4174=AXIS2_PLACEMENT_3D('',#6307,#4948,#4949);
#4175=AXIS2_PLACEMENT_3D('',#6316,#4950,#4951);
#4176=AXIS2_PLACEMENT_3D('',#6317,#4952,#4953);
#4177=AXIS2_PLACEMENT_3D('',#6326,#4954,#4955);
#4178=AXIS2_PLACEMENT_3D('',#6327,#4956,#4957);
#4179=AXIS2_PLACEMENT_3D('',#6333,#4958,#4959);
#4180=AXIS2_PLACEMENT_3D('',#6337,#4960,#4961);
#4181=AXIS2_PLACEMENT_3D('',#6342,#4962,#4963);
#4182=AXIS2_PLACEMENT_3D('',#6346,#4964,#4965);
#4183=AXIS2_PLACEMENT_3D('',#6349,#4968,#4969);
#4184=AXIS2_PLACEMENT_3D('',#6351,#4971,#4972);
#4185=AXIS2_PLACEMENT_3D('',#6353,#4974,#4975);
#4186=AXIS2_PLACEMENT_3D('',#6356,#4978,#4979);
#4187=AXIS2_PLACEMENT_3D('',#6357,#4980,#4981);
#4188=AXIS2_PLACEMENT_3D('',#6358,#4982,#4983);
#4189=AXIS2_PLACEMENT_3D('',#6359,#4984,#4985);
#4190=AXIS2_PLACEMENT_3D('',#6361,#4986,#4987);
#4191=AXIS2_PLACEMENT_3D('',#6363,#4989,#4990);
#4192=AXIS2_PLACEMENT_3D('',#6365,#4991,#4992);
#4193=AXIS2_PLACEMENT_3D('',#6367,#4994,#4995);
#4194=AXIS2_PLACEMENT_3D('',#6369,#4996,#4997);
#4195=AXIS2_PLACEMENT_3D('',#6371,#4999,#5000);
#4196=AXIS2_PLACEMENT_3D('',#6372,#5001,#5002);
#4197=AXIS2_PLACEMENT_3D('',#6373,#5003,#5004);
#4198=AXIS2_PLACEMENT_3D('',#6374,#5005,#5006);
#4199=AXIS2_PLACEMENT_3D('',#6375,#5007,#5008);
#4200=AXIS2_PLACEMENT_3D('',#6376,#5009,#5010);
#4201=AXIS2_PLACEMENT_3D('',#6377,#5011,#5012);
#4202=AXIS2_PLACEMENT_3D('',#6378,#5013,#5014);
#4203=AXIS2_PLACEMENT_3D('',#6379,#5015,#5016);
#4204=AXIS2_PLACEMENT_3D('',#6384,#5018,#5019);
#4205=AXIS2_PLACEMENT_3D('',#6387,#5021,#5022);
#4206=AXIS2_PLACEMENT_3D('',#6388,#5023,#5024);
#4207=AXIS2_PLACEMENT_3D('',#6397,#5029,#5030);
#4208=AXIS2_PLACEMENT_3D('',#6475,#5039,#5040);
#4209=AXIS2_PLACEMENT_3D('',#6479,#5043,#5044);
#4210=AXIS2_PLACEMENT_3D('',#6481,#5046,#5047);
#4211=AXIS2_PLACEMENT_3D('',#6482,#5048,#5049);
#4212=AXIS2_PLACEMENT_3D('',#6484,#5051,#5052);
#4213=AXIS2_PLACEMENT_3D('',#6489,#5054,#5055);
#4214=AXIS2_PLACEMENT_3D('',#6492,#5057,#5058);
#4215=AXIS2_PLACEMENT_3D('',#6493,#5059,#5060);
#4216=AXIS2_PLACEMENT_3D('',#6502,#5065,#5066);
#4217=AXIS2_PLACEMENT_3D('',#6505,#5068,#5069);
#4218=AXIS2_PLACEMENT_3D('',#6507,#5071,#5072);
#4219=AXIS2_PLACEMENT_3D('',#6546,#5078,#5079);
#4220=AXIS2_PLACEMENT_3D('',#6550,#5082,#5083);
#4221=AXIS2_PLACEMENT_3D('',#6552,#5085,#5086);
#4222=AXIS2_PLACEMENT_3D('',#6553,#5087,#5088);
#4223=AXIS2_PLACEMENT_3D('',#6555,#5090,#5091);
#4224=AXIS2_PLACEMENT_3D('',#6560,#5093,#5094);
#4225=AXIS2_PLACEMENT_3D('',#6563,#5096,#5097);
#4226=AXIS2_PLACEMENT_3D('',#6564,#5098,#5099);
#4227=AXIS2_PLACEMENT_3D('',#6572,#5104,#5105);
#4228=AXIS2_PLACEMENT_3D('',#6578,#5109,#5110);
#4229=AXIS2_PLACEMENT_3D('',#6581,#5112,#5113);
#4230=AXIS2_PLACEMENT_3D('',#6621,#5117,#5118);
#4231=AXIS2_PLACEMENT_3D('',#6625,#5121,#5122);
#4232=AXIS2_PLACEMENT_3D('',#6627,#5124,#5125);
#4233=AXIS2_PLACEMENT_3D('',#6628,#5126,#5127);
#4234=AXIS2_PLACEMENT_3D('',#6630,#5129,#5130);
#4235=AXIS2_PLACEMENT_3D('',#6631,#5131,#5132);
#4236=AXIS2_PLACEMENT_3D('',#6633,#5134,#5135);
#4237=AXIS2_PLACEMENT_3D('',#6635,#5136,#5137);
#4238=AXIS2_PLACEMENT_3D('',#6636,#5138,#5139);
#4239=AXIS2_PLACEMENT_3D('',#6637,#5140,#5141);
#4240=AXIS2_PLACEMENT_3D('',#6638,#5142,#5143);
#4241=AXIS2_PLACEMENT_3D('',#6639,#5144,#5145);
#4242=AXIS2_PLACEMENT_3D('',#6642,#5147,#5148);
#4243=AXIS2_PLACEMENT_3D('',#6643,#5149,#5150);
#4244=AXIS2_PLACEMENT_3D('',#6644,#5151,#5152);
#4245=AXIS2_PLACEMENT_3D('',#6645,#5153,#5154);
#4246=AXIS2_PLACEMENT_3D('',#6647,#5156,#5157);
#4247=AXIS2_PLACEMENT_3D('',#6648,#5158,#5159);
#4248=AXIS2_PLACEMENT_3D('',#6650,#5160,#5161);
#4249=AXIS2_PLACEMENT_3D('',#6652,#5162,#5163);
#4250=AXIS2_PLACEMENT_3D('',#6653,#5164,#5165);
#4251=AXIS2_PLACEMENT_3D('',#6656,#5167,#5168);
#4252=AXIS2_PLACEMENT_3D('',#6657,#5169,#5170);
#4253=AXIS2_PLACEMENT_3D('',#6659,#5171,#5172);
#4254=AXIS2_PLACEMENT_3D('',#6660,#5173,#5174);
#4255=AXIS2_PLACEMENT_3D('',#6662,#5175,#5176);
#4256=AXIS2_PLACEMENT_3D('',#6664,#5178,#5179);
#4257=AXIS2_PLACEMENT_3D('',#6666,#5180,#5181);
#4258=AXIS2_PLACEMENT_3D('',#6667,#5182,#5183);
#4259=AXIS2_PLACEMENT_3D('',#6670,#5185,#5186);
#4260=AXIS2_PLACEMENT_3D('',#6671,#5187,#5188);
#4261=AXIS2_PLACEMENT_3D('',#6673,#5189,#5190);
#4262=AXIS2_PLACEMENT_3D('',#6674,#5191,#5192);
#4263=AXIS2_PLACEMENT_3D('',#6677,#5194,#5195);
#4264=AXIS2_PLACEMENT_3D('',#6678,#5196,#5197);
#4265=AXIS2_PLACEMENT_3D('',#6680,#5198,#5199);
#4266=AXIS2_PLACEMENT_3D('',#6681,#5200,#5201);
#4267=AXIS2_PLACEMENT_3D('',#6684,#5203,#5204);
#4268=AXIS2_PLACEMENT_3D('',#6685,#5205,#5206);
#4269=AXIS2_PLACEMENT_3D('',#6687,#5207,#5208);
#4270=AXIS2_PLACEMENT_3D('',#6688,#5209,#5210);
#4271=AXIS2_PLACEMENT_3D('',#6691,#5212,#5213);
#4272=AXIS2_PLACEMENT_3D('',#6692,#5214,#5215);
#4273=AXIS2_PLACEMENT_3D('',#6694,#5216,#5217);
#4274=AXIS2_PLACEMENT_3D('',#6695,#5218,#5219);
#4275=AXIS2_PLACEMENT_3D('',#6698,#5221,#5222);
#4276=AXIS2_PLACEMENT_3D('',#6699,#5223,#5224);
#4277=AXIS2_PLACEMENT_3D('',#6701,#5225,#5226);
#4278=AXIS2_PLACEMENT_3D('',#6702,#5227,#5228);
#4279=AXIS2_PLACEMENT_3D('',#6704,#5230,#5231);
#4280=AXIS2_PLACEMENT_3D('',#6705,#5232,#5233);
#4281=AXIS2_PLACEMENT_3D('',#6707,#5234,#5235);
#4282=AXIS2_PLACEMENT_3D('',#6709,#5236,#5237);
#4283=AXIS2_PLACEMENT_3D('',#6711,#5238,#5239);
#4284=AXIS2_PLACEMENT_3D('',#6712,#5240,#5241);
#4285=AXIS2_PLACEMENT_3D('',#6713,#5242,#5243);
#4286=AXIS2_PLACEMENT_3D('',#6716,#5244,#5245);
#4287=AXIS2_PLACEMENT_3D('',#6717,#5246,#5247);
#4288=AXIS2_PLACEMENT_3D('',#6719,#5249,#5250);
#4289=AXIS2_PLACEMENT_3D('',#6721,#5251,#5252);
#4290=AXIS2_PLACEMENT_3D('',#6722,#5253,#5254);
#4291=AXIS2_PLACEMENT_3D('',#6724,#5255,#5256);
#4292=AXIS2_PLACEMENT_3D('',#6725,#5257,#5258);
#4293=AXIS2_PLACEMENT_3D('',#6726,#5259,#5260);
#4294=AXIS2_PLACEMENT_3D('',#6728,#5261,#5262);
#4295=AXIS2_PLACEMENT_3D('',#6729,#5263,#5264);
#4296=AXIS2_PLACEMENT_3D('',#6732,#5265,#5266);
#4297=AXIS2_PLACEMENT_3D('',#6734,#5267,#5268);
#4298=AXIS2_PLACEMENT_3D('',#6736,#5269,#5270);
#4299=AXIS2_PLACEMENT_3D('',#6737,#5271,#5272);
#4300=AXIS2_PLACEMENT_3D('',#6738,#5273,#5274);
#4301=AXIS2_PLACEMENT_3D('',#6741,#5275,#5276);
#4302=AXIS2_PLACEMENT_3D('',#6742,#5277,#5278);
#4303=AXIS2_PLACEMENT_3D('',#6743,#5279,#5280);
#4304=AXIS2_PLACEMENT_3D('',#6744,#5281,#5282);
#4305=AXIS2_PLACEMENT_3D('',#6747,#5283,#5284);
#4306=AXIS2_PLACEMENT_3D('',#6748,#5285,#5286);
#4307=AXIS2_PLACEMENT_3D('',#6749,#5287,#5288);
#4308=AXIS2_PLACEMENT_3D('',#6750,#5289,#5290);
#4309=AXIS2_PLACEMENT_3D('',#6753,#5291,#5292);
#4310=AXIS2_PLACEMENT_3D('',#6754,#5293,#5294);
#4311=AXIS2_PLACEMENT_3D('',#6755,#5295,#5296);
#4312=AXIS2_PLACEMENT_3D('',#6756,#5297,#5298);
#4313=AXIS2_PLACEMENT_3D('',#6759,#5299,#5300);
#4314=AXIS2_PLACEMENT_3D('',#6760,#5301,#5302);
#4315=AXIS2_PLACEMENT_3D('',#6761,#5303,#5304);
#4316=AXIS2_PLACEMENT_3D('',#6762,#5305,#5306);
#4317=AXIS2_PLACEMENT_3D('',#6764,#5308,#5309);
#4318=AXIS2_PLACEMENT_3D('',#6765,#5310,#5311);
#4319=AXIS2_PLACEMENT_3D('',#6766,#5312,#5313);
#4320=AXIS2_PLACEMENT_3D('',#6767,#5314,#5315);
#4321=AXIS2_PLACEMENT_3D('',#6769,#5317,#5318);
#4322=AXIS2_PLACEMENT_3D('',#6772,#5319,#5320);
#4323=AXIS2_PLACEMENT_3D('',#6775,#5321,#5322);
#4324=AXIS2_PLACEMENT_3D('',#6778,#5323,#5324);
#4325=AXIS2_PLACEMENT_3D('',#6779,#5325,#5326);
#4326=AXIS2_PLACEMENT_3D('',#6782,#5327,#5328);
#4327=AXIS2_PLACEMENT_3D('',#6785,#5329,#5330);
#4328=AXIS2_PLACEMENT_3D('',#6788,#5331,#5332);
#4329=AXIS2_PLACEMENT_3D('',#6789,#5333,#5334);
#4330=AXIS2_PLACEMENT_3D('',#6792,#5335,#5336);
#4331=AXIS2_PLACEMENT_3D('',#6795,#5337,#5338);
#4332=AXIS2_PLACEMENT_3D('',#6798,#5339,#5340);
#4333=AXIS2_PLACEMENT_3D('',#6799,#5341,#5342);
#4334=AXIS2_PLACEMENT_3D('',#6802,#5343,#5344);
#4335=AXIS2_PLACEMENT_3D('',#6805,#5345,#5346);
#4336=AXIS2_PLACEMENT_3D('',#6808,#5347,#5348);
#4337=AXIS2_PLACEMENT_3D('',#6809,#5349,#5350);
#4338=AXIS2_PLACEMENT_3D('',#6812,#5351,#5352);
#4339=AXIS2_PLACEMENT_3D('',#6815,#5353,#5354);
#4340=AXIS2_PLACEMENT_3D('',#6818,#5355,#5356);
#4341=AXIS2_PLACEMENT_3D('',#6819,#5357,#5358);
#4342=AXIS2_PLACEMENT_3D('',#6822,#5359,#5360);
#4343=AXIS2_PLACEMENT_3D('',#6825,#5361,#5362);
#4344=AXIS2_PLACEMENT_3D('',#6828,#5363,#5364);
#4345=AXIS2_PLACEMENT_3D('',#6829,#5365,#5366);
#4346=AXIS2_PLACEMENT_3D('',#6831,#5367,#5368);
#4347=AXIS2_PLACEMENT_3D('',#6835,#5370,#5371);
#4348=AXIS2_PLACEMENT_3D('',#6837,#5372,#5373);
#4349=AXIS2_PLACEMENT_3D('',#6839,#5374,#5375);
#4350=AXIS2_PLACEMENT_3D('',#6841,#5376,#5377);
#4351=AXIS2_PLACEMENT_3D('',#6843,#5378,#5379);
#4352=AXIS2_PLACEMENT_3D('',#6844,#5380,#5381);
#4353=AXIS2_PLACEMENT_3D('',#6845,#5382,#5383);
#4354=AXIS2_PLACEMENT_3D('',#6847,#5384,#5385);
#4355=AXIS2_PLACEMENT_3D('',#6849,#5386,#5387);
#4356=AXIS2_PLACEMENT_3D('',#6850,#5388,#5389);
#4357=AXIS2_PLACEMENT_3D('',#6851,#5390,#5391);
#4358=AXIS2_PLACEMENT_3D('',#6854,#5392,#5393);
#4359=AXIS2_PLACEMENT_3D('',#6855,#5394,#5395);
#4360=AXIS2_PLACEMENT_3D('',#6857,#5396,#5397);
#4361=AXIS2_PLACEMENT_3D('',#6860,#5399,#5400);
#4362=AXIS2_PLACEMENT_3D('',#6862,#5401,#5402);
#4363=AXIS2_PLACEMENT_3D('',#6863,#5403,#5404);
#4364=AXIS2_PLACEMENT_3D('',#6864,#5405,#5406);
#4365=AXIS2_PLACEMENT_3D('',#6865,#5407,#5408);
#4366=AXIS2_PLACEMENT_3D('',#6866,#5409,#5410);
#4367=AXIS2_PLACEMENT_3D('',#6867,#5411,#5412);
#4368=AXIS2_PLACEMENT_3D('',#6868,#5413,#5414);
#4369=AXIS2_PLACEMENT_3D('',#6869,#5415,#5416);
#4370=AXIS2_PLACEMENT_3D('',#6870,#5417,#5418);
#4371=AXIS2_PLACEMENT_3D('',#6871,#5419,#5420);
#4372=AXIS2_PLACEMENT_3D('',#6872,#5421,#5422);
#4373=AXIS2_PLACEMENT_3D('',#6873,#5423,#5424);
#4374=AXIS2_PLACEMENT_3D('',#6875,#5425,#5426);
#4375=AXIS2_PLACEMENT_3D('',#6876,#5427,#5428);
#4376=AXIS2_PLACEMENT_3D('',#6878,#5429,#5430);
#4377=AXIS2_PLACEMENT_3D('',#6880,#5431,#5432);
#4378=AXIS2_PLACEMENT_3D('',#6881,#5433,#5434);
#4379=AXIS2_PLACEMENT_3D('',#6882,#5435,#5436);
#4380=AXIS2_PLACEMENT_3D('',#6884,#5437,#5438);
#4381=AXIS2_PLACEMENT_3D('',#6885,#5439,#5440);
#4382=AXIS2_PLACEMENT_3D('',#6889,#5442,#5443);
#4383=AXIS2_PLACEMENT_3D('',#6890,#5444,#5445);
#4384=AXIS2_PLACEMENT_3D('',#6891,#5446,#5447);
#4385=AXIS2_PLACEMENT_3D('',#6892,#5448,#5449);
#4386=AXIS2_PLACEMENT_3D('',#6893,#5450,#5451);
#4387=AXIS2_PLACEMENT_3D('',#6894,#5452,#5453);
#4388=AXIS2_PLACEMENT_3D('',#6896,#5454,#5455);
#4389=AXIS2_PLACEMENT_3D('',#6899,#5457,#5458);
#4390=AXIS2_PLACEMENT_3D('',#6900,#5459,#5460);
#4391=AXIS2_PLACEMENT_3D('',#6902,#5461,#5462);
#4392=AXIS2_PLACEMENT_3D('',#6905,#5464,#5465);
#4393=AXIS2_PLACEMENT_3D('',#6906,#5466,#5467);
#4394=AXIS2_PLACEMENT_3D('',#6909,#5468,#5469);
#4395=AXIS2_PLACEMENT_3D('',#6913,#5471,#5472);
#4396=AXIS2_PLACEMENT_3D('',#6915,#5474,#5475);
#4397=AXIS2_PLACEMENT_3D('',#6921,#5479,#5480);
#4398=AXIS2_PLACEMENT_3D('',#6923,#5481,#5482);
#4399=AXIS2_PLACEMENT_3D('',#6926,#5484,#5485);
#4400=AXIS2_PLACEMENT_3D('',#6927,#5486,#5487);
#4401=AXIS2_PLACEMENT_3D('',#6933,#5491,#5492);
#4402=AXIS2_PLACEMENT_3D('',#6935,#5493,#5494);
#4403=AXIS2_PLACEMENT_3D('',#6938,#5496,#5497);
#4404=AXIS2_PLACEMENT_3D('',#6939,#5498,#5499);
#4405=AXIS2_PLACEMENT_3D('',#6945,#5503,#5504);
#4406=AXIS2_PLACEMENT_3D('',#6947,#5505,#5506);
#4407=AXIS2_PLACEMENT_3D('',#6950,#5508,#5509);
#4408=AXIS2_PLACEMENT_3D('',#6951,#5510,#5511);
#4409=AXIS2_PLACEMENT_3D('',#6954,#5514,#5515);
#4410=AXIS2_PLACEMENT_3D('',#6955,#5516,#5517);
#4411=AXIS2_PLACEMENT_3D('',#6956,#5518,#5519);
#4412=AXIS2_PLACEMENT_3D('',#6957,#5520,#5521);
#4413=AXIS2_PLACEMENT_3D('',#6960,#5522,#5523);
#4414=AXIS2_PLACEMENT_3D('',#6962,#5524,#5525);
#4415=AXIS2_PLACEMENT_3D('',#6963,#5526,#5527);
#4416=AXIS2_PLACEMENT_3D('',#6964,#5528,#5529);
#4417=AXIS2_PLACEMENT_3D('',#6965,#5530,#5531);
#4418=AXIS2_PLACEMENT_3D('',#6967,#5532,#5533);
#4419=AXIS2_PLACEMENT_3D('',#6969,#5535,#5536);
#4420=AXIS2_PLACEMENT_3D('',#6971,#5537,#5538);
#4421=AXIS2_PLACEMENT_3D('',#6972,#5539,#5540);
#4422=AXIS2_PLACEMENT_3D('',#6975,#5541,#5542);
#4423=AXIS2_PLACEMENT_3D('',#6976,#5543,#5544);
#4424=AXIS2_PLACEMENT_3D('',#6978,#5545,#5546);
#4425=AXIS2_PLACEMENT_3D('',#6979,#5547,#5548);
#4426=AXIS2_PLACEMENT_3D('',#6980,#5549,#5550);
#4427=AXIS2_PLACEMENT_3D('',#6983,#5551,#5552);
#4428=AXIS2_PLACEMENT_3D('',#6985,#5554,#5555);
#4429=AXIS2_PLACEMENT_3D('',#6986,#5556,#5557);
#4430=AXIS2_PLACEMENT_3D('',#6988,#5558,#5559);
#4431=AXIS2_PLACEMENT_3D('',#6989,#5560,#5561);
#4432=AXIS2_PLACEMENT_3D('',#6991,#5562,#5563);
#4433=AXIS2_PLACEMENT_3D('',#6992,#5564,#5565);
#4434=AXIS2_PLACEMENT_3D('',#6993,#5566,#5567);
#4435=AXIS2_PLACEMENT_3D('',#6994,#5568,#5569);
#4436=AXIS2_PLACEMENT_3D('',#6997,#5570,#5571);
#4437=AXIS2_PLACEMENT_3D('',#6998,#5572,#5573);
#4438=AXIS2_PLACEMENT_3D('',#7000,#5574,#5575);
#4439=AXIS2_PLACEMENT_3D('',#7002,#5576,#5577);
#4440=AXIS2_PLACEMENT_3D('',#7003,#5578,#5579);
#4441=AXIS2_PLACEMENT_3D('',#7004,#5580,#5581);
#4442=AXIS2_PLACEMENT_3D('',#7006,#5582,#5583);
#4443=AXIS2_PLACEMENT_3D('',#7008,#5584,#5585);
#4444=AXIS2_PLACEMENT_3D('',#7009,#5586,#5587);
#4445=AXIS2_PLACEMENT_3D('',#7012,#5589,#5590);
#4446=AXIS2_PLACEMENT_3D('',#7013,#5591,#5592);
#4447=AXIS2_PLACEMENT_3D('',#7016,#5594,#5595);
#4448=AXIS2_PLACEMENT_3D('',#7017,#5596,#5597);
#4449=AXIS2_PLACEMENT_3D('',#7019,#5599,#5600);
#4450=AXIS2_PLACEMENT_3D('',#7021,#5602,#5603);
#4451=AXIS2_PLACEMENT_3D('',#7023,#5605,#5606);
#4452=AXIS2_PLACEMENT_3D('',#7024,#5607,#5608);
#4453=AXIS2_PLACEMENT_3D('',#7040,#5610,#5611);
#4454=AXIS2_PLACEMENT_3D('',#7053,#5613,#5614);
#4455=AXIS2_PLACEMENT_3D('',#7059,#5618,#5619);
#4456=AXIS2_PLACEMENT_3D('',#7065,#5623,#5624);
#4457=AXIS2_PLACEMENT_3D('',#7087,#5625,#5626);
#4458=AXIS2_PLACEMENT_3D('',#7088,#5627,#5628);
#4459=AXIS2_PLACEMENT_3D('',#7089,#5629,#5630);
#4460=AXIS2_PLACEMENT_3D('',#7091,#5631,#5632);
#4461=AXIS2_PLACEMENT_3D('',#7094,#5634,#5635);
#4462=AXIS2_PLACEMENT_3D('',#7095,#5636,#5637);
#4463=AXIS2_PLACEMENT_3D('',#7097,#5638,#5639);
#4464=AXIS2_PLACEMENT_3D('',#7098,#5640,#5641);
#4465=AXIS2_PLACEMENT_3D('',#7100,#5642,#5643);
#4466=AXIS2_PLACEMENT_3D('',#7102,#5645,#5646);
#4467=AXIS2_PLACEMENT_3D('',#7104,#5647,#5648);
#4468=AXIS2_PLACEMENT_3D('',#7105,#5649,#5650);
#4469=AXIS2_PLACEMENT_3D('',#7107,#5651,#5652);
#4470=AXIS2_PLACEMENT_3D('',#7109,#5654,#5655);
#4471=AXIS2_PLACEMENT_3D('',#7111,#5656,#5657);
#4472=AXIS2_PLACEMENT_3D('',#7112,#5658,#5659);
#4473=AXIS2_PLACEMENT_3D('',#7114,#5660,#5661);
#4474=AXIS2_PLACEMENT_3D('',#7116,#5663,#5664);
#4475=AXIS2_PLACEMENT_3D('',#7118,#5665,#5666);
#4476=AXIS2_PLACEMENT_3D('',#7119,#5667,#5668);
#4477=AXIS2_PLACEMENT_3D('',#7121,#5669,#5670);
#4478=AXIS2_PLACEMENT_3D('',#7123,#5672,#5673);
#4479=AXIS2_PLACEMENT_3D('',#7125,#5674,#5675);
#4480=AXIS2_PLACEMENT_3D('',#7126,#5676,#5677);
#4481=AXIS2_PLACEMENT_3D('',#7128,#5678,#5679);
#4482=AXIS2_PLACEMENT_3D('',#7130,#5681,#5682);
#4483=AXIS2_PLACEMENT_3D('',#7132,#5683,#5684);
#4484=AXIS2_PLACEMENT_3D('',#7133,#5685,#5686);
#4485=AXIS2_PLACEMENT_3D('',#7135,#5687,#5688);
#4486=AXIS2_PLACEMENT_3D('',#7137,#5690,#5691);
#4487=AXIS2_PLACEMENT_3D('',#7139,#5692,#5693);
#4488=AXIS2_PLACEMENT_3D('',#7140,#5694,#5695);
#4489=AXIS2_PLACEMENT_3D('',#7142,#5696,#5697);
#4490=AXIS2_PLACEMENT_3D('',#7144,#5699,#5700);
#4491=AXIS2_PLACEMENT_3D('',#7145,#5701,#5702);
#4492=AXIS2_PLACEMENT_3D('',#7147,#5703,#5704);
#4493=AXIS2_PLACEMENT_3D('',#7148,#5705,#5706);
#4494=AXIS2_PLACEMENT_3D('',#7150,#5707,#5708);
#4495=AXIS2_PLACEMENT_3D('',#7152,#5710,#5711);
#4496=AXIS2_PLACEMENT_3D('',#7154,#5712,#5713);
#4497=AXIS2_PLACEMENT_3D('',#7155,#5714,#5715);
#4498=AXIS2_PLACEMENT_3D('',#7157,#5716,#5717);
#4499=AXIS2_PLACEMENT_3D('',#7159,#5719,#5720);
#4500=AXIS2_PLACEMENT_3D('',#7160,#5721,#5722);
#4501=AXIS2_PLACEMENT_3D('',#7161,#5723,#5724);
#4502=AXIS2_PLACEMENT_3D('',#7162,#5725,#5726);
#4503=AXIS2_PLACEMENT_3D('',#7163,#5727,#5728);
#4504=AXIS2_PLACEMENT_3D('',#7164,#5729,#5730);
#4505=AXIS2_PLACEMENT_3D('',#7165,#5731,#5732);
#4506=AXIS2_PLACEMENT_3D('',#7166,#5733,#5734);
#4507=AXIS2_PLACEMENT_3D('',#7167,#5735,#5736);
#4508=AXIS2_PLACEMENT_3D('',#7168,#5737,#5738);
#4509=AXIS2_PLACEMENT_3D('',#7169,#5739,#5740);
#4510=AXIS2_PLACEMENT_3D('',#7170,#5741,#5742);
#4511=AXIS2_PLACEMENT_3D('',#7171,#5743,#5744);
#4512=AXIS2_PLACEMENT_3D('',#7172,#5745,#5746);
#4513=AXIS2_PLACEMENT_3D('',#7173,#5747,#5748);
#4514=AXIS2_PLACEMENT_3D('',#7174,#5749,#5750);
#4515=AXIS2_PLACEMENT_3D('',#7175,#5751,#5752);
#4516=AXIS2_PLACEMENT_3D('',#7176,#5753,#5754);
#4517=AXIS2_PLACEMENT_3D('',#7177,#5755,#5756);
#4518=AXIS2_PLACEMENT_3D('',#7178,#5757,#5758);
#4519=AXIS2_PLACEMENT_3D('',#7179,#5759,#5760);
#4520=DIRECTION('axis',(0.,0.,1.));
#4521=DIRECTION('refdir',(1.,0.,0.));
#4522=DIRECTION('axis',(0.,0.,1.));
#4523=DIRECTION('refdir',(1.,0.,0.));
#4524=DIRECTION('center_axis',(0.,1.,0.));
#4525=DIRECTION('ref_axis',(-0.996194698091746,0.,0.0871557427476582));
#4526=DIRECTION('center_axis',(0.,1.,0.));
#4527=DIRECTION('ref_axis',(1.,0.,0.));
#4528=DIRECTION('center_axis',(0.,1.,0.));
#4529=DIRECTION('ref_axis',(-0.996194698091746,0.,0.0871557427476575));
#4530=DIRECTION('center_axis',(0.,-1.,0.));
#4531=DIRECTION('ref_axis',(1.,0.,0.));
#4532=DIRECTION('center_axis',(0.,1.,0.));
#4533=DIRECTION('ref_axis',(1.,0.,0.));
#4534=DIRECTION('center_axis',(0.,1.,0.));
#4535=DIRECTION('ref_axis',(1.,0.,0.));
#4536=DIRECTION('center_axis',(0.,1.,0.));
#4537=DIRECTION('ref_axis',(1.,0.,0.));
#4538=DIRECTION('center_axis',(0.,-1.,0.));
#4539=DIRECTION('ref_axis',(1.,0.,0.));
#4540=DIRECTION('center_axis',(0.,1.,0.));
#4541=DIRECTION('ref_axis',(-1.22464679914735E-16,0.,1.));
#4542=DIRECTION('center_axis',(0.,1.,0.));
#4543=DIRECTION('ref_axis',(1.,0.,0.));
#4544=DIRECTION('center_axis',(0.,1.,0.));
#4545=DIRECTION('ref_axis',(1.,0.,0.));
#4546=DIRECTION('center_axis',(0.,1.,0.));
#4547=DIRECTION('ref_axis',(1.,0.,0.));
#4548=DIRECTION('center_axis',(0.,1.,0.));
#4549=DIRECTION('ref_axis',(1.,0.,0.));
#4550=DIRECTION('center_axis',(0.,1.,0.));
#4551=DIRECTION('ref_axis',(2.83276944882399E-16,0.,-1.));
#4552=DIRECTION('center_axis',(0.,-1.,0.));
#4553=DIRECTION('ref_axis',(1.,0.,0.));
#4554=DIRECTION('center_axis',(0.,1.,0.));
#4555=DIRECTION('ref_axis',(1.,0.,0.));
#4556=DIRECTION('center_axis',(0.,-1.,0.));
#4557=DIRECTION('ref_axis',(0.,0.,-1.));
#4558=DIRECTION('center_axis',(0.,1.,0.));
#4559=DIRECTION('ref_axis',(-1.83697019872103E-16,0.,1.));
#4560=DIRECTION('center_axis',(0.,1.,0.));
#4561=DIRECTION('ref_axis',(0.,0.,1.));
#4562=DIRECTION('center_axis',(0.,-1.,0.));
#4563=DIRECTION('ref_axis',(-1.83697019872103E-16,0.,1.));
#4564=DIRECTION('center_axis',(0.,-1.,0.));
#4565=DIRECTION('ref_axis',(-1.83697019872103E-16,0.,1.));
#4566=DIRECTION('center_axis',(-1.,0.,1.22464679914735E-16));
#4567=DIRECTION('ref_axis',(-1.22464679914735E-16,0.,-1.));
#4568=DIRECTION('center_axis',(0.,1.,0.));
#4569=DIRECTION('ref_axis',(0.,0.,-1.));
#4570=DIRECTION('center_axis',(0.,1.,0.));
#4571=DIRECTION('ref_axis',(1.,0.,0.));
#4572=DIRECTION('',(0.,-1.,0.));
#4573=DIRECTION('center_axis',(0.,1.,0.));
#4574=DIRECTION('ref_axis',(0.,0.,1.));
#4575=DIRECTION('center_axis',(0.,-1.,0.));
#4576=DIRECTION('ref_axis',(-1.83697019872103E-16,0.,1.));
#4577=DIRECTION('center_axis',(-1.,0.,1.22464679914735E-16));
#4578=DIRECTION('ref_axis',(-1.22464679914735E-16,0.,-1.));
#4579=DIRECTION('center_axis',(0.,1.,0.));
#4580=DIRECTION('ref_axis',(-1.83697019872103E-16,0.,1.));
#4581=DIRECTION('center_axis',(0.,1.,0.));
#4582=DIRECTION('ref_axis',(-1.83697019872103E-16,0.,1.));
#4583=DIRECTION('center_axis',(0.,1.,0.));
#4584=DIRECTION('ref_axis',(0.,0.,-1.));
#4585=DIRECTION('',(0.,-1.,0.));
#4586=DIRECTION('center_axis',(0.,1.,0.));
#4587=DIRECTION('ref_axis',(1.,0.,0.));
#4588=DIRECTION('center_axis',(0.,1.,0.));
#4589=DIRECTION('ref_axis',(0.,0.,1.));
#4590=DIRECTION('center_axis',(0.,1.,0.));
#4591=DIRECTION('ref_axis',(1.,0.,0.));
#4592=DIRECTION('center_axis',(0.,1.,0.));
#4593=DIRECTION('ref_axis',(0.,0.,1.));
#4594=DIRECTION('center_axis',(0.,-1.,0.));
#4595=DIRECTION('ref_axis',(-1.83697019872103E-16,0.,1.));
#4596=DIRECTION('center_axis',(-1.,0.,1.22464679914735E-16));
#4597=DIRECTION('ref_axis',(-1.22464679914735E-16,0.,-1.));
#4598=DIRECTION('center_axis',(0.,1.,0.));
#4599=DIRECTION('ref_axis',(-1.83697019872103E-16,0.,1.));
#4600=DIRECTION('center_axis',(0.,1.,0.));
#4601=DIRECTION('ref_axis',(-1.83697019872103E-16,0.,1.));
#4602=DIRECTION('center_axis',(0.,1.,0.));
#4603=DIRECTION('ref_axis',(0.,0.,-1.));
#4604=DIRECTION('',(0.,-1.,0.));
#4605=DIRECTION('center_axis',(0.,1.,0.));
#4606=DIRECTION('ref_axis',(0.,0.,1.));
#4607=DIRECTION('center_axis',(0.,-1.,0.));
#4608=DIRECTION('ref_axis',(0.,0.,-1.));
#4609=DIRECTION('center_axis',(0.,1.,0.));
#4610=DIRECTION('ref_axis',(1.,0.,0.));
#4611=DIRECTION('',(1.10915063697383E-16,-0.423940106048627,0.90569022655844));
#4612=DIRECTION('center_axis',(0.,1.,0.));
#4613=DIRECTION('ref_axis',(0.,0.,-1.));
#4614=DIRECTION('center_axis',(0.,1.,0.));
#4615=DIRECTION('ref_axis',(1.,0.,0.));
#4616=DIRECTION('',(0.,-1.,0.));
#4617=DIRECTION('center_axis',(0.,1.,0.));
#4618=DIRECTION('ref_axis',(0.,0.,-1.));
#4619=DIRECTION('',(-1.10915063697384E-16,-0.423940106048626,-0.905690226558441));
#4620=DIRECTION('axis',(0.,0.,1.));
#4621=DIRECTION('refdir',(1.,0.,0.));
#4622=DIRECTION('center_axis',(0.,1.,0.));
#4623=DIRECTION('ref_axis',(-1.,0.,0.));
#4624=DIRECTION('center_axis',(0.,1.,0.));
#4625=DIRECTION('ref_axis',(-1.,0.,0.));
#4626=DIRECTION('',(-0.857167300702112,-0.515038074910054,1.04972719113862E-16));
#4627=DIRECTION('center_axis',(0.,1.,0.));
#4628=DIRECTION('ref_axis',(-1.,0.,0.));
#4629=DIRECTION('center_axis',(0.,1.,0.));
#4630=DIRECTION('ref_axis',(0.087155742747658,0.,-0.996194698091746));
#4631=DIRECTION('center_axis',(0.,-1.,0.));
#4632=DIRECTION('ref_axis',(-1.,0.,0.));
#4633=DIRECTION('center_axis',(0.,1.,0.));
#4634=DIRECTION('ref_axis',(-1.,0.,0.));
#4635=DIRECTION('center_axis',(0.,1.,0.));
#4636=DIRECTION('ref_axis',(-1.,0.,0.));
#4637=DIRECTION('',(-0.857167300702112,-0.515038074910054,1.04972719113862E-16));
#4638=DIRECTION('center_axis',(0.,1.,0.));
#4639=DIRECTION('ref_axis',(-1.,0.,0.));
#4640=DIRECTION('center_axis',(0.,1.,0.));
#4641=DIRECTION('ref_axis',(0.0871557427476585,0.,0.996194698091746));
#4642=DIRECTION('center_axis',(0.,-1.,0.));
#4643=DIRECTION('ref_axis',(-1.,0.,0.));
#4644=DIRECTION('center_axis',(0.,1.,0.));
#4645=DIRECTION('ref_axis',(-0.999847695156391,0.,0.0174524064372834));
#4646=DIRECTION('center_axis',(0.,1.,0.));
#4647=DIRECTION('ref_axis',(-0.999847695156391,0.,0.0174524064372823));
#4648=DIRECTION('center_axis',(0.,1.,0.));
#4649=DIRECTION('ref_axis',(-0.999847695156391,0.,0.0174524064372829));
#4650=DIRECTION('',(0.0609010390693349,-0.998143242928645,0.00106303159115115));
#4651=DIRECTION('center_axis',(0.,1.,0.));
#4652=DIRECTION('ref_axis',(-0.999847695156391,0.,0.0174524064372823));
#4653=DIRECTION('center_axis',(0.,1.,0.));
#4654=DIRECTION('ref_axis',(-0.0174524064372834,0.,-0.999847695156391));
#4655=DIRECTION('center_axis',(0.,1.,0.));
#4656=DIRECTION('ref_axis',(-0.999847695156391,0.,0.0174524064372823));
#4657=DIRECTION('center_axis',(0.,-1.,0.));
#4658=DIRECTION('ref_axis',(-1.,0.,0.));
#4659=DIRECTION('',(-0.999847695156391,0.,-0.0174524064372834));
#4660=DIRECTION('center_axis',(0.,1.,0.));
#4661=DIRECTION('ref_axis',(-0.999847695156391,0.,0.0174524064372827));
#4662=DIRECTION('',(0.573576436351047,0.,0.819152044288991));
#4663=DIRECTION('',(-0.819152044288992,0.,0.573576436351046));
#4664=DIRECTION('',(-0.573576436351046,0.,-0.819152044288992));
#4665=DIRECTION('center_axis',(0.,1.,0.));
#4666=DIRECTION('ref_axis',(-0.999847695156391,0.,0.0174524064372827));
#4667=DIRECTION('',(0.999847695156391,0.,-0.0174524064372834));
#4668=DIRECTION('center_axis',(0.,1.,0.));
#4669=DIRECTION('ref_axis',(-0.999847695156391,0.,0.0174524064372823));
#4670=DIRECTION('center_axis',(0.,1.,0.));
#4671=DIRECTION('ref_axis',(-1.,0.,0.));
#4672=DIRECTION('center_axis',(0.,1.,0.));
#4673=DIRECTION('ref_axis',(-1.,0.,0.));
#4674=DIRECTION('center_axis',(0.,-1.,0.));
#4675=DIRECTION('ref_axis',(0.0174524064372834,0.,0.999847695156391));
#4676=DIRECTION('center_axis',(0.,1.,0.));
#4677=DIRECTION('ref_axis',(-0.999847695156391,0.,0.0174524064372829));
#4678=DIRECTION('',(-0.999847695156391,0.,0.0174524064372834));
#4679=DIRECTION('center_axis',(0.,1.,0.));
#4680=DIRECTION('ref_axis',(-0.999847695156391,0.,0.0174524064372827));
#4681=DIRECTION('',(0.573576436351046,0.,0.819152044288992));
#4682=DIRECTION('',(0.819152044288992,0.,-0.573576436351046));
#4683=DIRECTION('',(-0.573576436351047,0.,-0.819152044288991));
#4684=DIRECTION('center_axis',(0.,1.,0.));
#4685=DIRECTION('ref_axis',(-0.999847695156391,0.,0.0174524064372827));
#4686=DIRECTION('',(0.999847695156391,0.,0.0174524064372834));
#4687=DIRECTION('center_axis',(0.,1.,0.));
#4688=DIRECTION('ref_axis',(-0.999847695156391,0.,0.0174524064372834));
#4689=DIRECTION('',(-0.0609010390693349,0.998143242928645,0.00106303159115115));
#4690=DIRECTION('center_axis',(0.573576436351046,0.,0.819152044288992));
#4691=DIRECTION('ref_axis',(-0.819152044288992,0.,0.573576436351046));
#4692=DIRECTION('',(0.,-1.,0.));
#4693=DIRECTION('',(0.,-1.,0.));
#4694=DIRECTION('center_axis',(0.819152044288991,0.,-0.573576436351047));
#4695=DIRECTION('ref_axis',(0.573576436351047,0.,0.819152044288991));
#4696=DIRECTION('',(0.,1.,0.));
#4697=DIRECTION('center_axis',(-0.819152044288992,0.,0.573576436351046));
#4698=DIRECTION('ref_axis',(-0.573576436351046,0.,-0.819152044288992));
#4699=DIRECTION('',(0.,-1.,0.));
#4700=DIRECTION('center_axis',(0.,1.,0.));
#4701=DIRECTION('ref_axis',(0.322195639037957,0.,-0.946673106296425));
#4702=DIRECTION('',(1.31108732159176E-16,1.,2.28851143249469E-18));
#4703=DIRECTION('center_axis',(0.,1.,0.));
#4704=DIRECTION('ref_axis',(-0.999847695156391,0.,0.0174524064372834));
#4705=DIRECTION('',(-1.31108732159176E-16,-1.,2.28851143249469E-18));
#4706=DIRECTION('center_axis',(-0.0174524064372834,0.,-0.999847695156391));
#4707=DIRECTION('ref_axis',(-0.999847695156391,0.,0.0174524064372834));
#4708=DIRECTION('center_axis',(0.0174524064372834,0.,-0.999847695156391));
#4709=DIRECTION('ref_axis',(-0.999847695156391,0.,-0.0174524064372834));
#4710=DIRECTION('axis',(0.,0.,1.));
#4711=DIRECTION('refdir',(1.,0.,0.));
#4712=DIRECTION('center_axis',(0.,0.,-1.));
#4713=DIRECTION('ref_axis',(-1.,0.,0.));
#4714=DIRECTION('center_axis',(0.,0.,-1.));
#4715=DIRECTION('ref_axis',(-1.,0.,0.));
#4716=DIRECTION('',(0.,0.,-1.));
#4717=DIRECTION('center_axis',(0.,0.,1.));
#4718=DIRECTION('ref_axis',(-1.,0.,0.));
#4719=DIRECTION('center_axis',(0.,0.,-1.));
#4720=DIRECTION('ref_axis',(-1.,0.,0.));
#4721=DIRECTION('center_axis',(0.,0.,-1.));
#4722=DIRECTION('ref_axis',(-1.,0.,0.));
#4723=DIRECTION('',(0.,0.,-1.));
#4724=DIRECTION('center_axis',(0.,0.,1.));
#4725=DIRECTION('ref_axis',(-1.,0.,0.));
#4726=DIRECTION('center_axis',(1.,3.65204942310907E-17,0.));
#4727=DIRECTION('ref_axis',(0.,0.,-1.));
#4728=DIRECTION('',(-3.65204942310907E-17,1.,0.));
#4729=DIRECTION('',(0.,0.,-1.));
#4730=DIRECTION('',(3.65204942310907E-17,-1.,0.));
#4731=DIRECTION('',(0.,0.,-1.));
#4732=DIRECTION('center_axis',(0.,0.,-1.));
#4733=DIRECTION('ref_axis',(-6.2495998074926E-16,1.,0.));
#4734=DIRECTION('center_axis',(0.,0.,-1.));
#4735=DIRECTION('ref_axis',(0.0838852097130242,-0.996475424479401,0.));
#4736=DIRECTION('',(0.,0.,-1.));
#4737=DIRECTION('center_axis',(0.,0.,1.));
#4738=DIRECTION('ref_axis',(0.0838852097130242,-0.996475424479401,0.));
#4739=DIRECTION('center_axis',(-1.,3.65204942310907E-17,0.));
#4740=DIRECTION('ref_axis',(0.,0.,1.));
#4741=DIRECTION('',(-3.65204942310907E-17,-1.,0.));
#4742=DIRECTION('',(0.,0.,-1.));
#4743=DIRECTION('',(3.65204942310907E-17,1.,0.));
#4744=DIRECTION('center_axis',(0.,-1.,0.));
#4745=DIRECTION('ref_axis',(0.,0.,-1.));
#4746=DIRECTION('',(1.,0.,0.));
#4747=DIRECTION('',(0.,0.,-1.));
#4748=DIRECTION('',(-1.,0.,0.));
#4749=DIRECTION('center_axis',(0.,0.,-1.));
#4750=DIRECTION('ref_axis',(-0.697675864315405,0.716413559581163,0.));
#4751=DIRECTION('center_axis',(0.,0.,-1.));
#4752=DIRECTION('ref_axis',(-0.697675864315405,0.716413559581163,0.));
#4753=DIRECTION('',(0.,0.,-1.));
#4754=DIRECTION('center_axis',(0.,0.,1.));
#4755=DIRECTION('ref_axis',(-0.697675864315405,0.716413559581163,0.));
#4756=DIRECTION('center_axis',(0.,0.,-1.));
#4757=DIRECTION('ref_axis',(-0.697675864315405,0.716413559581163,0.));
#4758=DIRECTION('center_axis',(0.,0.,1.));
#4759=DIRECTION('ref_axis',(-0.697675864315405,0.716413559581163,0.));
#4760=DIRECTION('',(0.,0.,-1.));
#4761=DIRECTION('center_axis',(0.,0.,-1.));
#4762=DIRECTION('ref_axis',(-0.697675864315405,0.716413559581163,0.));
#4763=DIRECTION('center_axis',(0.,0.,-1.));
#4764=DIRECTION('ref_axis',(0.996308626961483,0.0858435777570139,0.));
#4765=DIRECTION('center_axis',(0.,0.,-1.));
#4766=DIRECTION('ref_axis',(0.996308626961483,0.0858435777570139,0.));
#4767=DIRECTION('',(0.,0.,-1.));
#4768=DIRECTION('center_axis',(0.,0.,1.));
#4769=DIRECTION('ref_axis',(0.996308626961483,0.0858435777570139,0.));
#4770=DIRECTION('center_axis',(0.,-1.,0.));
#4771=DIRECTION('ref_axis',(0.,0.,-1.));
#4772=DIRECTION('',(1.,0.,0.));
#4773=DIRECTION('',(-1.,0.,0.));
#4774=DIRECTION('center_axis',(0.,0.,1.));
#4775=DIRECTION('ref_axis',(1.,0.,0.));
#4776=DIRECTION('center_axis',(0.,0.,1.));
#4777=DIRECTION('ref_axis',(1.,0.,0.));
#4778=DIRECTION('axis',(0.,0.,1.));
#4779=DIRECTION('refdir',(1.,0.,0.));
#4780=DIRECTION('axis',(0.,0.,1.));
#4781=DIRECTION('refdir',(1.,0.,0.));
#4782=DIRECTION('center_axis',(4.44089209850063E-17,0.,1.));
#4783=DIRECTION('ref_axis',(0.,1.,0.));
#4784=DIRECTION('',(4.39937734864819E-17,0.,1.));
#4785=DIRECTION('center_axis',(4.44089209850063E-17,0.,1.));
#4786=DIRECTION('ref_axis',(0.,1.,0.));
#4787=DIRECTION('',(-4.44089209850063E-17,0.,-1.));
#4788=DIRECTION('center_axis',(-4.44089209850063E-17,0.,-1.));
#4789=DIRECTION('ref_axis',(-1.,0.,0.));
#4790=DIRECTION('center_axis',(4.44089209850065E-17,3.53427426490925E-15,
1.));
#4791=DIRECTION('ref_axis',(6.12323399573675E-17,1.,-3.53427426490925E-15));
#4792=DIRECTION('',(-1.,6.12323399573677E-17,4.44089209850063E-17));
#4793=DIRECTION('',(-5.31541517776979E-18,-1.,3.53427426490925E-15));
#4794=DIRECTION('',(1.,-6.12323399573677E-17,-4.44089209850063E-17));
#4795=DIRECTION('',(5.31541517776979E-18,1.,-3.53427426490925E-15));
#4796=DIRECTION('center_axis',(-1.,-1.28653527720424E-16,4.48240684835306E-17));
#4797=DIRECTION('ref_axis',(4.48240684835306E-17,-4.44089209850063E-17,
1.));
#4798=DIRECTION('',(-4.48240684835306E-17,0.,-1.));
#4799=DIRECTION('',(-5.31541517776995E-18,-1.,-4.44089209850063E-17));
#4800=DIRECTION('',(4.44089209850063E-17,0.,1.));
#4801=DIRECTION('center_axis',(-4.44089209850063E-17,0.,-1.));
#4802=DIRECTION('ref_axis',(-1.,0.,4.44089209850063E-17));
#4803=DIRECTION('',(1.,-6.12323399573677E-17,-4.44089209850063E-17));
#4804=DIRECTION('center_axis',(4.44089209850063E-17,0.,1.));
#4805=DIRECTION('ref_axis',(0.,1.,0.));
#4806=DIRECTION('',(0.,1.,0.));
#4807=DIRECTION('center_axis',(4.44089209850063E-17,0.,1.));
#4808=DIRECTION('ref_axis',(1.,0.,-4.44089209850063E-17));
#4809=DIRECTION('',(0.,-1.,0.));
#4810=DIRECTION('center_axis',(4.44089209850063E-17,0.,1.));
#4811=DIRECTION('ref_axis',(0.,1.,0.));
#4812=DIRECTION('center_axis',(-4.44089209850063E-17,0.,-1.));
#4813=DIRECTION('ref_axis',(-6.12323399573677E-17,-1.,0.));
#4814=DIRECTION('',(-6.12323399573677E-17,-1.,0.));
#4815=DIRECTION('',(1.,-6.12323399573677E-17,-4.44089209850063E-17));
#4816=DIRECTION('center_axis',(-6.12323399573677E-17,-1.,0.));
#4817=DIRECTION('ref_axis',(4.44089209850063E-17,0.,1.));
#4818=DIRECTION('',(4.44089209850063E-17,0.,1.));
#4819=DIRECTION('center_axis',(-1.,-1.28653527720424E-16,4.39937734864819E-17));
#4820=DIRECTION('ref_axis',(4.39937734864819E-17,-4.44089209850063E-17,
1.));
#4821=DIRECTION('center_axis',(4.44089209850063E-17,0.,1.));
#4822=DIRECTION('ref_axis',(0.,1.,0.));
#4823=DIRECTION('',(4.44089209850063E-17,0.,1.));
#4824=DIRECTION('center_axis',(0.,0.,-1.));
#4825=DIRECTION('ref_axis',(0.,1.,0.));
#4826=DIRECTION('',(4.15147498524364E-19,2.54204527620947E-35,-1.));
#4827=DIRECTION('center_axis',(0.,0.,-1.));
#4828=DIRECTION('ref_axis',(0.,1.,0.));
#4829=DIRECTION('',(0.,0.,1.));
#4830=DIRECTION('center_axis',(0.,0.,1.));
#4831=DIRECTION('ref_axis',(1.,0.,0.));
#4832=DIRECTION('center_axis',(2.19131145438393E-31,-3.57868318589425E-15,
-1.));
#4833=DIRECTION('ref_axis',(-6.12323399573677E-17,1.,-3.57868318589425E-15));
#4834=DIRECTION('',(1.,6.12323399573677E-17,0.));
#4835=DIRECTION('',(5.31541517776995E-18,-1.,3.57868318589425E-15));
#4836=DIRECTION('',(-1.,-6.12323399573677E-17,0.));
#4837=DIRECTION('',(-5.31541517776995E-18,1.,-3.57868318589425E-15));
#4838=DIRECTION('center_axis',(1.,-1.28653527720425E-16,-4.15147498524364E-19));
#4839=DIRECTION('ref_axis',(4.15147498524364E-19,2.54204527620946E-35,1.));
#4840=DIRECTION('',(4.15147498524364E-19,2.54204527620946E-35,1.));
#4841=DIRECTION('',(5.31541517776995E-18,-1.,3.57868318589425E-15));
#4842=DIRECTION('',(0.,0.,-1.));
#4843=DIRECTION('center_axis',(0.,0.,1.));
#4844=DIRECTION('ref_axis',(1.,0.,0.));
#4845=DIRECTION('',(-1.,-6.12323399573677E-17,0.));
#4846=DIRECTION('center_axis',(0.,0.,-1.));
#4847=DIRECTION('ref_axis',(0.,1.,0.));
#4848=DIRECTION('',(0.,1.,0.));
#4849=DIRECTION('center_axis',(0.,0.,-1.));
#4850=DIRECTION('ref_axis',(-1.,0.,0.));
#4851=DIRECTION('',(0.,-1.,0.));
#4852=DIRECTION('center_axis',(0.,0.,-1.));
#4853=DIRECTION('ref_axis',(0.,1.,0.));
#4854=DIRECTION('center_axis',(0.,0.,1.));
#4855=DIRECTION('ref_axis',(6.12323399573677E-17,-1.,0.));
#4856=DIRECTION('',(6.12323399573677E-17,-1.,0.));
#4857=DIRECTION('',(-1.,-6.12323399573677E-17,0.));
#4858=DIRECTION('center_axis',(6.12323399573677E-17,-1.,0.));
#4859=DIRECTION('ref_axis',(0.,0.,-1.));
#4860=DIRECTION('',(0.,0.,-1.));
#4861=DIRECTION('center_axis',(1.,-1.28653527720425E-16,4.15147498524364E-19));
#4862=DIRECTION('ref_axis',(-4.15147498524364E-19,-2.54204527620947E-35,
1.));
#4863=DIRECTION('center_axis',(0.,0.,-1.));
#4864=DIRECTION('ref_axis',(0.,1.,0.));
#4865=DIRECTION('',(0.,0.,-1.));
#4866=DIRECTION('center_axis',(0.,0.,1.));
#4867=DIRECTION('ref_axis',(1.,0.,0.));
#4868=DIRECTION('',(1.,0.,0.));
#4869=DIRECTION('',(-1.,0.,0.));
#4870=DIRECTION('center_axis',(0.,1.,0.));
#4871=DIRECTION('ref_axis',(0.,0.,1.));
#4872=DIRECTION('',(-1.,0.,2.368475785867E-16));
#4873=DIRECTION('center_axis',(0.,1.,0.));
#4874=DIRECTION('ref_axis',(1.,0.,0.));
#4875=DIRECTION('center_axis',(0.,1.,0.));
#4876=DIRECTION('ref_axis',(1.,0.,0.));
#4877=DIRECTION('center_axis',(0.,1.,0.));
#4878=DIRECTION('ref_axis',(1.,0.,0.));
#4879=DIRECTION('center_axis',(0.,1.,0.));
#4880=DIRECTION('ref_axis',(1.,0.,0.));
#4881=DIRECTION('center_axis',(-2.368475785867E-16,0.,-1.));
#4882=DIRECTION('ref_axis',(-1.,0.,2.368475785867E-16));
#4883=DIRECTION('',(1.,0.,-2.368475785867E-16));
#4884=DIRECTION('center_axis',(0.,1.,0.));
#4885=DIRECTION('ref_axis',(1.,0.,0.));
#4886=DIRECTION('',(0.,1.,0.));
#4887=DIRECTION('center_axis',(0.,-1.,0.));
#4888=DIRECTION('ref_axis',(1.,0.,0.));
#4889=DIRECTION('center_axis',(0.,1.,0.));
#4890=DIRECTION('ref_axis',(1.,0.,0.));
#4891=DIRECTION('',(0.,1.,0.));
#4892=DIRECTION('center_axis',(0.,-1.,0.));
#4893=DIRECTION('ref_axis',(1.,0.,0.));
#4894=DIRECTION('center_axis',(0.,1.,0.));
#4895=DIRECTION('ref_axis',(1.,0.,0.));
#4896=DIRECTION('',(0.,1.,0.));
#4897=DIRECTION('center_axis',(0.,-1.,0.));
#4898=DIRECTION('ref_axis',(1.,0.,0.));
#4899=DIRECTION('center_axis',(0.,1.,0.));
#4900=DIRECTION('ref_axis',(1.,0.,0.));
#4901=DIRECTION('',(0.,1.,0.));
#4902=DIRECTION('center_axis',(0.,-1.,0.));
#4903=DIRECTION('ref_axis',(1.,0.,0.));
#4904=DIRECTION('center_axis',(0.,1.,0.));
#4905=DIRECTION('ref_axis',(0.,0.,1.));
#4906=DIRECTION('axis',(0.,0.,1.));
#4907=DIRECTION('refdir',(1.,0.,0.));
#4908=DIRECTION('axis',(0.,0.,1.));
#4909=DIRECTION('refdir',(1.,0.,0.));
#4910=DIRECTION('center_axis',(-1.29151785203016E-31,3.56652734808618E-32,
-1.));
#4911=DIRECTION('ref_axis',(-1.,0.,0.));
#4912=DIRECTION('center_axis',(-1.29151785203016E-31,3.56652734808618E-32,
-1.));
#4913=DIRECTION('ref_axis',(1.,1.22464679914735E-16,-1.29151785203016E-31));
#4914=DIRECTION('center_axis',(-1.22464679914735E-16,-1.,-3.56652734808617E-32));
#4915=DIRECTION('ref_axis',(1.,-1.22464679914735E-16,0.));
#4916=DIRECTION('center_axis',(1.29151785203016E-31,-3.56652734808618E-32,
1.));
#4917=DIRECTION('ref_axis',(1.,1.22464679914735E-16,0.));
#4918=DIRECTION('center_axis',(1.29151785203016E-31,-3.56652734808618E-32,
1.));
#4919=DIRECTION('ref_axis',(1.,0.,-1.29151785203016E-31));
#4920=DIRECTION('',(0.5,0.866025403784439,-5.78969944398713E-17));
#4921=DIRECTION('',(1.,4.80740671595891E-16,-1.15793988879743E-16));
#4922=DIRECTION('',(0.5,-0.866025403784439,-5.78969944398713E-17));
#4923=DIRECTION('',(-0.5,-0.866025403784439,5.78969944398713E-17));
#4924=DIRECTION('',(-1.,0.,1.15793988879743E-16));
#4925=DIRECTION('',(-0.5,0.866025403784439,5.78969944398714E-17));
#4926=DIRECTION('center_axis',(-1.15793988879743E-16,0.,-1.));
#4927=DIRECTION('ref_axis',(-1.,0.,0.));
#4928=DIRECTION('center_axis',(-1.15793988879743E-16,0.,-1.));
#4929=DIRECTION('ref_axis',(-1.,0.,0.));
#4930=DIRECTION('',(1.15793988879743E-16,0.,1.));
#4931=DIRECTION('center_axis',(0.,0.,-1.));
#4932=DIRECTION('ref_axis',(-1.,5.27480714588959E-48,0.));
#4933=DIRECTION('center_axis',(-3.37205235437174E-33,4.5553376275583E-32,
-1.));
#4934=DIRECTION('ref_axis',(-1.,5.27480714588959E-48,0.));
#4935=DIRECTION('',(0.,0.,-1.));
#4936=DIRECTION('center_axis',(-2.40285274697842E-79,-4.5553376275583E-32,
1.));
#4937=DIRECTION('ref_axis',(-1.,5.27480714588959E-48,0.));
#4938=DIRECTION('center_axis',(2.40285274697842E-79,4.5553376275583E-32,
-1.));
#4939=DIRECTION('ref_axis',(-1.,0.,-2.40285274697842E-79));
#4940=DIRECTION('center_axis',(-7.65404249467252E-18,0.,-1.));
#4941=DIRECTION('ref_axis',(1.,0.,0.));
#4942=DIRECTION('center_axis',(3.37205235437174E-33,-4.5553376275583E-32,
1.));
#4943=DIRECTION('ref_axis',(1.,0.,0.));
#4944=DIRECTION('center_axis',(-7.65404249467252E-18,0.,-1.));
#4945=DIRECTION('ref_axis',(1.,0.,0.));
#4946=DIRECTION('center_axis',(3.37205235437174E-33,-4.5553376275583E-32,
1.));
#4947=DIRECTION('ref_axis',(1.,0.,0.));
#4948=DIRECTION('center_axis',(-7.65404249467252E-18,0.,-1.));
#4949=DIRECTION('ref_axis',(1.,0.,0.));
#4950=DIRECTION('center_axis',(3.37205235437174E-33,-4.5553376275583E-32,
1.));
#4951=DIRECTION('ref_axis',(1.,0.,0.));
#4952=DIRECTION('center_axis',(-7.65404249467252E-18,0.,-1.));
#4953=DIRECTION('ref_axis',(1.,0.,0.));
#4954=DIRECTION('center_axis',(3.37205235437174E-33,-4.5553376275583E-32,
1.));
#4955=DIRECTION('ref_axis',(1.,0.,0.));
#4956=DIRECTION('center_axis',(-7.65404249467252E-18,0.,-1.));
#4957=DIRECTION('ref_axis',(-1.,-1.22464679914735E-16,1.5308084989345E-17));
#4958=DIRECTION('center_axis',(3.37205235437174E-33,-4.5553376275583E-32,
1.));
#4959=DIRECTION('ref_axis',(1.,0.,0.));
#4960=DIRECTION('center_axis',(-7.65404249467252E-18,0.,-1.));
#4961=DIRECTION('ref_axis',(1.,0.,0.));
#4962=DIRECTION('center_axis',(3.37205235437174E-33,-4.5553376275583E-32,
1.));
#4963=DIRECTION('ref_axis',(1.,0.,0.));
#4964=DIRECTION('center_axis',(-0.866025403784439,-0.5,1.0028053597539E-16));
#4965=DIRECTION('ref_axis',(1.15793988879743E-16,0.,1.));
#4966=DIRECTION('',(1.15793988879743E-16,0.,1.));
#4967=DIRECTION('',(1.15793988879743E-16,0.,1.));
#4968=DIRECTION('center_axis',(-0.866025403784439,0.5,1.0028053597539E-16));
#4969=DIRECTION('ref_axis',(1.15793988879743E-16,0.,1.));
#4970=DIRECTION('',(1.15793988879743E-16,0.,1.));
#4971=DIRECTION('center_axis',(0.,1.,0.));
#4972=DIRECTION('ref_axis',(0.,0.,1.));
#4973=DIRECTION('',(1.15793988879743E-16,0.,1.));
#4974=DIRECTION('center_axis',(0.866025403784439,-0.5,-1.0028053597539E-16));
#4975=DIRECTION('ref_axis',(-1.15793988879743E-16,0.,-1.));
#4976=DIRECTION('',(1.15793988879743E-16,0.,1.));
#4977=DIRECTION('',(1.15793988879743E-16,0.,1.));
#4978=DIRECTION('center_axis',(4.80740671595891E-16,-1.,-5.56668799808147E-32));
#4979=DIRECTION('ref_axis',(0.,5.56668799808147E-32,-1.));
#4980=DIRECTION('center_axis',(3.37205235437174E-33,-4.5553376275583E-32,
1.));
#4981=DIRECTION('ref_axis',(1.,0.,-3.37205235437174E-33));
#4982=DIRECTION('center_axis',(0.866025403784439,0.5,-1.0028053597539E-16));
#4983=DIRECTION('ref_axis',(-1.15793988879743E-16,0.,-1.));
#4984=DIRECTION('center_axis',(-1.15793988879743E-16,0.,-1.));
#4985=DIRECTION('ref_axis',(-1.,0.,0.));
#4986=DIRECTION('center_axis',(-1.15793988879743E-16,0.,-1.));
#4987=DIRECTION('ref_axis',(-1.,0.,0.));
#4988=DIRECTION('',(-0.5,6.12323399573677E-17,0.866025403784438));
#4989=DIRECTION('center_axis',(-1.15793988879743E-16,0.,-1.));
#4990=DIRECTION('ref_axis',(-1.,0.,0.));
#4991=DIRECTION('center_axis',(-1.15793988879743E-16,0.,-1.));
#4992=DIRECTION('ref_axis',(-1.,0.,0.));
#4993=DIRECTION('',(1.15793988879743E-16,0.,1.));
#4994=DIRECTION('center_axis',(1.15793988879743E-16,0.,1.));
#4995=DIRECTION('ref_axis',(-1.,0.,0.));
#4996=DIRECTION('center_axis',(-1.15793988879743E-16,0.,-1.));
#4997=DIRECTION('ref_axis',(-1.,0.,0.));
#4998=DIRECTION('',(0.707106781186548,-8.65956056235494E-17,0.707106781186546));
#4999=DIRECTION('center_axis',(-1.15793988879743E-16,0.,-1.));
#5000=DIRECTION('ref_axis',(-1.,0.,1.15793988879743E-16));
#5001=DIRECTION('',(0.,1.,0.));
#5002=DIRECTION('',(-1.,0.,0.));
#5003=DIRECTION('',(0.,0.,1.));
#5004=DIRECTION('',(1.,0.,0.));
#5005=DIRECTION('',(0.,3.56652734808618E-32,1.));
#5006=DIRECTION('',(1.,0.,0.));
#5007=DIRECTION('',(0.,3.56652734808618E-32,1.));
#5008=DIRECTION('',(1.,0.,0.));
#5009=DIRECTION('',(0.,3.56652734808618E-32,1.));
#5010=DIRECTION('',(1.,0.,0.));
#5011=DIRECTION('',(0.,3.56652734808618E-32,1.));
#5012=DIRECTION('',(1.,0.,0.));
#5013=DIRECTION('axis',(0.,0.,1.));
#5014=DIRECTION('refdir',(1.,0.,0.));
#5015=DIRECTION('center_axis',(-1.,0.,0.));
#5016=DIRECTION('ref_axis',(0.,0.,1.));
#5017=DIRECTION('',(-1.,8.51705669689118E-19,5.21519311100216E-35));
#5018=DIRECTION('center_axis',(-0.707106781186548,0.707106781186547,-1.26178927691817E-15));
#5019=DIRECTION('ref_axis',(-0.707106781186547,-0.707106781186548,1.30508707972995E-15));
#5020=DIRECTION('',(1.,0.,0.));
#5021=DIRECTION('center_axis',(0.707106781186548,0.707106781186547,-1.30840808248548E-15));
#5022=DIRECTION('ref_axis',(0.707106781186547,-0.707106781186548,1.30840808248548E-15));
#5023=DIRECTION('center_axis',(-8.51705669689118E-19,1.,2.39940306111715E-18));
#5024=DIRECTION('ref_axis',(1.,8.51705669689118E-19,5.21519311100216E-35));
#5025=DIRECTION('',(1.,8.51705669689118E-19,5.21519311100216E-35));
#5026=DIRECTION('',(0.,6.12323399573677E-17,-1.));
#5027=DIRECTION('',(-1.,0.,0.));
#5028=DIRECTION('',(0.,6.12323399573677E-17,-1.));
#5029=DIRECTION('center_axis',(-1.,0.,0.));
#5030=DIRECTION('ref_axis',(0.,1.,6.12323399573677E-17));
#5031=DIRECTION('',(0.,-6.12323399573677E-17,1.));
#5032=DIRECTION('',(0.,-1.,-6.12323399573677E-17));
#5033=DIRECTION('',(0.,-1.,-6.12323399573677E-17));
#5034=DIRECTION('',(0.,0.,-1.));
#5035=DIRECTION('',(0.,0.,-1.));
#5036=DIRECTION('',(0.,-1.,-6.12323399573677E-17));
#5037=DIRECTION('',(0.,0.,-1.));
#5038=DIRECTION('',(0.,0.,-1.));
#5039=DIRECTION('center_axis',(1.,0.,0.));
#5040=DIRECTION('ref_axis',(0.,-1.,-6.12323399573677E-17));
#5041=DIRECTION('',(0.,6.12323399573677E-17,-1.));
#5042=DIRECTION('',(0.,-1.,-6.12323399573677E-17));
#5043=DIRECTION('center_axis',(0.,6.12323399573677E-17,-1.));
#5044=DIRECTION('ref_axis',(0.,1.,6.12323399573677E-17));
#5045=DIRECTION('',(-1.,0.,0.));
#5046=DIRECTION('center_axis',(8.51705669689118E-19,1.,2.39940306111715E-18));
#5047=DIRECTION('ref_axis',(1.,-8.51705669689118E-19,-5.21519311100216E-35));
#5048=DIRECTION('center_axis',(-1.,0.,0.));
#5049=DIRECTION('ref_axis',(0.,0.,1.));
#5050=DIRECTION('',(-1.,0.,0.));
#5051=DIRECTION('center_axis',(-5.9211894646675E-16,1.,0.));
#5052=DIRECTION('ref_axis',(0.,0.,1.));
#5053=DIRECTION('',(-6.43633947662979E-16,1.,-3.15438406615169E-33));
#5054=DIRECTION('center_axis',(-5.9211894646675E-16,1.,0.));
#5055=DIRECTION('ref_axis',(3.5527136788005E-15,0.,1.));
#5056=DIRECTION('',(5.55111512312578E-16,-1.,0.));
#5057=DIRECTION('center_axis',(0.707106781186548,-0.707106781186547,2.30975202541828E-16));
#5058=DIRECTION('ref_axis',(-0.707106781186547,-0.707106781186548,-8.93461472028651E-16));
#5059=DIRECTION('center_axis',(1.,6.43402421369528E-16,-1.53557142403748E-16));
#5060=DIRECTION('ref_axis',(-1.53557142403748E-16,-5.9211894646675E-16,
-1.));
#5061=DIRECTION('',(6.43402421369528E-16,-1.,3.14020716944202E-33));
#5062=DIRECTION('',(5.31541517776891E-18,2.09189344295393E-15,-1.));
#5063=DIRECTION('',(-6.68123500861314E-16,1.,6.23953923846268E-16));
#5064=DIRECTION('',(6.12323399573677E-17,0.,-1.));
#5065=DIRECTION('center_axis',(5.9211894646675E-16,-1.,0.));
#5066=DIRECTION('ref_axis',(0.,0.,-1.));
#5067=DIRECTION('',(-1.,-5.9211894646675E-16,-6.12323399573677E-17));
#5068=DIRECTION('center_axis',(-5.9211894646675E-16,1.,0.));
#5069=DIRECTION('ref_axis',(3.33066907387547E-15,0.,1.));
#5070=DIRECTION('',(0.,0.,1.));
#5071=DIRECTION('center_axis',(-5.9211894646675E-16,1.,0.));
#5072=DIRECTION('ref_axis',(1.,5.9211894646675E-16,6.12323399573677E-17));
#5073=DIRECTION('',(-6.12323399573677E-17,0.,1.));
#5074=DIRECTION('',(-1.,-5.9211894646675E-16,-6.12323399573677E-17));
#5075=DIRECTION('',(-1.,-5.9211894646675E-16,-6.12323399573677E-17));
#5076=DIRECTION('',(0.,0.,1.));
#5077=DIRECTION('',(0.,0.,1.));
#5078=DIRECTION('center_axis',(5.9211894646675E-16,-1.,0.));
#5079=DIRECTION('ref_axis',(-1.,-5.9211894646675E-16,-6.12323399573677E-17));
#5080=DIRECTION('',(6.12323399573677E-17,0.,-1.));
#5081=DIRECTION('',(-1.,-5.9211894646675E-16,-6.12323399573677E-17));
#5082=DIRECTION('center_axis',(6.12323399573673E-17,6.23953923846268E-16,
-1.));
#5083=DIRECTION('ref_axis',(-1.,-5.9211894646675E-16,-6.12323399573677E-17));
#5084=DIRECTION('',(-6.68123500861314E-16,1.,6.23953923846268E-16));
#5085=DIRECTION('center_axis',(1.,6.43633947662979E-16,-1.53797029058792E-16));
#5086=DIRECTION('ref_axis',(-1.53797029058791E-16,-5.9211894646675E-16,
-1.));
#5087=DIRECTION('center_axis',(-5.9211894646675E-16,1.,0.));
#5088=DIRECTION('ref_axis',(0.,0.,1.));
#5089=DIRECTION('',(-5.55111512312578E-16,1.,0.));
#5090=DIRECTION('center_axis',(-5.9211894646675E-16,-1.,0.));
#5091=DIRECTION('ref_axis',(0.,0.,1.));
#5092=DIRECTION('',(-6.43402421369528E-16,-1.,3.14020716944201E-33));
#5093=DIRECTION('center_axis',(-0.707106781186547,-0.707106781186548,-8.38426925830367E-15));
#5094=DIRECTION('ref_axis',(0.707106781186548,-0.707106781186547,8.79325948187219E-15));
#5095=DIRECTION('',(5.55111512312578E-16,1.,0.));
#5096=DIRECTION('center_axis',(5.9211894646675E-16,1.,0.));
#5097=DIRECTION('ref_axis',(-1.,0.,1.11022302462516E-16));
#5098=DIRECTION('center_axis',(-5.9211894646675E-16,-1.,-2.09189344295395E-15));
#5099=DIRECTION('ref_axis',(1.,-5.9211894646675E-16,-6.12323399573677E-17));
#5100=DIRECTION('',(-1.,5.9211894646675E-16,6.12323399573677E-17));
#5101=DIRECTION('',(-5.3154151777685E-18,2.09189344295395E-15,-1.));
#5102=DIRECTION('',(1.,-5.9211894646675E-16,-6.12323399573677E-17));
#5103=DIRECTION('',(5.3154151777685E-18,-2.09189344295395E-15,1.));
#5104=DIRECTION('center_axis',(-1.,6.43633947662979E-16,-1.53797029058792E-16));
#5105=DIRECTION('ref_axis',(-1.53797029058792E-16,5.9211894646675E-16,1.));
#5106=DIRECTION('',(6.43633947662979E-16,1.,-3.15438406615168E-33));
#5107=DIRECTION('',(-6.12323399573677E-17,0.,-1.));
#5108=DIRECTION('',(-6.68123500861314E-16,-1.,4.40109837677623E-16));
#5109=DIRECTION('center_axis',(-5.9211894646675E-16,-1.,0.));
#5110=DIRECTION('ref_axis',(0.,0.,-1.));
#5111=DIRECTION('',(0.,0.,-1.));
#5112=DIRECTION('center_axis',(-5.9211894646675E-16,-1.,0.));
#5113=DIRECTION('ref_axis',(-6.66133814775094E-15,0.,1.));
#5114=DIRECTION('',(1.,-5.9211894646675E-16,-6.12323399573677E-17));
#5115=DIRECTION('',(0.,0.,-1.));
#5116=DIRECTION('',(0.,0.,-1.));
#5117=DIRECTION('center_axis',(5.9211894646675E-16,1.,0.));
#5118=DIRECTION('ref_axis',(-1.,5.9211894646675E-16,6.12323399573677E-17));
#5119=DIRECTION('',(-6.12323399573677E-17,0.,-1.));
#5120=DIRECTION('',(1.,-5.9211894646675E-16,-6.12323399573677E-17));
#5121=DIRECTION('center_axis',(-6.12323399573679E-17,-4.40109837677623E-16,
-1.));
#5122=DIRECTION('ref_axis',(-1.,5.9211894646675E-16,6.12323399573677E-17));
#5123=DIRECTION('',(-6.68123500861314E-16,-1.,4.40109837677623E-16));
#5124=DIRECTION('center_axis',(-1.,6.43402421369528E-16,-1.53557142403748E-16));
#5125=DIRECTION('ref_axis',(-1.53557142403748E-16,5.9211894646675E-16,1.));
#5126=DIRECTION('center_axis',(-5.9211894646675E-16,-1.,0.));
#5127=DIRECTION('ref_axis',(0.,0.,1.));
#5128=DIRECTION('',(-5.55111512312578E-16,-1.,0.));
#5129=DIRECTION('center_axis',(0.,0.,1.));
#5130=DIRECTION('ref_axis',(1.,0.,0.));
#5131=DIRECTION('center_axis',(0.,0.,1.));
#5132=DIRECTION('ref_axis',(0.620448640349926,-0.784247081402238,0.));
#5133=DIRECTION('',(1.,0.,0.));
#5134=DIRECTION('center_axis',(0.,0.,1.));
#5135=DIRECTION('ref_axis',(-0.620448640349908,-0.784247081402252,0.));
#5136=DIRECTION('center_axis',(0.,0.,-1.));
#5137=DIRECTION('ref_axis',(-1.,0.,0.));
#5138=DIRECTION('center_axis',(0.,0.,-1.));
#5139=DIRECTION('ref_axis',(0.620448640349926,-0.784247081402238,0.));
#5140=DIRECTION('center_axis',(0.,0.,-1.));
#5141=DIRECTION('ref_axis',(0.620448640349926,-0.784247081402238,0.));
#5142=DIRECTION('center_axis',(0.,0.,1.));
#5143=DIRECTION('ref_axis',(1.,0.,0.));
#5144=DIRECTION('center_axis',(0.,0.,-1.));
#5145=DIRECTION('ref_axis',(-0.620448640349908,-0.784247081402252,0.));
#5146=DIRECTION('',(1.,0.,0.));
#5147=DIRECTION('center_axis',(0.,0.,-1.));
#5148=DIRECTION('ref_axis',(-1.,0.,0.));
#5149=DIRECTION('center_axis',(0.,0.,-1.));
#5150=DIRECTION('ref_axis',(-0.620448640349908,-0.784247081402252,0.));
#5151=DIRECTION('center_axis',(0.,-1.,0.));
#5152=DIRECTION('ref_axis',(1.,0.,0.));
#5153=DIRECTION('center_axis',(0.,0.,1.));
#5154=DIRECTION('ref_axis',(-1.,0.,0.));
#5155=DIRECTION('',(0.,0.,-1.));
#5156=DIRECTION('axis',(0.,0.,1.));
#5157=DIRECTION('refdir',(1.,0.,0.));
#5158=DIRECTION('center_axis',(0.,1.,0.));
#5159=DIRECTION('ref_axis',(-1.22464679914735E-16,0.,-1.));
#5160=DIRECTION('center_axis',(0.,1.,0.));
#5161=DIRECTION('ref_axis',(-1.,0.,1.22464679914735E-16));
#5162=DIRECTION('center_axis',(0.,1.,0.));
#5163=DIRECTION('ref_axis',(-1.,0.,1.22464679914735E-16));
#5164=DIRECTION('center_axis',(0.,1.,0.));
#5165=DIRECTION('ref_axis',(-1.,0.,1.22464679914735E-16));
#5166=DIRECTION('',(0.,-1.,0.));
#5167=DIRECTION('center_axis',(0.,1.,0.));
#5168=DIRECTION('ref_axis',(-1.,0.,1.22464679914735E-16));
#5169=DIRECTION('center_axis',(0.,-1.,0.));
#5170=DIRECTION('ref_axis',(1.22464679914735E-16,0.,1.));
#5171=DIRECTION('center_axis',(0.,1.,0.));
#5172=DIRECTION('ref_axis',(-1.,0.,1.22464679914735E-16));
#5173=DIRECTION('center_axis',(0.,1.,0.));
#5174=DIRECTION('ref_axis',(-1.,0.,1.22464679914735E-16));
#5175=DIRECTION('center_axis',(0.,1.,0.));
#5176=DIRECTION('ref_axis',(-1.,0.,1.22464679914735E-16));
#5177=DIRECTION('',(0.,-1.,0.));
#5178=DIRECTION('center_axis',(0.,1.,0.));
#5179=DIRECTION('ref_axis',(-1.22464679914735E-16,0.,-1.));
#5180=DIRECTION('center_axis',(0.,1.,0.));
#5181=DIRECTION('ref_axis',(-1.,0.,1.22464679914735E-16));
#5182=DIRECTION('center_axis',(0.,1.,0.));
#5183=DIRECTION('ref_axis',(-1.,0.,1.22464679914735E-16));
#5184=DIRECTION('',(0.,-1.,0.));
#5185=DIRECTION('center_axis',(0.,1.,0.));
#5186=DIRECTION('ref_axis',(-1.,0.,1.22464679914735E-16));
#5187=DIRECTION('center_axis',(0.,-1.,0.));
#5188=DIRECTION('ref_axis',(1.22464679914735E-16,0.,1.));
#5189=DIRECTION('center_axis',(0.,1.,0.));
#5190=DIRECTION('ref_axis',(-1.,0.,1.22464679914735E-16));
#5191=DIRECTION('center_axis',(0.,1.,0.));
#5192=DIRECTION('ref_axis',(-1.,0.,1.22464679914735E-16));
#5193=DIRECTION('',(0.,-1.,0.));
#5194=DIRECTION('center_axis',(0.,1.,0.));
#5195=DIRECTION('ref_axis',(-1.,0.,1.22464679914735E-16));
#5196=DIRECTION('center_axis',(0.,1.,0.));
#5197=DIRECTION('ref_axis',(-1.22464679914735E-16,0.,-1.));
#5198=DIRECTION('center_axis',(0.,1.,0.));
#5199=DIRECTION('ref_axis',(-1.,0.,1.22464679914735E-16));
#5200=DIRECTION('center_axis',(0.,1.,0.));
#5201=DIRECTION('ref_axis',(-1.,0.,1.22464679914735E-16));
#5202=DIRECTION('',(0.,-1.,0.));
#5203=DIRECTION('center_axis',(0.,1.,0.));
#5204=DIRECTION('ref_axis',(-1.,0.,1.22464679914735E-16));
#5205=DIRECTION('center_axis',(0.,1.,0.));
#5206=DIRECTION('ref_axis',(-1.22464679914735E-16,0.,-1.));
#5207=DIRECTION('center_axis',(0.,1.,0.));
#5208=DIRECTION('ref_axis',(-1.,0.,1.22464679914735E-16));
#5209=DIRECTION('center_axis',(0.,1.,0.));
#5210=DIRECTION('ref_axis',(-1.,0.,1.22464679914735E-16));
#5211=DIRECTION('',(0.,-1.,0.));
#5212=DIRECTION('center_axis',(0.,1.,0.));
#5213=DIRECTION('ref_axis',(-1.,0.,1.22464679914735E-16));
#5214=DIRECTION('center_axis',(0.,-1.,0.));
#5215=DIRECTION('ref_axis',(1.22464679914735E-16,0.,1.));
#5216=DIRECTION('center_axis',(0.,1.,0.));
#5217=DIRECTION('ref_axis',(-1.,0.,1.22464679914735E-16));
#5218=DIRECTION('center_axis',(0.,1.,0.));
#5219=DIRECTION('ref_axis',(-1.,0.,1.22464679914735E-16));
#5220=DIRECTION('',(0.,-1.,0.));
#5221=DIRECTION('center_axis',(0.,1.,0.));
#5222=DIRECTION('ref_axis',(-1.,0.,1.22464679914735E-16));
#5223=DIRECTION('center_axis',(0.,-1.,0.));
#5224=DIRECTION('ref_axis',(1.22464679914735E-16,0.,1.));
#5225=DIRECTION('center_axis',(0.,1.,0.));
#5226=DIRECTION('ref_axis',(-1.,0.,1.22464679914735E-16));
#5227=DIRECTION('center_axis',(0.,1.,0.));
#5228=DIRECTION('ref_axis',(-1.,0.,1.22464679914735E-16));
#5229=DIRECTION('',(0.,-1.,0.));
#5230=DIRECTION('axis',(0.,0.,1.));
#5231=DIRECTION('refdir',(1.,0.,0.));
#5232=DIRECTION('center_axis',(0.,0.,1.));
#5233=DIRECTION('ref_axis',(1.,0.,0.));
#5234=DIRECTION('center_axis',(0.,0.,-1.));
#5235=DIRECTION('ref_axis',(-1.22464679914735E-16,-1.,0.));
#5236=DIRECTION('center_axis',(1.22464679914735E-16,-1.,0.));
#5237=DIRECTION('ref_axis',(-1.,-1.22464679914735E-16,0.));
#5238=DIRECTION('center_axis',(0.,0.,1.));
#5239=DIRECTION('ref_axis',(-1.22464679914735E-16,-1.,0.));
#5240=DIRECTION('center_axis',(0.,0.,1.));
#5241=DIRECTION('ref_axis',(-1.22464679914735E-16,-1.,0.));
#5242=DIRECTION('center_axis',(0.,0.,1.));
#5243=DIRECTION('ref_axis',(0.,1.,-6.8327040313709E-20));
#5244=DIRECTION('center_axis',(0.,0.,-1.));
#5245=DIRECTION('ref_axis',(-1.22464679914735E-16,-1.,0.));
#5246=DIRECTION('center_axis',(0.,0.,-1.));
#5247=DIRECTION('ref_axis',(-1.22464679914735E-16,-1.,0.));
#5248=DIRECTION('',(0.,0.,-1.));
#5249=DIRECTION('center_axis',(0.,0.,-1.));
#5250=DIRECTION('ref_axis',(-1.,0.,0.));
#5251=DIRECTION('center_axis',(0.,0.,-1.));
#5252=DIRECTION('ref_axis',(0.,1.,0.));
#5253=DIRECTION('center_axis',(0.,0.,1.));
#5254=DIRECTION('ref_axis',(1.,0.,0.));
#5255=DIRECTION('center_axis',(1.22464679914735E-16,-1.,0.));
#5256=DIRECTION('ref_axis',(-1.,-1.22464679914735E-16,0.));
#5257=DIRECTION('center_axis',(0.,0.,1.));
#5258=DIRECTION('ref_axis',(-1.22464679914735E-16,-1.,0.));
#5259=DIRECTION('center_axis',(0.,0.,1.));
#5260=DIRECTION('ref_axis',(1.,0.,0.));
#5261=DIRECTION('center_axis',(0.,0.,1.));
#5262=DIRECTION('ref_axis',(0.,1.,0.));
#5263=DIRECTION('center_axis',(0.,0.,1.));
#5264=DIRECTION('ref_axis',(1.,0.,0.));
#5265=DIRECTION('center_axis',(-0.5,-0.866025403784439,0.));
#5266=DIRECTION('ref_axis',(-0.866025403784439,0.5,0.));
#5267=DIRECTION('center_axis',(0.,0.,1.));
#5268=DIRECTION('ref_axis',(0.,1.,0.));
#5269=DIRECTION('center_axis',(-1.,0.,0.));
#5270=DIRECTION('ref_axis',(0.,1.,0.));
#5271=DIRECTION('center_axis',(0.,0.,1.));
#5272=DIRECTION('ref_axis',(0.,1.,0.));
#5273=DIRECTION('center_axis',(0.,0.,1.));
#5274=DIRECTION('ref_axis',(-1.,-1.22464679914735E-16,0.));
#5275=DIRECTION('center_axis',(0.5,-0.866025403784439,0.));
#5276=DIRECTION('ref_axis',(-0.866025403784439,-0.5,0.));
#5277=DIRECTION('center_axis',(0.,0.,1.));
#5278=DIRECTION('ref_axis',(0.,1.,0.));
#5279=DIRECTION('center_axis',(0.,0.,1.));
#5280=DIRECTION('ref_axis',(0.,1.,0.));
#5281=DIRECTION('center_axis',(0.,0.,1.));
#5282=DIRECTION('ref_axis',(1.,0.,0.));
#5283=DIRECTION('center_axis',(1.,-1.22464679914735E-16,0.));
#5284=DIRECTION('ref_axis',(-1.22464679914735E-16,-1.,0.));
#5285=DIRECTION('center_axis',(0.,0.,1.));
#5286=DIRECTION('ref_axis',(0.,1.,0.));
#5287=DIRECTION('center_axis',(0.,0.,1.));
#5288=DIRECTION('ref_axis',(0.,1.,0.));
#5289=DIRECTION('center_axis',(0.,0.,1.));
#5290=DIRECTION('ref_axis',(1.,0.,0.));
#5291=DIRECTION('center_axis',(0.5,0.866025403784438,0.));
#5292=DIRECTION('ref_axis',(0.866025403784438,-0.5,0.));
#5293=DIRECTION('center_axis',(0.,0.,1.));
#5294=DIRECTION('ref_axis',(0.,1.,0.));
#5295=DIRECTION('center_axis',(0.,0.,1.));
#5296=DIRECTION('ref_axis',(0.,1.,0.));
#5297=DIRECTION('center_axis',(0.,0.,1.));
#5298=DIRECTION('ref_axis',(1.,0.,0.));
#5299=DIRECTION('center_axis',(-0.499999999999999,0.866025403784439,0.));
#5300=DIRECTION('ref_axis',(0.866025403784439,0.499999999999999,0.));
#5301=DIRECTION('center_axis',(0.,0.,1.));
#5302=DIRECTION('ref_axis',(0.,1.,0.));
#5303=DIRECTION('center_axis',(0.,0.,1.));
#5304=DIRECTION('ref_axis',(0.,1.,0.));
#5305=DIRECTION('center_axis',(0.,0.,1.));
#5306=DIRECTION('ref_axis',(0.,1.,0.));
#5307=DIRECTION('',(0.,0.,1.));
#5308=DIRECTION('center_axis',(0.,0.,1.));
#5309=DIRECTION('ref_axis',(0.,1.,0.));
#5310=DIRECTION('center_axis',(0.,0.,1.));
#5311=DIRECTION('ref_axis',(1.,0.,0.));
#5312=DIRECTION('center_axis',(0.,0.,1.));
#5313=DIRECTION('ref_axis',(0.,1.,0.));
#5314=DIRECTION('center_axis',(0.,0.,1.));
#5315=DIRECTION('ref_axis',(0.,1.,0.));
#5316=DIRECTION('',(0.,0.,1.));
#5317=DIRECTION('center_axis',(0.,0.,1.));
#5318=DIRECTION('ref_axis',(-0.5,0.866025403784439,0.));
#5319=DIRECTION('center_axis',(0.866025403784439,0.5,0.));
#5320=DIRECTION('ref_axis',(0.5,-0.866025403784439,0.));
#5321=DIRECTION('center_axis',(0.5,-0.866025403784439,0.));
#5322=DIRECTION('ref_axis',(-0.866025403784439,-0.5,0.));
#5323=DIRECTION('center_axis',(0.5,-0.866025403784439,0.));
#5324=DIRECTION('ref_axis',(-0.866025403784439,-0.5,0.));
#5325=DIRECTION('center_axis',(-6.12323399573676E-17,0.,1.));
#5326=DIRECTION('ref_axis',(-1.,0.,0.));
#5327=DIRECTION('center_axis',(0.,1.,0.));
#5328=DIRECTION('ref_axis',(1.,0.,0.));
#5329=DIRECTION('center_axis',(1.,-1.22464679914735E-16,0.));
#5330=DIRECTION('ref_axis',(-1.22464679914735E-16,-1.,0.));
#5331=DIRECTION('center_axis',(1.,-1.22464679914735E-16,0.));
#5332=DIRECTION('ref_axis',(-1.22464679914735E-16,-1.,0.));
#5333=DIRECTION('center_axis',(0.,0.,1.));
#5334=DIRECTION('ref_axis',(0.5,0.866025403784439,0.));
#5335=DIRECTION('center_axis',(0.866025403784439,-0.5,0.));
#5336=DIRECTION('ref_axis',(-0.5,-0.866025403784439,0.));
#5337=DIRECTION('center_axis',(-0.5,-0.866025403784439,0.));
#5338=DIRECTION('ref_axis',(-0.866025403784439,0.5,0.));
#5339=DIRECTION('center_axis',(-0.5,-0.866025403784439,0.));
#5340=DIRECTION('ref_axis',(-0.866025403784439,0.5,0.));
#5341=DIRECTION('center_axis',(0.,0.,1.));
#5342=DIRECTION('ref_axis',(-0.5,-0.866025403784438,0.));
#5343=DIRECTION('center_axis',(-0.866025403784439,0.5,0.));
#5344=DIRECTION('ref_axis',(0.5,0.866025403784439,0.));
#5345=DIRECTION('center_axis',(0.5,0.866025403784438,0.));
#5346=DIRECTION('ref_axis',(0.866025403784438,-0.5,0.));
#5347=DIRECTION('center_axis',(0.5,0.866025403784438,0.));
#5348=DIRECTION('ref_axis',(0.866025403784438,-0.5,0.));
#5349=DIRECTION('center_axis',(6.12323399573677E-17,0.,1.));
#5350=DIRECTION('ref_axis',(1.,0.,0.));
#5351=DIRECTION('center_axis',(0.,-1.,0.));
#5352=DIRECTION('ref_axis',(-1.,0.,0.));
#5353=DIRECTION('center_axis',(-1.,0.,0.));
#5354=DIRECTION('ref_axis',(0.,1.,0.));
#5355=DIRECTION('center_axis',(-1.,0.,0.));
#5356=DIRECTION('ref_axis',(0.,1.,0.));
#5357=DIRECTION('center_axis',(0.,0.,1.));
#5358=DIRECTION('ref_axis',(0.499999999999999,-0.866025403784439,0.));
#5359=DIRECTION('center_axis',(-0.866025403784439,-0.5,0.));
#5360=DIRECTION('ref_axis',(-0.499999999999999,0.866025403784439,0.));
#5361=DIRECTION('center_axis',(-0.499999999999999,0.866025403784439,0.));
#5362=DIRECTION('ref_axis',(0.866025403784439,0.499999999999999,0.));
#5363=DIRECTION('center_axis',(-0.499999999999999,0.866025403784439,0.));
#5364=DIRECTION('ref_axis',(0.866025403784439,0.499999999999999,0.));
#5365=DIRECTION('center_axis',(0.,0.,1.));
#5366=DIRECTION('ref_axis',(0.,1.,0.));
#5367=DIRECTION('center_axis',(0.,0.,1.));
#5368=DIRECTION('ref_axis',(0.,1.,0.));
#5369=DIRECTION('',(0.,0.,1.));
#5370=DIRECTION('center_axis',(0.,0.,1.));
#5371=DIRECTION('ref_axis',(0.,1.,0.));
#5372=DIRECTION('center_axis',(0.,0.,1.));
#5373=DIRECTION('ref_axis',(0.,1.,0.));
#5374=DIRECTION('center_axis',(0.,0.,1.));
#5375=DIRECTION('ref_axis',(0.,1.,0.));
#5376=DIRECTION('center_axis',(0.,0.,1.));
#5377=DIRECTION('ref_axis',(0.,1.,0.));
#5378=DIRECTION('center_axis',(0.,0.,1.));
#5379=DIRECTION('ref_axis',(0.,1.,0.));
#5380=DIRECTION('center_axis',(0.,0.,1.));
#5381=DIRECTION('ref_axis',(0.,1.,0.));
#5382=DIRECTION('center_axis',(0.,0.,1.));
#5383=DIRECTION('ref_axis',(1.,0.,0.));
#5384=DIRECTION('center_axis',(-0.499999999999999,0.866025403784439,0.));
#5385=DIRECTION('ref_axis',(0.866025403784439,0.499999999999999,0.));
#5386=DIRECTION('center_axis',(0.5,0.866025403784438,0.));
#5387=DIRECTION('ref_axis',(0.866025403784438,-0.5,0.));
#5388=DIRECTION('center_axis',(0.,0.,1.));
#5389=DIRECTION('ref_axis',(0.,1.,0.));
#5390=DIRECTION('center_axis',(0.,0.,1.));
#5391=DIRECTION('ref_axis',(0.,1.,0.));
#5392=DIRECTION('center_axis',(0.,0.,1.));
#5393=DIRECTION('ref_axis',(0.,1.,0.));
#5394=DIRECTION('center_axis',(0.,0.,1.));
#5395=DIRECTION('ref_axis',(0.,1.,0.));
#5396=DIRECTION('center_axis',(0.,0.,1.));
#5397=DIRECTION('ref_axis',(0.,1.,0.));
#5398=DIRECTION('',(0.,0.,1.));
#5399=DIRECTION('center_axis',(0.,0.,-1.));
#5400=DIRECTION('ref_axis',(0.,1.,0.));
#5401=DIRECTION('center_axis',(0.,0.,1.));
#5402=DIRECTION('ref_axis',(0.,1.,0.));
#5403=DIRECTION('center_axis',(0.,0.,1.));
#5404=DIRECTION('ref_axis',(0.,1.,0.));
#5405=DIRECTION('center_axis',(0.,0.,1.));
#5406=DIRECTION('ref_axis',(1.,0.,0.));
#5407=DIRECTION('center_axis',(-1.,0.,0.));
#5408=DIRECTION('ref_axis',(0.,1.,0.));
#5409=DIRECTION('center_axis',(0.,0.,1.));
#5410=DIRECTION('ref_axis',(1.,0.,0.));
#5411=DIRECTION('center_axis',(1.,-1.22464679914735E-16,0.));
#5412=DIRECTION('ref_axis',(-1.22464679914735E-16,-1.,0.));
#5413=DIRECTION('center_axis',(0.,0.,1.));
#5414=DIRECTION('ref_axis',(1.,0.,0.));
#5415=DIRECTION('center_axis',(0.5,-0.866025403784439,0.));
#5416=DIRECTION('ref_axis',(-0.866025403784439,-0.5,0.));
#5417=DIRECTION('center_axis',(0.,0.,1.));
#5418=DIRECTION('ref_axis',(-1.,-1.22464679914735E-16,0.));
#5419=DIRECTION('center_axis',(-0.5,-0.866025403784439,0.));
#5420=DIRECTION('ref_axis',(-0.866025403784439,0.5,0.));
#5421=DIRECTION('center_axis',(0.,0.,1.));
#5422=DIRECTION('ref_axis',(1.,0.,0.));
#5423=DIRECTION('center_axis',(0.,0.,1.));
#5424=DIRECTION('ref_axis',(1.,0.,0.));
#5425=DIRECTION('center_axis',(0.,0.,-1.));
#5426=DIRECTION('ref_axis',(-1.22464679914735E-16,-1.,0.));
#5427=DIRECTION('center_axis',(0.,0.,1.));
#5428=DIRECTION('ref_axis',(1.,0.,0.));
#5429=DIRECTION('center_axis',(1.22464679914735E-16,-1.,0.));
#5430=DIRECTION('ref_axis',(-1.,-1.22464679914735E-16,0.));
#5431=DIRECTION('center_axis',(0.,0.,1.));
#5432=DIRECTION('ref_axis',(-1.22464679914735E-16,-1.,0.));
#5433=DIRECTION('center_axis',(0.,0.,1.));
#5434=DIRECTION('ref_axis',(-1.22464679914735E-16,-1.,0.));
#5435=DIRECTION('center_axis',(0.,0.,-1.));
#5436=DIRECTION('ref_axis',(-1.,0.,0.));
#5437=DIRECTION('center_axis',(0.,0.,1.));
#5438=DIRECTION('ref_axis',(-1.22464679914735E-16,-1.,0.));
#5439=DIRECTION('center_axis',(0.,0.,1.));
#5440=DIRECTION('ref_axis',(0.,1.,-6.8327040313709E-20));
#5441=DIRECTION('',(0.,0.,-1.));
#5442=DIRECTION('center_axis',(0.,0.,-1.));
#5443=DIRECTION('ref_axis',(-1.22464679914735E-16,-1.,0.));
#5444=DIRECTION('center_axis',(0.,0.,-1.));
#5445=DIRECTION('ref_axis',(-1.22464679914735E-16,-1.,0.));
#5446=DIRECTION('center_axis',(0.,0.,1.));
#5447=DIRECTION('ref_axis',(1.,0.,0.));
#5448=DIRECTION('center_axis',(1.22464679914735E-16,-1.,0.));
#5449=DIRECTION('ref_axis',(-1.,-1.22464679914735E-16,0.));
#5450=DIRECTION('axis',(0.,0.,1.));
#5451=DIRECTION('refdir',(1.,0.,0.));
#5452=DIRECTION('center_axis',(0.,0.,1.));
#5453=DIRECTION('ref_axis',(1.,0.,0.));
#5454=DIRECTION('center_axis',(0.,0.,-1.));
#5455=DIRECTION('ref_axis',(1.,0.,0.));
#5456=DIRECTION('',(0.,0.,-1.));
#5457=DIRECTION('center_axis',(0.,0.,1.));
#5458=DIRECTION('ref_axis',(1.,0.,0.));
#5459=DIRECTION('center_axis',(0.,0.,1.));
#5460=DIRECTION('ref_axis',(1.,0.,0.));
#5461=DIRECTION('center_axis',(0.,0.,-1.));
#5462=DIRECTION('ref_axis',(1.,0.,0.));
#5463=DIRECTION('',(0.,0.,-1.));
#5464=DIRECTION('center_axis',(0.,0.,1.));
#5465=DIRECTION('ref_axis',(1.,0.,0.));
#5466=DIRECTION('center_axis',(0.,0.,1.));
#5467=DIRECTION('ref_axis',(-0.589835324322033,-0.80752355394869,0.));
#5468=DIRECTION('center_axis',(0.,0.,-1.));
#5469=DIRECTION('ref_axis',(-0.589835324322033,-0.80752355394869,0.));
#5470=DIRECTION('',(0.,0.,1.));
#5471=DIRECTION('center_axis',(0.,0.,-1.));
#5472=DIRECTION('ref_axis',(-0.589835324322033,-0.80752355394869,0.));
#5473=DIRECTION('',(0.,0.,1.));
#5474=DIRECTION('center_axis',(0.589835324322033,0.80752355394869,0.));
#5475=DIRECTION('ref_axis',(0.,0.,-1.));
#5476=DIRECTION('',(0.80752355394869,-0.589835324322033,0.));
#5477=DIRECTION('',(0.,0.,1.));
#5478=DIRECTION('',(0.80752355394869,-0.589835324322033,0.));
#5479=DIRECTION('center_axis',(0.,0.,1.));
#5480=DIRECTION('ref_axis',(-1.17311502455256E-16,1.,0.));
#5481=DIRECTION('center_axis',(0.,0.,1.));
#5482=DIRECTION('ref_axis',(0.578095257296095,-0.815969284649711,0.));
#5483=DIRECTION('',(0.,0.,1.));
#5484=DIRECTION('center_axis',(0.,0.,1.));
#5485=DIRECTION('ref_axis',(0.578095257296095,-0.815969284649711,0.));
#5486=DIRECTION('center_axis',(-0.589835324322033,0.80752355394869,0.));
#5487=DIRECTION('ref_axis',(0.,0.,1.));
#5488=DIRECTION('',(0.80752355394869,0.589835324322033,0.));
#5489=DIRECTION('',(0.,0.,1.));
#5490=DIRECTION('',(0.80752355394869,0.589835324322033,0.));
#5491=DIRECTION('center_axis',(0.,0.,1.));
#5492=DIRECTION('ref_axis',(-0.951837237149028,0.306603773584905,0.));
#5493=DIRECTION('center_axis',(0.,0.,-1.));
#5494=DIRECTION('ref_axis',(-0.951837237149028,0.306603773584905,0.));
#5495=DIRECTION('',(0.,0.,1.));
#5496=DIRECTION('center_axis',(0.,0.,-1.));
#5497=DIRECTION('ref_axis',(-0.951837237149028,0.306603773584905,0.));
#5498=DIRECTION('center_axis',(0.951837237149029,-0.306603773584905,0.));
#5499=DIRECTION('ref_axis',(0.,0.,-1.));
#5500=DIRECTION('',(-0.306603773584905,-0.951837237149029,0.));
#5501=DIRECTION('',(0.,0.,1.));
#5502=DIRECTION('',(-0.306603773584905,-0.951837237149029,0.));
#5503=DIRECTION('center_axis',(0.,0.,1.));
#5504=DIRECTION('ref_axis',(-0.306603773584906,0.951837237149028,0.));
#5505=DIRECTION('center_axis',(0.,0.,-1.));
#5506=DIRECTION('ref_axis',(-0.306603773584906,0.951837237149028,0.));
#5507=DIRECTION('',(0.,0.,1.));
#5508=DIRECTION('center_axis',(0.,0.,-1.));
#5509=DIRECTION('ref_axis',(-0.306603773584906,0.951837237149028,0.));
#5510=DIRECTION('center_axis',(-0.951837237149029,-0.306603773584905,0.));
#5511=DIRECTION('ref_axis',(0.,0.,1.));
#5512=DIRECTION('',(-0.306603773584905,0.951837237149029,0.));
#5513=DIRECTION('',(-0.306603773584905,0.951837237149029,0.));
#5514=DIRECTION('center_axis',(0.,0.,1.));
#5515=DIRECTION('ref_axis',(1.,0.,0.));
#5516=DIRECTION('center_axis',(0.,0.,1.));
#5517=DIRECTION('ref_axis',(1.,0.,0.));
#5518=DIRECTION('axis',(0.,0.,1.));
#5519=DIRECTION('refdir',(1.,0.,0.));
#5520=DIRECTION('center_axis',(1.,9.26573923770343E-16,0.));
#5521=DIRECTION('ref_axis',(0.,0.,-1.));
#5522=DIRECTION('center_axis',(1.,9.26573923770343E-16,0.));
#5523=DIRECTION('ref_axis',(9.27036225562006E-16,-1.,1.22464679914735E-16));
#5524=DIRECTION('center_axis',(9.26573923770343E-16,-1.,-1.22464679914735E-16));
#5525=DIRECTION('ref_axis',(0.,-1.22464679914735E-16,1.));
#5526=DIRECTION('center_axis',(-1.,-9.26573923770343E-16,0.));
#5527=DIRECTION('ref_axis',(9.26573923770343E-16,-1.,1.22464679914735E-16));
#5528=DIRECTION('center_axis',(1.,9.26573923770343E-16,0.));
#5529=DIRECTION('ref_axis',(9.27036225562006E-16,-1.,1.22464679914735E-16));
#5530=DIRECTION('center_axis',(1.,9.26573923770343E-16,0.));
#5531=DIRECTION('ref_axis',(-9.42642190719473E-16,1.,0.));
#5532=DIRECTION('center_axis',(1.,9.26573923770343E-16,0.));
#5533=DIRECTION('ref_axis',(-9.42642190719473E-16,1.,0.));
#5534=DIRECTION('',(-1.,-9.26573923770343E-16,0.));
#5535=DIRECTION('center_axis',(1.,9.26573923770343E-16,0.));
#5536=DIRECTION('ref_axis',(0.,0.,-1.));
#5537=DIRECTION('center_axis',(1.,9.26573923770343E-16,0.));
#5538=DIRECTION('ref_axis',(-9.42642190719473E-16,1.,0.));
#5539=DIRECTION('center_axis',(1.,9.26573923770343E-16,0.));
#5540=DIRECTION('ref_axis',(0.,0.,-1.));
#5541=DIRECTION('center_axis',(-1.,-9.26573923770343E-16,0.));
#5542=DIRECTION('ref_axis',(9.26342336171615E-16,-1.,1.22464679914735E-16));
#5543=DIRECTION('center_axis',(-1.,-9.26573923770343E-16,0.));
#5544=DIRECTION('ref_axis',(9.26342336171615E-16,-1.,1.22464679914735E-16));
#5545=DIRECTION('center_axis',(9.26573923770343E-16,-1.,-1.22464679914735E-16));
#5546=DIRECTION('ref_axis',(0.,-1.22464679914735E-16,1.));
#5547=DIRECTION('center_axis',(1.,9.26573923770343E-16,0.));
#5548=DIRECTION('ref_axis',(9.26573923770343E-16,-1.,1.22464679914735E-16));
#5549=DIRECTION('center_axis',(1.,9.26573923770343E-16,0.));
#5550=DIRECTION('ref_axis',(-9.42642190719473E-16,1.,0.));
#5551=DIRECTION('center_axis',(1.,9.26573923770343E-16,0.));
#5552=DIRECTION('ref_axis',(9.26342336171615E-16,-1.,1.22464679914735E-16));
#5553=DIRECTION('',(-1.,-9.26573923770343E-16,0.));
#5554=DIRECTION('center_axis',(1.,9.26573923770343E-16,0.));
#5555=DIRECTION('ref_axis',(9.26342336171615E-16,-1.,1.22464679914735E-16));
#5556=DIRECTION('center_axis',(-1.,-9.26573923770343E-16,0.));
#5557=DIRECTION('ref_axis',(0.,0.,1.));
#5558=DIRECTION('center_axis',(1.,9.26573923770343E-16,0.));
#5559=DIRECTION('ref_axis',(-9.42642190719473E-16,1.,0.));
#5560=DIRECTION('center_axis',(1.,9.26573923770343E-16,0.));
#5561=DIRECTION('ref_axis',(0.,0.,-1.));
#5562=DIRECTION('center_axis',(-1.,-9.26573923770343E-16,0.));
#5563=DIRECTION('ref_axis',(9.26573923770343E-16,-1.,1.22464679914735E-16));
#5564=DIRECTION('center_axis',(9.26573923770343E-16,-1.,-1.22464679914735E-16));
#5565=DIRECTION('ref_axis',(0.,-1.22464679914735E-16,1.));
#5566=DIRECTION('center_axis',(1.,9.26573923770343E-16,0.));
#5567=DIRECTION('ref_axis',(0.,0.,-1.));
#5568=DIRECTION('center_axis',(1.,9.26573923770343E-16,0.));
#5569=DIRECTION('ref_axis',(0.,0.,-1.));
#5570=DIRECTION('center_axis',(1.,9.26573923770343E-16,0.));
#5571=DIRECTION('ref_axis',(-9.42642190719473E-16,1.,0.));
#5572=DIRECTION('center_axis',(1.,9.26573923770343E-16,0.));
#5573=DIRECTION('ref_axis',(-9.42642190719473E-16,1.,0.));
#5574=DIRECTION('center_axis',(9.26573923770343E-16,-1.,-1.22464679914735E-16));
#5575=DIRECTION('ref_axis',(0.,-1.22464679914735E-16,1.));
#5576=DIRECTION('center_axis',(1.,9.26573923770343E-16,0.));
#5577=DIRECTION('ref_axis',(-9.42642190719473E-16,1.,0.));
#5578=DIRECTION('center_axis',(1.,9.26573923770343E-16,0.));
#5579=DIRECTION('ref_axis',(-9.42642190719473E-16,1.,0.));
#5580=DIRECTION('center_axis',(1.,9.26573923770343E-16,0.));
#5581=DIRECTION('ref_axis',(0.,0.,-1.));
#5582=DIRECTION('center_axis',(1.,9.26573923770343E-16,0.));
#5583=DIRECTION('ref_axis',(-9.42642190719473E-16,1.,0.));
#5584=DIRECTION('center_axis',(1.,9.26573923770343E-16,0.));
#5585=DIRECTION('ref_axis',(-9.42642190719473E-16,1.,0.));
#5586=DIRECTION('center_axis',(1.,9.26573923770343E-16,0.));
#5587=DIRECTION('ref_axis',(-9.42642190719473E-16,1.,0.));
#5588=DIRECTION('',(-0.847998304005089,0.529998940003179,6.49061505426384E-17));
#5589=DIRECTION('center_axis',(1.,9.26573923770343E-16,0.));
#5590=DIRECTION('ref_axis',(-9.42642190719473E-16,1.,0.));
#5591=DIRECTION('center_axis',(-1.,-9.26573923770343E-16,0.));
#5592=DIRECTION('ref_axis',(-9.42642190719473E-16,1.,0.));
#5593=DIRECTION('',(-0.874157276121537,-0.485642931178633,-5.94741061196451E-17));
#5594=DIRECTION('center_axis',(1.,9.26573923770343E-16,0.));
#5595=DIRECTION('ref_axis',(-9.42642190719473E-16,1.,0.));
#5596=DIRECTION('center_axis',(-1.,-9.26573923770343E-16,0.));
#5597=DIRECTION('ref_axis',(-9.42642190719473E-16,1.,0.));
#5598=DIRECTION('',(-0.98058067569092,-0.196116135138185,-2.40172997158127E-17));
#5599=DIRECTION('center_axis',(-1.,-9.26573923770343E-16,0.));
#5600=DIRECTION('ref_axis',(-9.42642190719473E-16,1.,0.));
#5601=DIRECTION('',(-0.98058067569092,-0.196116135138186,-2.40172997158128E-17));
#5602=DIRECTION('center_axis',(1.,9.26573923770343E-16,0.));
#5603=DIRECTION('ref_axis',(-9.42642190719473E-16,1.,0.));
#5604=DIRECTION('',(-1.,-9.26573923770343E-16,0.));
#5605=DIRECTION('axis',(0.,0.,1.));
#5606=DIRECTION('refdir',(1.,0.,0.));
#5607=DIRECTION('center_axis',(0.,0.,-1.));
#5608=DIRECTION('ref_axis',(0.,1.,0.));
#5609=DIRECTION('',(0.,0.,-1.));
#5610=DIRECTION('center_axis',(0.,0.,-1.));
#5611=DIRECTION('ref_axis',(0.,1.,0.));
#5612=DIRECTION('',(0.,0.,-1.));
#5613=DIRECTION('center_axis',(-1.33226762955019E-16,1.,0.));
#5614=DIRECTION('ref_axis',(1.,1.33226762955019E-16,0.));
#5615=DIRECTION('',(1.,2.41352831440251E-17,0.));
#5616=DIRECTION('',(1.,1.33226762955019E-16,0.));
#5617=DIRECTION('',(0.,0.,-1.));
#5618=DIRECTION('center_axis',(-2.22044604925031E-17,-1.,0.));
#5619=DIRECTION('ref_axis',(-1.,2.22044604925031E-17,0.));
#5620=DIRECTION('',(-1.,-2.41352831440251E-17,0.));
#5621=DIRECTION('',(0.,0.,-1.));
#5622=DIRECTION('',(-1.,2.22044604925031E-17,0.));
#5623=DIRECTION('center_axis',(0.,0.,-1.));
#5624=DIRECTION('ref_axis',(0.,-1.,0.));
#5625=DIRECTION('center_axis',(0.,0.,-1.));
#5626=DIRECTION('ref_axis',(0.,-1.,0.));
#5627=DIRECTION('center_axis',(0.,0.,1.));
#5628=DIRECTION('ref_axis',(1.,0.,0.));
#5629=DIRECTION('center_axis',(1.,2.41352831440251E-17,0.));
#5630=DIRECTION('ref_axis',(0.,1.,0.));
#5631=DIRECTION('center_axis',(1.,2.41352831440251E-17,0.));
#5632=DIRECTION('ref_axis',(0.,0.,-1.));
#5633=DIRECTION('',(-1.,-2.41352831440251E-17,0.));
#5634=DIRECTION('center_axis',(1.,2.41352831440251E-17,0.));
#5635=DIRECTION('ref_axis',(0.,0.,-1.));
#5636=DIRECTION('center_axis',(1.,2.41352831440251E-17,0.));
#5637=DIRECTION('ref_axis',(0.,0.,-1.));
#5638=DIRECTION('center_axis',(1.,2.41352831440251E-17,0.));
#5639=DIRECTION('ref_axis',(0.,0.,-1.));
#5640=DIRECTION('center_axis',(1.,2.41352831440251E-17,0.));
#5641=DIRECTION('ref_axis',(0.,1.,0.));
#5642=DIRECTION('center_axis',(1.,2.41352831440251E-17,0.));
#5643=DIRECTION('ref_axis',(0.,0.,-1.));
#5644=DIRECTION('',(-1.,-2.41352831440251E-17,0.));
#5645=DIRECTION('center_axis',(-1.,-2.41352831440251E-17,0.));
#5646=DIRECTION('ref_axis',(0.,0.,1.));
#5647=DIRECTION('center_axis',(1.,2.41352831440251E-17,0.));
#5648=DIRECTION('ref_axis',(0.,0.,-1.));
#5649=DIRECTION('center_axis',(1.,2.41352831440251E-17,0.));
#5650=DIRECTION('ref_axis',(0.,1.,0.));
#5651=DIRECTION('center_axis',(1.,2.41352831440251E-17,0.));
#5652=DIRECTION('ref_axis',(0.,0.,-1.));
#5653=DIRECTION('',(-1.,-2.41352831440251E-17,0.));
#5654=DIRECTION('center_axis',(1.,2.41352831440251E-17,0.));
#5655=DIRECTION('ref_axis',(0.,0.,-1.));
#5656=DIRECTION('center_axis',(1.,2.41352831440251E-17,0.));
#5657=DIRECTION('ref_axis',(0.,0.,-1.));
#5658=DIRECTION('center_axis',(1.,2.41352831440251E-17,0.));
#5659=DIRECTION('ref_axis',(0.,1.,0.));
#5660=DIRECTION('center_axis',(1.,2.41352831440251E-17,0.));
#5661=DIRECTION('ref_axis',(0.,0.,-1.));
#5662=DIRECTION('',(-1.,-2.41352831440251E-17,0.));
#5663=DIRECTION('center_axis',(-1.,-2.41352831440251E-17,0.));
#5664=DIRECTION('ref_axis',(0.,0.,1.));
#5665=DIRECTION('center_axis',(1.,2.41352831440251E-17,0.));
#5666=DIRECTION('ref_axis',(0.,0.,-1.));
#5667=DIRECTION('center_axis',(1.,2.41352831440251E-17,0.));
#5668=DIRECTION('ref_axis',(0.,1.,0.));
#5669=DIRECTION('center_axis',(1.,2.41352831440251E-17,0.));
#5670=DIRECTION('ref_axis',(0.,0.,-1.));
#5671=DIRECTION('',(-1.,-2.41352831440251E-17,0.));
#5672=DIRECTION('center_axis',(1.,2.41352831440251E-17,0.));
#5673=DIRECTION('ref_axis',(0.,0.,-1.));
#5674=DIRECTION('center_axis',(1.,2.41352831440251E-17,0.));
#5675=DIRECTION('ref_axis',(0.,0.,-1.));
#5676=DIRECTION('center_axis',(1.,2.41352831440251E-17,0.));
#5677=DIRECTION('ref_axis',(0.,1.,0.));
#5678=DIRECTION('center_axis',(1.,2.41352831440251E-17,0.));
#5679=DIRECTION('ref_axis',(0.,0.,-1.));
#5680=DIRECTION('',(-1.,-2.41352831440251E-17,0.));
#5681=DIRECTION('center_axis',(-1.,-2.41352831440251E-17,0.));
#5682=DIRECTION('ref_axis',(0.,0.,1.));
#5683=DIRECTION('center_axis',(1.,2.41352831440251E-17,0.));
#5684=DIRECTION('ref_axis',(0.,0.,-1.));
#5685=DIRECTION('center_axis',(1.,2.41352831440251E-17,0.));
#5686=DIRECTION('ref_axis',(0.,1.,0.));
#5687=DIRECTION('center_axis',(1.,2.41352831440251E-17,0.));
#5688=DIRECTION('ref_axis',(0.,0.,-1.));
#5689=DIRECTION('',(-1.,-2.41352831440251E-17,0.));
#5690=DIRECTION('center_axis',(1.,2.41352831440251E-17,0.));
#5691=DIRECTION('ref_axis',(0.,0.,-1.));
#5692=DIRECTION('center_axis',(1.,2.41352831440251E-17,0.));
#5693=DIRECTION('ref_axis',(0.,0.,-1.));
#5694=DIRECTION('center_axis',(1.,2.41352831440251E-17,0.));
#5695=DIRECTION('ref_axis',(0.,1.,0.));
#5696=DIRECTION('center_axis',(1.,2.41352831440251E-17,0.));
#5697=DIRECTION('ref_axis',(0.,0.,-1.));
#5698=DIRECTION('',(-1.,-2.41352831440251E-17,0.));
#5699=DIRECTION('center_axis',(1.,2.41352831440251E-17,0.));
#5700=DIRECTION('ref_axis',(0.,0.,-1.));
#5701=DIRECTION('center_axis',(-1.,-2.41352831440251E-17,0.));
#5702=DIRECTION('ref_axis',(0.,0.,1.));
#5703=DIRECTION('center_axis',(1.,2.41352831440251E-17,0.));
#5704=DIRECTION('ref_axis',(0.,0.,-1.));
#5705=DIRECTION('center_axis',(1.,2.41352831440251E-17,0.));
#5706=DIRECTION('ref_axis',(0.,1.,0.));
#5707=DIRECTION('center_axis',(1.,2.41352831440251E-17,0.));
#5708=DIRECTION('ref_axis',(0.,0.,-1.));
#5709=DIRECTION('',(-1.,-2.41352831440251E-17,0.));
#5710=DIRECTION('center_axis',(-1.,-2.41352831440251E-17,0.));
#5711=DIRECTION('ref_axis',(0.,0.,1.));
#5712=DIRECTION('center_axis',(1.,2.41352831440251E-17,0.));
#5713=DIRECTION('ref_axis',(0.,0.,-1.));
#5714=DIRECTION('center_axis',(1.,2.41352831440251E-17,0.));
#5715=DIRECTION('ref_axis',(0.,1.,0.));
#5716=DIRECTION('center_axis',(1.,2.41352831440251E-17,0.));
#5717=DIRECTION('ref_axis',(0.,0.,-1.));
#5718=DIRECTION('',(-1.,-2.41352831440251E-17,0.));
#5719=DIRECTION('center_axis',(-1.,-2.41352831440251E-17,0.));
#5720=DIRECTION('ref_axis',(0.,0.,1.));
#5721=DIRECTION('',(3.74700270810984E-16,1.,8.01343978696822E-16));
#5722=DIRECTION('',(-1.1275460905872E-17,8.01343978696822E-16,-1.));
#5723=DIRECTION('',(0.993647462482592,2.02433327806153E-16,-0.112537639489665));
#5724=DIRECTION('',(-3.48086855515691E-16,1.,-1.27461615110321E-15));
#5725=DIRECTION('',(-0.311078884419709,7.36330964014491E-16,0.950384094810193));
#5726=DIRECTION('',(0.950384094810193,-1.31902794044061E-15,0.311078884419709));
#5727=DIRECTION('',(0.950384094810193,1.29317956067083E-15,0.311078884419707));
#5728=DIRECTION('',(0.311078884419707,5.457626705536E-16,-0.950384094810193));
#5729=DIRECTION('',(-3.74700270810984E-16,-1.,-8.01343978696822E-16));
#5730=DIRECTION('',(-2.52450333252206E-17,-8.01343978696822E-16,1.));
#5731=DIRECTION('',(-3.74700270810985E-16,-1.,-8.01343978696822E-16));
#5732=DIRECTION('',(0.306603773584906,6.47864521694858E-16,-0.951837237149028));
#5733=DIRECTION('',(8.36898836655459E-16,-1.,-8.01343978696821E-16));
#5734=DIRECTION('',(1.,8.36898836655459E-16,-1.74238356884316E-16));
#5735=DIRECTION('',(1.74238356884315E-16,7.03258106120751E-32,1.));
#5736=DIRECTION('',(1.,1.80411241501595E-16,-1.74238356884315E-16));
#5737=DIRECTION('',(1.,9.6179892692578E-16,-1.12754609058713E-17));
#5738=DIRECTION('',(-1.1275460905872E-17,8.01343978696821E-16,-1.));
#5739=DIRECTION('',(-1.19178901544224E-16,1.,-7.88756966584562E-17));
#5740=DIRECTION('',(-1.,-1.19178901544224E-16,7.66357303351062E-16));
#5741=DIRECTION('',(1.,-2.00010218035514E-16,-8.2482442342978E-16));
#5742=DIRECTION('',(-8.2482442342978E-16,-7.8875696658457E-17,-1.));
#5743=DIRECTION('',(0.807295414903975,1.25516083075608E-15,-0.590147535007153));
#5744=DIRECTION('',(-3.35707916381861E-16,1.,1.66762599305291E-15));
#5745=DIRECTION('',(-3.33066907387552E-16,1.,-7.88756966584565E-17));
#5746=DIRECTION('',(-8.2482442342978E-16,-7.88756966584568E-17,-1.));
#5747=DIRECTION('',(0.290297018158397,-1.16082696481007E-15,0.956936592073029));
#5748=DIRECTION('',(-6.42860079594583E-16,-1.,-1.01804718168448E-15));
#5749=DIRECTION('',(-3.74700270810985E-16,-1.,-8.01343978696822E-16));
#5750=DIRECTION('',(0.306603773584907,-8.77633555682727E-16,0.951837237149028));
#5751=DIRECTION('',(3.33066907387552E-16,-1.,7.88756966584563E-17));
#5752=DIRECTION('',(0.306603773584907,1.77196395846868E-16,0.951837237149028));
#5753=DIRECTION('',(3.33066907387552E-16,-1.,7.88756966584563E-17));
#5754=DIRECTION('',(0.306603773584907,1.77196395846868E-16,0.951837237149028));
#5755=DIRECTION('',(0.290297018158397,-3.18512548399966E-16,0.956936592073029));
#5756=DIRECTION('',(-6.42860079594584E-16,-1.,-1.37827506329199E-16));
#5757=DIRECTION('',(-0.741398031323882,8.01354249997534E-16,0.671065540129332));
#5758=DIRECTION('',(2.65996537359879E-16,1.,-9.00277103699164E-16));
#5759=DIRECTION('center_axis',(0.,0.,1.));
#5760=DIRECTION('ref_axis',(1.,0.,0.));
#5761=CARTESIAN_POINT('',(0.,0.,0.));
#5762=CARTESIAN_POINT('',(0.,0.,0.));
#5763=CARTESIAN_POINT('Origin',(-26.8823139280058,8.79827876194476,2.35189771804556));
#5764=CARTESIAN_POINT('',(-27.5591469002988,9.99999999999988,-1.59042356866066));
#5765=CARTESIAN_POINT('',(-26.8642873794002,9.99999999999988,6.35185709828248));
#5766=CARTESIAN_POINT('Ctrl Pts',(-27.5591469002988,9.99999999999989,-1.59042356866066));
#5767=CARTESIAN_POINT('Ctrl Pts',(-27.5647734261217,9.84239612019006,-1.32332310788075));
#5768=CARTESIAN_POINT('Ctrl Pts',(-27.5665118670924,9.68549183785154,-1.05711328550929));
#5769=CARTESIAN_POINT('Ctrl Pts',(-27.5611972171654,9.28224241976261,-0.371530284334723));
#5770=CARTESIAN_POINT('Ctrl Pts',(-27.548395944345,9.03709266002491,0.0460487586645727));
#5771=CARTESIAN_POINT('Ctrl Pts',(-27.5046609171537,8.55625324776988,0.87658031597699));
#5772=CARTESIAN_POINT('Ctrl Pts',(-27.4736785384676,8.31408753042318,1.28576402683003));
#5773=CARTESIAN_POINT('Ctrl Pts',(-27.4152887523033,8.00453557035435,1.91455014895484));
#5774=CARTESIAN_POINT('Ctrl Pts',(-27.3897402662894,7.89050534739309,2.16505866626789));
#5775=CARTESIAN_POINT('Ctrl Pts',(-27.3495870591719,7.89050534739309,2.62401192374482));
#5776=CARTESIAN_POINT('Ctrl Pts',(-27.3312470587547,8.00453557035435,2.87515110182877));
#5777=CARTESIAN_POINT('Ctrl Pts',(-27.2795622086168,8.31408753042318,3.50452382984555));
#5778=CARTESIAN_POINT('Ctrl Pts',(-27.2390198896329,8.55625324776988,3.91287115429855));
#5779=CARTESIAN_POINT('Ctrl Pts',(-27.137870192067,9.03709266002491,4.73837957883311));
#5780=CARTESIAN_POINT('Ctrl Pts',(-27.0779651449402,9.28224241976261,5.15183757557132));
#5781=CARTESIAN_POINT('Ctrl Pts',(-26.9641488145994,9.68549183785154,5.82792790973616));
#5782=CARTESIAN_POINT('Ctrl Pts',(-26.9162099339215,9.84239612019006,6.08979152962903));
#5783=CARTESIAN_POINT('Ctrl Pts',(-26.8642873794002,9.99999999999988,6.35185709828248));
#5784=CARTESIAN_POINT('Origin',(-26.8823139280058,9.99999999999988,2.35189771804556));
#5785=CARTESIAN_POINT('Origin',(-26.8823139280058,17.4999999999999,2.35189771804556));
#5786=CARTESIAN_POINT('',(-28.5051847662851,24.9999999999999,-1.30409602405286));
#5787=CARTESIAN_POINT('Ctrl Pts',(-28.5051847662851,24.9999999999999,-1.30409602405284));
#5788=CARTESIAN_POINT('Ctrl Pts',(-28.3485987185764,22.5282930488234,-1.37360350914003));
#5789=CARTESIAN_POINT('Ctrl Pts',(-28.1897250927387,20.0164425310724,-1.4320220627328));
#5790=CARTESIAN_POINT('Ctrl Pts',(-27.8726213183683,14.9898148293894,-1.52711206283563));
#5791=CARTESIAN_POINT('Ctrl Pts',(-27.714392334438,12.4750319589562,-1.56377043184564));
#5792=CARTESIAN_POINT('Ctrl Pts',(-27.5591469002988,9.99999999999989,-1.59042356866066));
#5793=CARTESIAN_POINT('',(-27.8456730608035,24.9999999999999,6.23415726388419));
#5794=CARTESIAN_POINT('Origin',(-26.8823139280058,24.9999999999999,2.35189771804556));
#5795=CARTESIAN_POINT('Ctrl Pts',(-26.8642873794002,9.99999999999989,6.35185709828248));
#5796=CARTESIAN_POINT('Ctrl Pts',(-27.0218025551972,12.4750319589562,6.35256696923434));
#5797=CARTESIAN_POINT('Ctrl Pts',(-27.1839933442978,14.9898148293894,6.34394169793407));
#5798=CARTESIAN_POINT('Ctrl Pts',(-27.5127918050395,20.0164425310724,6.30536082114962));
#5799=CARTESIAN_POINT('Ctrl Pts',(-27.6793960588869,22.5282930488234,6.27541789225775));
#5800=CARTESIAN_POINT('Ctrl Pts',(-27.8456730608035,24.9999999999999,6.23415726388417));
#5801=CARTESIAN_POINT('Origin',(26.8823139280058,8.79827876194476,2.35189771804555));
#5802=CARTESIAN_POINT('',(26.8642873794002,9.99999999999988,6.35185709828248));
#5803=CARTESIAN_POINT('',(27.5591469002988,9.99999999999988,-1.59042356866067));
#5804=CARTESIAN_POINT('Ctrl Pts',(26.8642873794002,9.99999999999988,6.35185709828248));
#5805=CARTESIAN_POINT('Ctrl Pts',(26.9195736800187,9.83218592463044,6.07281389742464));
#5806=CARTESIAN_POINT('Ctrl Pts',(26.9703448745015,9.66515770673223,5.7939915761968));
#5807=CARTESIAN_POINT('Ctrl Pts',(27.0858813535488,9.25137284265944,5.09980964352004));
#5808=CARTESIAN_POINT('Ctrl Pts',(27.1451426229929,9.00570407873964,4.68521521281936));
#5809=CARTESIAN_POINT('Ctrl Pts',(27.2449787006295,8.52429506972088,3.85718080046261));
#5810=CARTESIAN_POINT('Ctrl Pts',(27.2846717111164,8.28040735882531,3.44839816221743));
#5811=CARTESIAN_POINT('Ctrl Pts',(27.3354456696031,7.98114783723647,2.8204672890236));
#5812=CARTESIAN_POINT('Ctrl Pts',(27.3536428469894,7.87976050991578,2.57360684508738));
#5813=CARTESIAN_POINT('Ctrl Pts',(27.3947898193973,7.9044841052279,2.11260910441774));
#5814=CARTESIAN_POINT('Ctrl Pts',(27.421139137299,8.0314760446531,1.85468312232147));
#5815=CARTESIAN_POINT('Ctrl Pts',(27.4788893700471,8.35200341044499,1.22180092884128));
#5816=CARTESIAN_POINT('Ctrl Pts',(27.5088387473846,8.59257725694043,0.813234115033912));
#5817=CARTESIAN_POINT('Ctrl Pts',(27.5506129867289,9.07263279394991,-0.0146328766405605));
#5818=CARTESIAN_POINT('Ctrl Pts',(27.5624765482806,9.31715081649535,-0.431000424797693));
#5819=CARTESIAN_POINT('Ctrl Pts',(27.5662368001189,9.70844823726791,-1.0960572129558));
#5820=CARTESIAN_POINT('Ctrl Pts',(27.5643620183392,9.85392000984087,-1.34285331385932));
#5821=CARTESIAN_POINT('Ctrl Pts',(27.5591469002988,9.99999999999988,-1.59042356866067));
#5822=CARTESIAN_POINT('Origin',(26.8823139280058,9.99999999999988,2.35189771804555));
#5823=CARTESIAN_POINT('Origin',(26.8823139280058,17.4999999999999,2.35189771804555));
#5824=CARTESIAN_POINT('',(27.8456730608035,24.9999999999999,6.23415726388419));
#5825=CARTESIAN_POINT('Ctrl Pts',(27.8456730608035,24.9999999999999,6.23415726388417));
#5826=CARTESIAN_POINT('Ctrl Pts',(27.6793960588869,22.5282930488234,6.27541789225774));
#5827=CARTESIAN_POINT('Ctrl Pts',(27.5127918050395,20.0164425310724,6.30536082114961));
#5828=CARTESIAN_POINT('Ctrl Pts',(27.1839933442978,14.9898148293894,6.34394169793407));
#5829=CARTESIAN_POINT('Ctrl Pts',(27.0218025551972,12.4750319589562,6.35256696923433));
#5830=CARTESIAN_POINT('Ctrl Pts',(26.8642873794002,9.99999999999989,6.35185709828248));
#5831=CARTESIAN_POINT('',(28.5051847662851,24.9999999999999,-1.30409602405286));
#5832=CARTESIAN_POINT('Origin',(26.8823139280058,24.9999999999999,2.35189771804555));
#5833=CARTESIAN_POINT('Ctrl Pts',(27.5591469002988,9.99999999999989,-1.59042356866067));
#5834=CARTESIAN_POINT('Ctrl Pts',(27.714392334438,12.4750319589562,-1.56377043184565));
#5835=CARTESIAN_POINT('Ctrl Pts',(27.8726213183683,14.9898148293894,-1.52711206283563));
#5836=CARTESIAN_POINT('Ctrl Pts',(28.1897250927387,20.0164425310724,-1.43202206273281));
#5837=CARTESIAN_POINT('Ctrl Pts',(28.3485987185764,22.5282930488234,-1.37360350914003));
#5838=CARTESIAN_POINT('Ctrl Pts',(28.5051847662851,24.9999999999999,-1.30409602405284));
#5839=CARTESIAN_POINT('Origin',(0.,12.4999999999999,0.));
#5840=CARTESIAN_POINT('Origin',(0.,24.9999999999999,0.));
#5841=CARTESIAN_POINT('',(3.78352409542879,24.9999999999999,-28.2830544747082));
#5842=CARTESIAN_POINT('Origin',(0.,24.9999999999999,0.));
#5843=CARTESIAN_POINT('',(3.98899873117886,9.32764709045693E-17,-26.6885390031499));
#5844=CARTESIAN_POINT('Ctrl Pts',(3.78352409542877,24.9999999999999,-28.2830544747082));
#5845=CARTESIAN_POINT('Ctrl Pts',(3.85666357704546,21.7483161096144,-28.0698700541652));
#5846=CARTESIAN_POINT('Ctrl Pts',(3.91038333206441,18.424795284591,-27.8542682787653));
#5847=CARTESIAN_POINT('Ctrl Pts',(4.00044115918129,9.98116888171323,-27.3126002437211));
#5848=CARTESIAN_POINT('Ctrl Pts',(4.01139494297123,4.86048055345335,-26.989888797464));
#5849=CARTESIAN_POINT('Ctrl Pts',(3.98899873117887,1.11022302462516E-15,
-26.6885390031499));
#5850=CARTESIAN_POINT('',(-3.98899873117886,9.32764709045693E-17,-26.6885390031499));
#5851=CARTESIAN_POINT('Origin',(0.,8.49037679190067E-15,0.));
#5852=CARTESIAN_POINT('',(-3.78352409542879,24.9999999999999,-28.2830544747082));
#5853=CARTESIAN_POINT('Ctrl Pts',(-3.98899873117887,0.,-26.6885390031499));
#5854=CARTESIAN_POINT('Ctrl Pts',(-4.01139494297123,4.86048055345335,-26.989888797464));
#5855=CARTESIAN_POINT('Ctrl Pts',(-4.00044115918129,9.98116888171323,-27.3126002437211));
#5856=CARTESIAN_POINT('Ctrl Pts',(-3.91038333206441,18.424795284591,-27.8542682787653));
#5857=CARTESIAN_POINT('Ctrl Pts',(-3.85666357704546,21.7483161096144,-28.0698700541652));
#5858=CARTESIAN_POINT('Ctrl Pts',(-3.78352409542877,24.9999999999999,-28.2830544747082));
#5859=CARTESIAN_POINT('Origin',(0.,24.9999999999999,0.));
#5860=CARTESIAN_POINT('Origin',(0.,-151.435540637393,-26.985));
#5861=CARTESIAN_POINT('Origin',(0.,24.9999999999999,-26.985));
#5862=CARTESIAN_POINT('Origin',(0.,1.77635683940025E-14,-26.985));
#5863=CARTESIAN_POINT('Origin',(0.,1.01195546259923E-14,-61.75));
#5864=CARTESIAN_POINT('',(3.75048082238877E-15,1.01307850997046E-14,-61.25));
#5865=CARTESIAN_POINT('Origin',(0.,1.01307850997046E-14,0.));
#5866=CARTESIAN_POINT('Origin',(0.,0.50000000000001,0.));
#5867=CARTESIAN_POINT('',(1.89054849618373E-14,0.50000000000001,-61.75));
#5868=CARTESIAN_POINT('',(7.56219398473491E-15,0.50000000000001,61.75));
#5869=CARTESIAN_POINT('Origin',(0.,0.50000000000001,0.));
#5870=CARTESIAN_POINT('Origin',(0.,0.50000000000001,0.));
#5871=CARTESIAN_POINT('Origin',(-7.50096164477754E-15,0.50000000000001,
-61.25));
#5872=CARTESIAN_POINT('Origin',(0.,1.00000000000001,0.));
#5873=CARTESIAN_POINT('',(7.56219398473491E-15,2.,61.75));
#5874=CARTESIAN_POINT('Origin',(0.,2.,0.));
#5875=CARTESIAN_POINT('',(7.56219398473491E-15,1.00000000000001,61.75));
#5876=CARTESIAN_POINT('Origin',(0.,19.4999999999999,0.));
#5877=CARTESIAN_POINT('',(1.87524041119467E-14,19.9999999999999,-61.2500000000093));
#5878=CARTESIAN_POINT('Origin',(0.,19.9999999999999,0.));
#5879=CARTESIAN_POINT('',(3.78109699236802E-15,19.4999999999999,-61.7500000000093));
#5880=CARTESIAN_POINT('Origin',(-7.50096164477868E-15,19.4999999999999,
-61.2500000000093));
#5881=CARTESIAN_POINT('',(7.56219398473605E-15,19.4999999999999,61.7500000000093));
#5882=CARTESIAN_POINT('Origin',(0.,19.4999999999999,0.));
#5883=CARTESIAN_POINT('Origin',(0.,19.4999999999999,0.));
#5884=CARTESIAN_POINT('Origin',(0.,18.9999999999806,0.));
#5885=CARTESIAN_POINT('',(7.56219398473605E-15,17.9999999999999,61.7500000000093));
#5886=CARTESIAN_POINT('',(7.56219398473605E-15,18.9999999999806,61.7500000000093));
#5887=CARTESIAN_POINT('Origin',(0.,17.9999999999999,0.));
#5888=CARTESIAN_POINT('Origin',(0.,19.9999999999999,-46.));
#5889=CARTESIAN_POINT('',(5.63337527607783E-15,19.9999999999999,46.));
#5890=CARTESIAN_POINT('Origin',(0.,19.9999999999999,0.));
#5891=CARTESIAN_POINT('Origin',(0.,23.9999999999999,0.));
#5892=CARTESIAN_POINT('',(1.37772764904077E-14,24.9999999999999,-45.));
#5893=CARTESIAN_POINT('Origin',(0.,24.9999999999999,0.));
#5894=CARTESIAN_POINT('',(2.81668763803891E-15,23.9999999999999,-46.));
#5895=CARTESIAN_POINT('Origin',(-5.51091059616309E-15,23.9999999999999,
-45.));
#5896=CARTESIAN_POINT('',(5.63337527607783E-15,23.9999999999999,46.));
#5897=CARTESIAN_POINT('Origin',(0.,23.9999999999999,0.));
#5898=CARTESIAN_POINT('Origin',(0.,23.9999999999999,0.));
#5899=CARTESIAN_POINT('Origin',(0.,22.4999999999999,0.));
#5900=CARTESIAN_POINT('',(5.63337527607783E-15,22.4999999999999,46.));
#5901=CARTESIAN_POINT('Origin',(0.,24.9999999999999,-28.535));
#5902=CARTESIAN_POINT('Origin',(0.,4.74999999999997,0.));
#5903=CARTESIAN_POINT('',(6.12323399573677E-15,7.49999999999994,50.));
#5904=CARTESIAN_POINT('Origin',(0.,7.49999999999994,0.));
#5905=CARTESIAN_POINT('',(6.84271399023584E-15,4.74999999999997,55.875));
#5906=CARTESIAN_POINT('Origin',(0.,9.99999999999994,0.));
#5907=CARTESIAN_POINT('',(6.12323399573677E-15,12.4999999999999,50.));
#5908=CARTESIAN_POINT('Origin',(0.,12.4999999999999,0.));
#5909=CARTESIAN_POINT('',(6.12323399573677E-15,9.99999999999994,50.));
#5910=CARTESIAN_POINT('Origin',(0.,15.2499999999999,0.));
#5911=CARTESIAN_POINT('',(6.84271399023584E-15,15.2499999999999,55.875));
#5912=CARTESIAN_POINT('',(0.,0.,0.));
#5913=CARTESIAN_POINT('Origin',(-2.35189771804556,-16.2017212380551,26.8823139280058));
#5914=CARTESIAN_POINT('',(1.58785081736356,-15.,27.5739651968846));
#5915=CARTESIAN_POINT('',(-6.35189660305679,-15.,26.8793273063386));
#5916=CARTESIAN_POINT('Ctrl Pts',(1.58785081736356,-15.,27.5739651968846));
#5917=CARTESIAN_POINT('Ctrl Pts',(1.38104822442185,-15.121924852395,27.5784213323408));
#5918=CARTESIAN_POINT('Ctrl Pts',(1.17479693013044,-15.2434066473371,27.5805479958618));
#5919=CARTESIAN_POINT('Ctrl Pts',(0.552567289044878,-15.6093438432333,27.5800684436217));
#5920=CARTESIAN_POINT('Ctrl Pts',(0.138672017355441,-15.8522662281538,27.5703598963034));
#5921=CARTESIAN_POINT('Ctrl Pts',(-0.684039136616523,-16.3296794621668,
27.5330824887213));
#5922=CARTESIAN_POINT('Ctrl Pts',(-1.09096266096066,-16.5674221987719,27.5054913421079));
#5923=CARTESIAN_POINT('Ctrl Pts',(-1.74142829360496,-16.9079940805904,27.4490578735648));
#5924=CARTESIAN_POINT('Ctrl Pts',(-2.02476084368132,-17.0588300711054,27.4206459534522));
#5925=CARTESIAN_POINT('Ctrl Pts',(-2.44377317045289,-17.1117086409607,27.3823822408487));
#5926=CARTESIAN_POINT('Ctrl Pts',(-2.62634574878771,-17.0758615436181,27.367627486502));
#5927=CARTESIAN_POINT('Ctrl Pts',(-3.07626585666363,-16.9124633579608,27.3320569431201));
#5928=CARTESIAN_POINT('Ctrl Pts',(-3.36749327742286,-16.7454191925688,27.3079369415684));
#5929=CARTESIAN_POINT('Ctrl Pts',(-3.96781676702356,-16.4103775927833,27.247849730299));
#5930=CARTESIAN_POINT('Ctrl Pts',(-4.27210109210409,-16.2336735875602,27.2127711848592));
#5931=CARTESIAN_POINT('Ctrl Pts',(-5.18383459410595,-15.6998276683384,27.0922661014898));
#5932=CARTESIAN_POINT('Ctrl Pts',(-5.78845769307058,-15.3385489221914,26.9909227212262));
#5933=CARTESIAN_POINT('Ctrl Pts',(-6.34185744293808,-15.0060328059163,26.8813199332463));
#5934=CARTESIAN_POINT('Ctrl Pts',(-6.34687676976761,-15.0030166666256,26.8803243930022));
#5935=CARTESIAN_POINT('Ctrl Pts',(-6.35189660305678,-15.,26.8793273063386));
#5936=CARTESIAN_POINT('',(1.64810228195444,-15.,26.8823139280058));
#5937=CARTESIAN_POINT('Origin',(-2.35189771804556,-15.,26.8823139280058));
#5938=CARTESIAN_POINT('',(-2.35189771804556,-17.4034424761102,26.8823139280058));
#5939=CARTESIAN_POINT('',(-0.351897718045563,-16.2017212380551,26.8823139280058));
#5940=CARTESIAN_POINT('Origin',(-2.35189771804556,-15.,26.8823139280058));
#5941=CARTESIAN_POINT('Origin',(-2.35189771804556,-7.5,26.8823139280058));
#5942=CARTESIAN_POINT('',(-6.23415726388418,0.,27.8456730608035));
#5943=CARTESIAN_POINT('Ctrl Pts',(-6.35189660305678,-15.,26.8793273063386));
#5944=CARTESIAN_POINT('Ctrl Pts',(-6.35201245676431,-12.5250380393577,27.0344908163392));
#5945=CARTESIAN_POINT('Ctrl Pts',(-6.34305202616918,-10.010320313752,27.1942274883537));
#5946=CARTESIAN_POINT('Ctrl Pts',(-6.30442497783806,-4.98369489893061,27.5179884480408));
#5947=CARTESIAN_POINT('Ctrl Pts',(-6.27476934765715,-2.47178175659922,27.6820096412789));
#5948=CARTESIAN_POINT('Ctrl Pts',(-6.23415726388418,-5.55111512312578E-16,
27.8456730608035));
#5949=CARTESIAN_POINT('',(1.30409602405283,0.,28.5051847662851));
#5950=CARTESIAN_POINT('Ctrl Pts',(1.30409602405283,0.,28.5051847662851));
#5951=CARTESIAN_POINT('Ctrl Pts',(1.37251097356963,-2.47178175659922,28.3510599761911));
#5952=CARTESIAN_POINT('Ctrl Pts',(1.4301980493968,-4.98369489893061,28.1946802795704));
#5953=CARTESIAN_POINT('Ctrl Pts',(1.52445876671863,-10.010320313752,27.8825454928992));
#5954=CARTESIAN_POINT('Ctrl Pts',(1.56102105024094,-12.5250380393577,27.7267915423029));
#5955=CARTESIAN_POINT('Ctrl Pts',(1.58785081736356,-15.,27.5739651968846));
#5956=CARTESIAN_POINT('Origin',(-2.35189771804556,0.,26.8823139280058));
#5957=CARTESIAN_POINT('Origin',(-2.35189771804556,-16.2017212380551,-26.8823139280057));
#5958=CARTESIAN_POINT('',(-6.35189660305679,-15.,-26.8793273063386));
#5959=CARTESIAN_POINT('',(1.58785081736355,-15.,-27.5739651968846));
#5960=CARTESIAN_POINT('Ctrl Pts',(-6.35189660305679,-15.,-26.8793273063386));
#5961=CARTESIAN_POINT('Ctrl Pts',(-6.34687676976766,-15.0030166666256,-26.8803243930022));
#5962=CARTESIAN_POINT('Ctrl Pts',(-6.34185744293817,-15.0060328059162,-26.8813199332462));
#5963=CARTESIAN_POINT('Ctrl Pts',(-5.78845769307071,-15.3385489221913,-26.9909227212262));
#5964=CARTESIAN_POINT('Ctrl Pts',(-5.18383459410605,-15.6998276683383,-27.0922661014897));
#5965=CARTESIAN_POINT('Ctrl Pts',(-4.27210109210417,-16.2336735875602,-27.2127711848592));
#5966=CARTESIAN_POINT('Ctrl Pts',(-3.96781676702362,-16.4103775927833,-27.247849730299));
#5967=CARTESIAN_POINT('Ctrl Pts',(-3.36749327742291,-16.7454191925688,-27.3079369415684));
#5968=CARTESIAN_POINT('Ctrl Pts',(-3.07626585666367,-16.9124633579607,-27.3320569431201));
#5969=CARTESIAN_POINT('Ctrl Pts',(-2.62634574878773,-17.0758615436181,-27.367627486502));
#5970=CARTESIAN_POINT('Ctrl Pts',(-2.44377317045289,-17.1117086409607,-27.3823822408487));
#5971=CARTESIAN_POINT('Ctrl Pts',(-2.0247608436813,-17.0588300711054,-27.4206459534522));
#5972=CARTESIAN_POINT('Ctrl Pts',(-1.74142829360493,-16.9079940805904,-27.4490578735648));
#5973=CARTESIAN_POINT('Ctrl Pts',(-1.09096266096062,-16.5674221987718,-27.5054913421079));
#5974=CARTESIAN_POINT('Ctrl Pts',(-0.684039136616478,-16.3296794621668,
-27.5330824887213));
#5975=CARTESIAN_POINT('Ctrl Pts',(0.138672017355484,-15.8522662281538,-27.5703598963034));
#5976=CARTESIAN_POINT('Ctrl Pts',(0.55256728904492,-15.6093438432333,-27.5800684436217));
#5977=CARTESIAN_POINT('Ctrl Pts',(1.17479693013046,-15.2434066473371,-27.5805479958618));
#5978=CARTESIAN_POINT('Ctrl Pts',(1.38104822442185,-15.121924852395,-27.5784213323408));
#5979=CARTESIAN_POINT('Ctrl Pts',(1.58785081736355,-15.,-27.5739651968846));
#5980=CARTESIAN_POINT('',(1.64810228195444,-15.,-26.8823139280057));
#5981=CARTESIAN_POINT('Origin',(-2.35189771804556,-15.,-26.8823139280057));
#5982=CARTESIAN_POINT('',(-2.35189771804556,-17.4034424761102,-26.8823139280057));
#5983=CARTESIAN_POINT('',(-0.351897718045565,-16.2017212380551,-26.8823139280057));
#5984=CARTESIAN_POINT('Origin',(-2.35189771804556,-15.,-26.8823139280057));
#5985=CARTESIAN_POINT('Origin',(-2.35189771804556,-7.5,-26.8823139280057));
#5986=CARTESIAN_POINT('',(-6.23415726388419,0.,-27.8456730608035));
#5987=CARTESIAN_POINT('Ctrl Pts',(-6.23415726388418,-3.33066907387547E-15,
-27.8456730608035));
#5988=CARTESIAN_POINT('Ctrl Pts',(-6.27476934765715,-2.47178175659923,-27.6820096412789));
#5989=CARTESIAN_POINT('Ctrl Pts',(-6.30442497783806,-4.98369489893061,-27.5179884480408));
#5990=CARTESIAN_POINT('Ctrl Pts',(-6.34305202616918,-10.010320313752,-27.1942274883537));
#5991=CARTESIAN_POINT('Ctrl Pts',(-6.35201245676431,-12.5250380393577,-27.0344908163392));
#5992=CARTESIAN_POINT('Ctrl Pts',(-6.35189660305679,-15.,-26.8793273063386));
#5993=CARTESIAN_POINT('',(1.30409602405284,0.,-28.505184766285));
#5994=CARTESIAN_POINT('Origin',(-2.35189771804556,0.,-26.8823139280057));
#5995=CARTESIAN_POINT('Ctrl Pts',(1.58785081736355,-15.,-27.5739651968846));
#5996=CARTESIAN_POINT('Ctrl Pts',(1.56102105024093,-12.5250380393577,-27.7267915423029));
#5997=CARTESIAN_POINT('Ctrl Pts',(1.52445876671862,-10.010320313752,-27.8825454928992));
#5998=CARTESIAN_POINT('Ctrl Pts',(1.43019804939679,-4.98369489893061,-28.1946802795704));
#5999=CARTESIAN_POINT('Ctrl Pts',(1.37251097356961,-2.47178175659923,-28.3510599761911));
#6000=CARTESIAN_POINT('Ctrl Pts',(1.30409602405282,-2.22044604925031E-15,
-28.5051847662851));
#6001=CARTESIAN_POINT('Origin',(0.,-12.7,0.));
#6002=CARTESIAN_POINT('',(28.2830544747082,0.,-3.78352409542875));
#6003=CARTESIAN_POINT('Origin',(-8.31158077251331E-15,0.,3.27444424670754E-14));
#6004=CARTESIAN_POINT('',(26.6885390031499,-25.4,-3.98899873117883));
#6005=CARTESIAN_POINT('Ctrl Pts',(28.2830544747082,-3.33066907387547E-15,
-3.78352409542873));
#6006=CARTESIAN_POINT('Ctrl Pts',(28.0682459205253,-3.32887996969155,-3.85722078611443));
#6007=CARTESIAN_POINT('Ctrl Pts',(27.850903216079,-6.73311256092153,-3.91122292065022));
#6008=CARTESIAN_POINT('Ctrl Pts',(27.309322302641,-15.3119614842725,-4.00055202826099));
#6009=CARTESIAN_POINT('Ctrl Pts',(26.9883400580433,-20.4871311004571,-4.01127984119668));
#6010=CARTESIAN_POINT('Ctrl Pts',(26.6885390031499,-25.4,-3.98899873117884));
#6011=CARTESIAN_POINT('',(-26.9808900537952,-25.4,-0.470953187710094));
#6012=CARTESIAN_POINT('Origin',(-1.30760243861672E-14,-25.4,1.42469436565893E-14));
#6013=CARTESIAN_POINT('',(-28.5306539812876,0.,-0.498004417687883));
#6014=CARTESIAN_POINT('',(-26.9808900537952,-25.4,-0.470953187710094));
#6015=CARTESIAN_POINT('Origin',(-8.31158077251331E-15,0.,3.27444424670754E-14));
#6016=CARTESIAN_POINT('Origin',(-9.49855310398572,0.,0.165797861154193));
#6017=CARTESIAN_POINT('',(28.2830544747082,0.,3.78352409542881));
#6018=CARTESIAN_POINT('Origin',(-8.31158077251331E-15,0.,3.27444424670754E-14));
#6019=CARTESIAN_POINT('Origin',(26.985,0.,2.95354003718924E-14));
#6020=CARTESIAN_POINT('',(-9.49855310398572,0.,-0.165797861154193));
#6021=CARTESIAN_POINT('',(-28.5306539812876,0.,-0.498004417687883));
#6022=CARTESIAN_POINT('',(7.62760426202098,0.,5.66300743615962));
#6023=CARTESIAN_POINT('Origin',(1.22171687513212E-16,0.,6.9992112899971E-15));
#6024=CARTESIAN_POINT('',(9.51244629998485,0.,8.35484083570146));
#6025=CARTESIAN_POINT('',(3.51901580161763,0.,-0.204664984089069));
#6026=CARTESIAN_POINT('',(4.59753403425089,0.,11.7962994538077));
#6027=CARTESIAN_POINT('',(5.05795607738484,0.,11.4739084684474));
#6028=CARTESIAN_POINT('',(2.71269199628701,0.,9.10446605426587));
#6029=CARTESIAN_POINT('',(-0.453475445134375,0.,4.58271033378813));
#6030=CARTESIAN_POINT('',(-9.49855310398572,0.,0.165797861154193));
#6031=CARTESIAN_POINT('Origin',(1.22171687513212E-16,0.,6.9992112899971E-15));
#6032=CARTESIAN_POINT('',(-28.5306539812876,0.,0.498004417687883));
#6033=CARTESIAN_POINT('',(-28.5306539812876,0.,0.498004417687883));
#6034=CARTESIAN_POINT('Origin',(-8.31158077251331E-15,0.,3.27444424670754E-14));
#6035=CARTESIAN_POINT('Origin',(26.985,-84.6087097426266,2.95354003718924E-14));
#6036=CARTESIAN_POINT('',(26.6885390031499,-25.4,3.98899873117889));
#6037=CARTESIAN_POINT('Ctrl Pts',(26.6885390031499,-25.4,3.9889987311789));
#6038=CARTESIAN_POINT('Ctrl Pts',(26.9883400580433,-20.4871311004571,4.01127984119674));
#6039=CARTESIAN_POINT('Ctrl Pts',(27.309322302641,-15.3119614842724,4.00055202826105));
#6040=CARTESIAN_POINT('Ctrl Pts',(27.850903216079,-6.7331125609215,3.91122292065028));
#6041=CARTESIAN_POINT('Ctrl Pts',(28.0682459205253,-3.32887996969153,3.85722078611449));
#6042=CARTESIAN_POINT('Ctrl Pts',(28.2830544747082,-1.11022302462516E-15,
3.78352409542879));
#6043=CARTESIAN_POINT('Origin',(26.985,-25.4,2.95354003718924E-14));
#6044=CARTESIAN_POINT('Origin',(-26.9808900537952,-25.4,0.470953187710094));
#6045=CARTESIAN_POINT('',(-26.9808900537952,-25.4,0.470953187710094));
#6046=CARTESIAN_POINT('Origin',(-1.30760243861672E-14,-25.4,1.42469436565893E-14));
#6047=CARTESIAN_POINT('',(-9.49855310398572,-25.4,0.165797861154193));
#6048=CARTESIAN_POINT('',(-9.49855310398572,-25.4,0.165797861154193));
#6049=CARTESIAN_POINT('',(2.71269199628701,-25.4,9.10446605426587));
#6050=CARTESIAN_POINT('Origin',(2.34120826119822E-15,-25.4,6.8990849498328E-15));
#6051=CARTESIAN_POINT('',(4.59753403425089,-25.4,11.7962994538077));
#6052=CARTESIAN_POINT('',(-3.25754378313685,-25.4,0.578085726101213));
#6053=CARTESIAN_POINT('',(9.51244629998485,-25.4,8.35484083570146));
#6054=CARTESIAN_POINT('',(-0.87914405951742,-25.4,15.6311107394123));
#6055=CARTESIAN_POINT('',(7.62760426202098,-25.4,5.66300743615962));
#6056=CARTESIAN_POINT('',(0.714947463615141,-25.4,-4.20928959177599));
#6057=CARTESIAN_POINT('',(-9.49855310398572,-25.4,-0.165797861154193));
#6058=CARTESIAN_POINT('Origin',(2.34120826119822E-15,-25.4,6.8990849498328E-15));
#6059=CARTESIAN_POINT('',(-9.49855310398572,-25.4,-0.165797861154193));
#6060=CARTESIAN_POINT('Origin',(0.,-12.7,0.));
#6061=CARTESIAN_POINT('',(-26.9808900537952,-25.4,0.470953187710094));
#6062=CARTESIAN_POINT('Origin',(9.51244629998485,0.,8.35484083570146));
#6063=CARTESIAN_POINT('',(4.59753403425089,0.,11.7962994538077));
#6064=CARTESIAN_POINT('',(9.51244629998485,0.,8.35484083570146));
#6065=CARTESIAN_POINT('Origin',(7.62760426202098,0.,5.66300743615962));
#6066=CARTESIAN_POINT('',(7.62760426202099,-12.7,5.66300743615963));
#6067=CARTESIAN_POINT('Origin',(4.59753403425089,0.,11.7962994538077));
#6068=CARTESIAN_POINT('',(2.71269199628704,-12.7,9.10446605426591));
#6069=CARTESIAN_POINT('Origin',(0.,-12.7,0.));
#6070=CARTESIAN_POINT('',(-9.49855310398572,0.,-0.165797861154193));
#6071=CARTESIAN_POINT('Origin',(0.,-12.7,0.));
#6072=CARTESIAN_POINT('',(-9.49855310398572,0.,0.165797861154193));
#6073=CARTESIAN_POINT('Origin',(-19.0146035426367,-12.7,0.331901139421038));
#6074=CARTESIAN_POINT('Origin',(-19.0146035426367,-12.7,-0.331901139421038));
#6075=CARTESIAN_POINT('',(0.,0.,0.));
#6076=CARTESIAN_POINT('Origin',(-2.24833333333333,-9.42338945481948,0.));
#6077=CARTESIAN_POINT('',(-1.39833333333333,-9.42338945481948,0.));
#6078=CARTESIAN_POINT('Origin',(-2.24833333333333,-9.42338945481948,0.));
#6079=CARTESIAN_POINT('',(-1.39833333333333,-9.42338945481948,-0.9));
#6080=CARTESIAN_POINT('',(-1.39833333333333,-9.42338945481948,0.));
#6081=CARTESIAN_POINT('Origin',(-2.24833333333333,-9.42338945481948,-0.9));
#6082=CARTESIAN_POINT('Origin',(2.24833333333333,-9.42338945481948,0.));
#6083=CARTESIAN_POINT('',(3.09833333333333,-9.42338945481948,0.));
#6084=CARTESIAN_POINT('Origin',(2.24833333333333,-9.42338945481948,0.));
#6085=CARTESIAN_POINT('',(3.09833333333333,-9.42338945481948,-0.9));
#6086=CARTESIAN_POINT('',(3.09833333333333,-9.42338945481948,0.));
#6087=CARTESIAN_POINT('Origin',(2.24833333333333,-9.42338945481948,-0.9));
#6088=CARTESIAN_POINT('Origin',(-0.633333333333332,-11.3233894548195,0.));
#6089=CARTESIAN_POINT('',(-0.633333333333332,-11.3233894548195,-0.9));
#6090=CARTESIAN_POINT('',(-0.633333333333333,-7.52338945481948,-0.9));
#6091=CARTESIAN_POINT('',(-0.633333333333333,-7.52338945481948,-0.9));
#6092=CARTESIAN_POINT('',(-0.633333333333333,-7.52338945481948,0.));
#6093=CARTESIAN_POINT('',(-0.633333333333333,-7.52338945481948,0.));
#6094=CARTESIAN_POINT('',(-0.633333333333332,-11.3233894548195,0.));
#6095=CARTESIAN_POINT('',(-0.633333333333333,-7.52338945481948,0.));
#6096=CARTESIAN_POINT('',(-0.633333333333332,-11.3233894548195,0.));
#6097=CARTESIAN_POINT('Origin',(0.,0.,0.));
#6098=CARTESIAN_POINT('',(0.633333333333333,-7.52338945481948,-0.9));
#6099=CARTESIAN_POINT('Origin',(0.,0.,-0.9));
#6100=CARTESIAN_POINT('',(0.633333333333333,-7.52338945481948,0.));
#6101=CARTESIAN_POINT('',(0.633333333333333,-7.52338945481948,0.));
#6102=CARTESIAN_POINT('Origin',(0.,0.,0.));
#6103=CARTESIAN_POINT('Origin',(0.633333333333333,-7.52338945481948,0.));
#6104=CARTESIAN_POINT('',(0.633333333333332,-11.3233894548195,-0.9));
#6105=CARTESIAN_POINT('',(0.633333333333332,-11.3233894548195,-0.9));
#6106=CARTESIAN_POINT('',(0.633333333333332,-11.3233894548195,0.));
#6107=CARTESIAN_POINT('',(0.633333333333332,-11.3233894548195,0.));
#6108=CARTESIAN_POINT('',(0.633333333333332,-11.3233894548195,0.));
#6109=CARTESIAN_POINT('Origin',(0.633333333333332,-11.3233894548195,0.));
#6110=CARTESIAN_POINT('',(3.69333333333333,-11.3233894548195,-0.9));
#6111=CARTESIAN_POINT('',(3.69333333333333,-11.3233894548195,-0.9));
#6112=CARTESIAN_POINT('',(3.69333333333333,-11.3233894548195,0.));
#6113=CARTESIAN_POINT('',(3.69333333333333,-11.3233894548195,0.));
#6114=CARTESIAN_POINT('',(3.69333333333333,-11.3233894548195,0.));
#6115=CARTESIAN_POINT('Origin',(12.5139647221371,-12.0833894548195,0.));
#6116=CARTESIAN_POINT('',(6.33722243419826,-5.7407564995289,-0.9));
#6117=CARTESIAN_POINT('Origin',(12.5139647221371,-12.0833894548195,-0.9));
#6118=CARTESIAN_POINT('',(6.33722243419826,-5.7407564995289,0.));
#6119=CARTESIAN_POINT('',(6.33722243419826,-5.7407564995289,0.));
#6120=CARTESIAN_POINT('Origin',(12.5139647221371,-12.0833894548195,0.));
#6121=CARTESIAN_POINT('Origin',(0.,0.766666666666666,0.));
#6122=CARTESIAN_POINT('',(-6.33722243419826,-5.7407564995289,-0.9));
#6123=CARTESIAN_POINT('Origin',(0.,0.766666666666666,-0.9));
#6124=CARTESIAN_POINT('',(-6.33722243419826,-5.7407564995289,0.));
#6125=CARTESIAN_POINT('',(-6.33722243419826,-5.7407564995289,0.));
#6126=CARTESIAN_POINT('Origin',(0.,0.766666666666666,0.));
#6127=CARTESIAN_POINT('Origin',(-12.5139647221371,-12.0833894548195,0.));
#6128=CARTESIAN_POINT('',(-3.69333333333333,-11.3233894548195,-0.9));
#6129=CARTESIAN_POINT('Origin',(-12.5139647221371,-12.0833894548195,-0.9));
#6130=CARTESIAN_POINT('',(-3.69333333333333,-11.3233894548195,0.));
#6131=CARTESIAN_POINT('',(-3.69333333333333,-11.3233894548195,0.));
#6132=CARTESIAN_POINT('Origin',(-12.5139647221371,-12.0833894548195,0.));
#6133=CARTESIAN_POINT('Origin',(-3.69333333333333,-11.3233894548195,0.));
#6134=CARTESIAN_POINT('',(-0.633333333333332,-11.3233894548195,-0.9));
#6135=CARTESIAN_POINT('',(-0.633333333333332,-11.3233894548195,0.));
#6136=CARTESIAN_POINT('Origin',(1.04083408558608E-16,-1.3821571804556,0.));
#6137=CARTESIAN_POINT('Origin',(1.0842021724855E-16,-1.3821571804556,-0.9));
#6138=CARTESIAN_POINT('',(0.,0.,0.));
#6139=CARTESIAN_POINT('',(0.,0.,0.));
#6140=CARTESIAN_POINT('Origin',(-67.,-6.5,0.));
#6141=CARTESIAN_POINT('',(-72.,-6.49999999999999,-200.));
#6142=CARTESIAN_POINT('',(-72.,-6.49999999999999,200.));
#6143=CARTESIAN_POINT('',(-72.,-6.49999999999999,-9.09303224918158E-16));
#6144=CARTESIAN_POINT('',(-67.,-1.5,-200.));
#6145=CARTESIAN_POINT('Origin',(-67.,-6.5,-200.));
#6146=CARTESIAN_POINT('',(-67.,-1.5,200.));
#6147=CARTESIAN_POINT('',(-67.,-1.5,100.));
#6148=CARTESIAN_POINT('Origin',(-67.,-6.5,200.));
#6149=CARTESIAN_POINT('Origin',(-75.,-6.49999999999999,200.));
#6150=CARTESIAN_POINT('',(-75.,-6.49999999999999,200.));
#6151=CARTESIAN_POINT('',(-74.16,-6.49999999999999,200.));
#6152=CARTESIAN_POINT('',(-75.,-23.5,200.));
#6153=CARTESIAN_POINT('',(-75.,3.42743278534375,200.));
#6154=CARTESIAN_POINT('',(-72.,-23.5,200.));
#6155=CARTESIAN_POINT('',(-75.,-23.5,200.));
#6156=CARTESIAN_POINT('',(-72.,3.42743278534375,200.));
#6157=CARTESIAN_POINT('Origin',(-75.,-10.0362836073281,-1.90797228650438E-15));
#6158=CARTESIAN_POINT('',(-75.,-6.49999999999999,-200.));
#6159=CARTESIAN_POINT('',(-75.,-6.49999999999999,-7.76001735413405E-16));
#6160=CARTESIAN_POINT('',(-75.,-23.5,-200.));
#6161=CARTESIAN_POINT('',(-75.,3.42743278534375,-200.));
#6162=CARTESIAN_POINT('',(-75.,-23.5,-200.));
#6163=CARTESIAN_POINT('Origin',(-75.,-6.5,-200.));
#6164=CARTESIAN_POINT('',(-74.16,-6.49999999999999,-200.));
#6165=CARTESIAN_POINT('',(-67.,1.5,-200.));
#6166=CARTESIAN_POINT('Origin',(-67.,-6.5,-200.));
#6167=CARTESIAN_POINT('',(-67.,0.,-200.));
#6168=CARTESIAN_POINT('Origin',(-72.,-6.5,200.));
#6169=CARTESIAN_POINT('',(-67.,1.5,200.));
#6170=CARTESIAN_POINT('',(-67.,0.,200.));
#6171=CARTESIAN_POINT('Origin',(-67.,-6.5,200.));
#6172=CARTESIAN_POINT('Origin',(-75.,-6.49999999999999,-200.));
#6173=CARTESIAN_POINT('',(-72.,-23.5,-200.));
#6174=CARTESIAN_POINT('',(-72.,-6.49999999999999,-200.));
#6175=CARTESIAN_POINT('',(-75.,-23.5,-200.));
#6176=CARTESIAN_POINT('Origin',(-75.,-23.5,-200.));
#6177=CARTESIAN_POINT('',(-72.,-23.5,-200.));
#6178=CARTESIAN_POINT('Origin',(-72.,-10.0362836073281,-2.0411990494594E-15));
#6179=CARTESIAN_POINT('Origin',(-67.,-6.5,0.));
#6180=CARTESIAN_POINT('',(-67.,1.5,100.));
#6181=CARTESIAN_POINT('Origin',(67.,-6.5,-3.5527136788005E-14));
#6182=CARTESIAN_POINT('',(72.,-6.5,200.));
#6183=CARTESIAN_POINT('',(72.,-6.5,-200.));
#6184=CARTESIAN_POINT('',(72.,-6.5,-2.72007381006654E-14));
#6185=CARTESIAN_POINT('',(67.,-1.5,200.));
#6186=CARTESIAN_POINT('Origin',(67.,-6.5,200.));
#6187=CARTESIAN_POINT('',(67.,-1.5,-200.));
#6188=CARTESIAN_POINT('',(67.,-1.5,-100.));
#6189=CARTESIAN_POINT('Origin',(67.,-6.5,-200.));
#6190=CARTESIAN_POINT('Origin',(75.,-6.5,-200.));
#6191=CARTESIAN_POINT('',(75.,-6.5,-200.));
#6192=CARTESIAN_POINT('',(74.16,-6.5,-200.));
#6193=CARTESIAN_POINT('',(75.,-23.5,-200.));
#6194=CARTESIAN_POINT('',(75.,3.42743278534374,-200.));
#6195=CARTESIAN_POINT('',(72.,-23.5,-200.));
#6196=CARTESIAN_POINT('',(75.,-23.5,-200.));
#6197=CARTESIAN_POINT('',(72.,3.42743278534374,-200.));
#6198=CARTESIAN_POINT('Origin',(75.,-10.0362836073281,-1.88737914186277E-14));
#6199=CARTESIAN_POINT('',(75.,-6.5,200.));
#6200=CARTESIAN_POINT('',(75.,-6.5,-2.72008128272151E-14));
#6201=CARTESIAN_POINT('',(75.,-23.5,200.));
#6202=CARTESIAN_POINT('',(75.,3.42743278534374,200.));
#6203=CARTESIAN_POINT('',(75.,-23.5,200.));
#6204=CARTESIAN_POINT('Origin',(75.,-6.5,200.));
#6205=CARTESIAN_POINT('',(74.16,-6.5,200.));
#6206=CARTESIAN_POINT('',(67.,1.5,200.));
#6207=CARTESIAN_POINT('Origin',(67.,-6.5,200.));
#6208=CARTESIAN_POINT('',(67.,0.,200.));
#6209=CARTESIAN_POINT('Origin',(72.,-6.5,-200.));
#6210=CARTESIAN_POINT('',(67.,1.5,-200.));
#6211=CARTESIAN_POINT('',(67.,0.,-200.));
#6212=CARTESIAN_POINT('Origin',(67.,-6.5,-200.));
#6213=CARTESIAN_POINT('Origin',(75.,-6.5,200.));
#6214=CARTESIAN_POINT('',(72.,-23.5,200.));
#6215=CARTESIAN_POINT('',(72.,-6.5,200.));
#6216=CARTESIAN_POINT('',(75.,-23.5,200.));
#6217=CARTESIAN_POINT('Origin',(75.,-23.5,200.));
#6218=CARTESIAN_POINT('',(72.,-23.5,200.));
#6219=CARTESIAN_POINT('Origin',(72.,-10.0362836073281,-1.88737914186277E-14));
#6220=CARTESIAN_POINT('Origin',(67.,-6.5,-3.5527136788005E-14));
#6221=CARTESIAN_POINT('',(67.,1.5,-100.));
#6222=CARTESIAN_POINT('Origin',(75.,-1.5,200.));
#6223=CARTESIAN_POINT('',(-75.,-1.5,200.));
#6224=CARTESIAN_POINT('',(-75.,1.5,200.));
#6225=CARTESIAN_POINT('Origin',(1.33226762955019E-14,-1.5,-2.03693811129574E-14));
#6226=CARTESIAN_POINT('',(75.,-1.5,-200.));
#6227=CARTESIAN_POINT('',(-53.,-1.5,140.));
#6228=CARTESIAN_POINT('Origin',(-48.,-1.5,140.));
#6229=CARTESIAN_POINT('',(43.,-1.5,55.0000000000001));
#6230=CARTESIAN_POINT('Origin',(48.,-1.5,55.0000000000001));
#6231=CARTESIAN_POINT('',(43.,-1.5,140.));
#6232=CARTESIAN_POINT('Origin',(48.,-1.5,140.));
#6233=CARTESIAN_POINT('',(-53.,-1.5,55.0000000000001));
#6234=CARTESIAN_POINT('Origin',(-48.,-1.5,55.0000000000001));
#6235=CARTESIAN_POINT('Origin',(-75.,-1.5,-200.));
#6236=CARTESIAN_POINT('',(75.,1.5,-200.));
#6237=CARTESIAN_POINT('Origin',(-48.,-1.5,140.));
#6238=CARTESIAN_POINT('',(-53.,1.5,140.));
#6239=CARTESIAN_POINT('',(-53.,-1.5,140.));
#6240=CARTESIAN_POINT('Origin',(-48.,1.5,140.));
#6241=CARTESIAN_POINT('Origin',(48.,-1.5,55.0000000000001));
#6242=CARTESIAN_POINT('',(43.,1.5,55.0000000000001));
#6243=CARTESIAN_POINT('',(43.,-1.5,55.0000000000001));
#6244=CARTESIAN_POINT('Origin',(48.,1.5,55.0000000000001));
#6245=CARTESIAN_POINT('Origin',(48.,-1.5,140.));
#6246=CARTESIAN_POINT('',(43.,1.5,140.));
#6247=CARTESIAN_POINT('',(43.,-1.5,140.));
#6248=CARTESIAN_POINT('Origin',(48.,1.5,140.));
#6249=CARTESIAN_POINT('Origin',(-48.,-1.5,55.0000000000001));
#6250=CARTESIAN_POINT('',(-53.,1.5,55.0000000000001));
#6251=CARTESIAN_POINT('',(-53.,-1.5,55.0000000000001));
#6252=CARTESIAN_POINT('Origin',(-48.,1.5,55.0000000000001));
#6253=CARTESIAN_POINT('Origin',(1.33226762955019E-14,1.5,-2.0112469999821E-14));
#6254=CARTESIAN_POINT('',(0.,0.,0.));
#6255=CARTESIAN_POINT('',(0.,0.,0.));
#6256=CARTESIAN_POINT('Origin',(2.45354033206312E-15,0.,13.2501398850008));
#6257=CARTESIAN_POINT('',(4.85,-5.93953697586467E-16,13.6501398850008));
#6258=CARTESIAN_POINT('Origin',(2.45354033206312E-15,-1.42661093923447E-32,
13.6501398850008));
#6259=CARTESIAN_POINT('',(4.45,-5.44967825620572E-16,13.2501398850008));
#6260=CARTESIAN_POINT('Origin',(4.85,-5.93953697586466E-16,13.2501398850008));
#6261=CARTESIAN_POINT('Origin',(2.45354033206312E-15,0.,13.2501398850008));
#6262=CARTESIAN_POINT('Origin',(-0.544154538415511,-0.712516538524298,13.6501398850008));
#6263=CARTESIAN_POINT('',(4.61880215351701,-8.,13.6501398850008));
#6264=CARTESIAN_POINT('',(9.23760430703401,1.1312802546399E-15,13.6501398850008));
#6265=CARTESIAN_POINT('',(4.61880215351701,-8.,13.6501398850008));
#6266=CARTESIAN_POINT('',(-4.618802153517,-8.,13.6501398850008));
#6267=CARTESIAN_POINT('',(-4.618802153517,-8.,13.6501398850008));
#6268=CARTESIAN_POINT('',(-9.23760430703401,-2.25792974327833E-15,13.6501398850008));
#6269=CARTESIAN_POINT('',(-9.23760430703401,-2.22044604925031E-15,13.6501398850008));
#6270=CARTESIAN_POINT('',(-4.618802153517,8.,13.6501398850008));
#6271=CARTESIAN_POINT('',(-4.618802153517,8.,13.6501398850008));
#6272=CARTESIAN_POINT('',(4.61880215351701,8.,13.6501398850008));
#6273=CARTESIAN_POINT('',(4.61880215351701,8.,13.6501398850008));
#6274=CARTESIAN_POINT('',(9.23760430703401,1.11022302462516E-15,13.6501398850008));
#6275=CARTESIAN_POINT('Origin',(1.16548435584457E-15,0.,2.12645385708226));
#6276=CARTESIAN_POINT('',(4.45,-5.44967825620572E-16,-9.3972321708363));
#6277=CARTESIAN_POINT('Origin',(-1.68889215925882E-16,0.,-9.3972321708363));
#6278=CARTESIAN_POINT('',(4.45,-5.44967825620572E-16,2.12645385708226));
#6279=CARTESIAN_POINT('Origin',(2.49985792761502E-15,-2.49942130248624E-31,
20.0501398850008));
#6280=CARTESIAN_POINT('',(6.,7.34788079488412E-16,20.0501398850008));
#6281=CARTESIAN_POINT('Origin',(2.49985792761502E-15,-2.49942130248624E-31,
20.0501398850008));
#6282=CARTESIAN_POINT('',(6.,7.34788079488412E-16,18.7701398850008));
#6283=CARTESIAN_POINT('',(6.,-7.34788079488412E-16,20.0501398850008));
#6284=CARTESIAN_POINT('Origin',(2.49985792761502E-15,-2.49942130248624E-31,
18.7701398850008));
#6285=CARTESIAN_POINT('Origin',(2.49985792761502E-15,-2.49942130248624E-31,
18.7701398850008));
#6286=CARTESIAN_POINT('Origin',(-5.72971764453099E-17,0.,19.6928742950927));
#6287=CARTESIAN_POINT('',(4.618802153517,8.,19.3356087051845));
#6288=CARTESIAN_POINT('',(6.92820323027551,4.,20.0501398850008));
#6289=CARTESIAN_POINT('Ctrl Pts',(4.61880215351701,8.,19.3356087051845));
#6290=CARTESIAN_POINT('Ctrl Pts',(5.85640646055101,5.85640646055103,20.0501398850008));
#6291=CARTESIAN_POINT('Ctrl Pts',(6.92820323027551,4.,20.0501398850008));
#6292=CARTESIAN_POINT('',(1.4912062462367E-15,8.,20.0501398850008));
#6293=CARTESIAN_POINT('Ctrl Pts',(1.4912062462367E-15,8.,20.0501398850008));
#6294=CARTESIAN_POINT('Ctrl Pts',(2.14359353944901,8.,20.0501398850008));
#6295=CARTESIAN_POINT('Ctrl Pts',(4.61880215351701,8.,19.3356087051845));
#6296=CARTESIAN_POINT('Origin',(-5.45626504382685E-17,0.,20.0501398850008));
#6297=CARTESIAN_POINT('Origin',(-5.72971764453099E-17,0.,19.6928742950927));
#6298=CARTESIAN_POINT('',(-6.92820323027551,4.,20.0501398850008));
#6299=CARTESIAN_POINT('',(-4.618802153517,8.,19.3356087051845));
#6300=CARTESIAN_POINT('Ctrl Pts',(-6.92820323027551,4.,20.0501398850008));
#6301=CARTESIAN_POINT('Ctrl Pts',(-5.85640646055102,5.85640646055102,20.0501398850008));
#6302=CARTESIAN_POINT('Ctrl Pts',(-4.618802153517,8.00000000000001,19.3356087051845));
#6303=CARTESIAN_POINT('Origin',(-5.45626504382685E-17,0.,20.0501398850008));
#6304=CARTESIAN_POINT('Ctrl Pts',(-4.61880215351701,8.,19.3356087051845));
#6305=CARTESIAN_POINT('Ctrl Pts',(-2.14359353944901,8.,20.0501398850008));
#6306=CARTESIAN_POINT('Ctrl Pts',(1.4912062462367E-15,8.,20.0501398850008));
#6307=CARTESIAN_POINT('Origin',(-5.72971764453099E-17,0.,19.6928742950927));
#6308=CARTESIAN_POINT('',(9.23760430703401,0.,19.3356087051845));
#6309=CARTESIAN_POINT('',(6.92820323027551,-4.,20.0501398850008));
#6310=CARTESIAN_POINT('Ctrl Pts',(9.23760430703401,-2.97483362866749E-15,
19.3356087051845));
#6311=CARTESIAN_POINT('Ctrl Pts',(8.00000000000001,-2.14359353944897,20.0501398850008));
#6312=CARTESIAN_POINT('Ctrl Pts',(6.92820323027551,-4.,20.0501398850008));
#6313=CARTESIAN_POINT('Ctrl Pts',(6.92820323027551,4.,20.0501398850008));
#6314=CARTESIAN_POINT('Ctrl Pts',(8.00000000000001,2.14359353944897,20.0501398850008));
#6315=CARTESIAN_POINT('Ctrl Pts',(9.23760430703401,3.56980035440099E-15,
19.3356087051845));
#6316=CARTESIAN_POINT('Origin',(-5.45626504382685E-17,0.,20.0501398850008));
#6317=CARTESIAN_POINT('Origin',(-5.72971764453099E-17,0.,19.6928742950927));
#6318=CARTESIAN_POINT('',(4.61880215351701,-8.,19.3356087051845));
#6319=CARTESIAN_POINT('',(3.79136272232886E-15,-8.,20.0501398850008));
#6320=CARTESIAN_POINT('Ctrl Pts',(4.61880215351701,-8.,19.3356087051845));
#6321=CARTESIAN_POINT('Ctrl Pts',(2.14359353944901,-8.,20.0501398850008));
#6322=CARTESIAN_POINT('Ctrl Pts',(3.79136272232886E-15,-8.,20.0501398850008));
#6323=CARTESIAN_POINT('Ctrl Pts',(6.92820323027551,-4.,20.0501398850008));
#6324=CARTESIAN_POINT('Ctrl Pts',(5.85640646055101,-5.85640646055104,20.0501398850008));
#6325=CARTESIAN_POINT('Ctrl Pts',(4.61880215351701,-8.,19.3356087051845));
#6326=CARTESIAN_POINT('Origin',(-5.45626504382685E-17,0.,20.0501398850008));
#6327=CARTESIAN_POINT('Origin',(-5.72971764453099E-17,0.,19.6928742950927));
#6328=CARTESIAN_POINT('',(-6.92820323027551,-4.,20.0501398850008));
#6329=CARTESIAN_POINT('',(-9.23760430703401,2.22044604925031E-15,19.3356087051845));
#6330=CARTESIAN_POINT('Ctrl Pts',(-6.92820323027551,-4.,20.0501398850008));
#6331=CARTESIAN_POINT('Ctrl Pts',(-8.,-2.14359353944898,20.0501398850008));
#6332=CARTESIAN_POINT('Ctrl Pts',(-9.23760430703402,1.01144343374695E-14,
19.3356087051845));
#6333=CARTESIAN_POINT('Origin',(-5.45626504382685E-17,0.,20.0501398850008));
#6334=CARTESIAN_POINT('Ctrl Pts',(-9.23760430703402,-1.9038935223472E-14,
19.3356087051845));
#6335=CARTESIAN_POINT('Ctrl Pts',(-8.,2.14359353944898,20.0501398850008));
#6336=CARTESIAN_POINT('Ctrl Pts',(-6.92820323027551,4.,20.0501398850008));
#6337=CARTESIAN_POINT('Origin',(-5.72971764453099E-17,0.,19.6928742950927));
#6338=CARTESIAN_POINT('',(-4.618802153517,-8.,19.3356087051845));
#6339=CARTESIAN_POINT('Ctrl Pts',(3.79136272232886E-15,-8.,20.0501398850008));
#6340=CARTESIAN_POINT('Ctrl Pts',(-2.143593539449,-8.,20.0501398850008));
#6341=CARTESIAN_POINT('Ctrl Pts',(-4.61880215351701,-8.,19.3356087051845));
#6342=CARTESIAN_POINT('Origin',(-5.45626504382685E-17,0.,20.0501398850008));
#6343=CARTESIAN_POINT('Ctrl Pts',(-4.618802153517,-8.00000000000001,19.3356087051845));
#6344=CARTESIAN_POINT('Ctrl Pts',(-5.85640646055101,-5.85640646055102,20.0501398850008));
#6345=CARTESIAN_POINT('Ctrl Pts',(-6.92820323027551,-4.,20.0501398850008));
#6346=CARTESIAN_POINT('Origin',(-4.618802153517,-8.,13.6501398850008));
#6347=CARTESIAN_POINT('',(-9.23760430703401,-2.25792974327833E-15,13.6501398850008));
#6348=CARTESIAN_POINT('',(-4.618802153517,-8.,13.6501398850008));
#6349=CARTESIAN_POINT('Origin',(-9.23760430703401,-2.25792974327833E-15,
13.6501398850008));
#6350=CARTESIAN_POINT('',(-4.618802153517,8.,13.6501398850008));
#6351=CARTESIAN_POINT('Origin',(1.03228694913632E-15,8.,13.6501398850008));
#6352=CARTESIAN_POINT('',(4.61880215351701,8.,13.6501398850008));
#6353=CARTESIAN_POINT('Origin',(9.23760430703401,1.1312802546399E-15,13.6501398850008));
#6354=CARTESIAN_POINT('',(4.61880215351701,-8.,13.6501398850008));
#6355=CARTESIAN_POINT('',(9.23760430703401,1.1312802546399E-15,13.6501398850008));
#6356=CARTESIAN_POINT('Origin',(2.99172182777208E-15,-8.,13.6501398850008));
#6357=CARTESIAN_POINT('Origin',(-0.544154538415511,-0.712516538524299,20.0501398850008));
#6358=CARTESIAN_POINT('Origin',(4.61880215351701,8.,13.6501398850008));
#6359=CARTESIAN_POINT('Origin',(-2.24043510712346E-16,0.,-9.87354614291774));
#6360=CARTESIAN_POINT('',(5.,-6.12323399573677E-16,-10.3498601149992));
#6361=CARTESIAN_POINT('Origin',(-2.7919780549881E-16,0.,-10.3498601149992));
#6362=CARTESIAN_POINT('',(4.725,-5.78645612597125E-16,-9.87354614291774));
#6363=CARTESIAN_POINT('Origin',(-1.74109691510556E-15,0.,-22.9748601149992));
#6364=CARTESIAN_POINT('',(5.,-6.12323399573677E-16,-35.5998601149992));
#6365=CARTESIAN_POINT('Origin',(-3.20299602471231E-15,0.,-35.5998601149992));
#6366=CARTESIAN_POINT('',(5.,-6.12323399573677E-16,-22.9748601149992));
#6367=CARTESIAN_POINT('Origin',(-3.24641877054222E-15,0.,-35.9748601149992));
#6368=CARTESIAN_POINT('',(4.25,-5.20474889637625E-16,-36.3498601149992));
#6369=CARTESIAN_POINT('Origin',(-3.28984151637212E-15,0.,-36.3498601149992));
#6370=CARTESIAN_POINT('',(4.625,-5.66399144605651E-16,-35.9748601149992));
#6371=CARTESIAN_POINT('Origin',(-2.125,0.,-36.3498601149992));
#6372=CARTESIAN_POINT('',(0.,132.5,0.));
#6373=CARTESIAN_POINT('',(-6.12748507732785,161.584712561341,-313.629407873747));
#6374=CARTESIAN_POINT('',(48.,272.5,-12.1501398850008));
#6375=CARTESIAN_POINT('',(-48.,272.5,-12.1501398850008));
#6376=CARTESIAN_POINT('',(48.,187.5,-12.1501398850008));
#6377=CARTESIAN_POINT('',(-48.,187.5,-12.1501398850008));
#6378=CARTESIAN_POINT('',(0.,0.,0.));
#6379=CARTESIAN_POINT('Origin',(2.66453525910038E-14,52.,-5.));
#6380=CARTESIAN_POINT('',(71.8585786437626,57.,-5.00000000000001));
#6381=CARTESIAN_POINT('',(-71.8585786437626,57.,-5.00000000000001));
#6382=CARTESIAN_POINT('',(1.80405620244168E-14,57.,-5.));
#6383=CARTESIAN_POINT('',(66.8585786437627,52.,1.11022302462516E-15));
#6384=CARTESIAN_POINT('Origin',(66.8585786437626,52.,-5.));
#6385=CARTESIAN_POINT('',(-66.8585786437626,52.,-5.55111512312578E-16));
#6386=CARTESIAN_POINT('',(-33.5,52.,0.));
#6387=CARTESIAN_POINT('Origin',(-66.8585786437626,52.,-5.));
#6388=CARTESIAN_POINT('Origin',(8.88178419700125E-15,60.,-8.86773030827637));
#6389=CARTESIAN_POINT('',(-71.8585786437626,60.,-5.00000000000001));
#6390=CARTESIAN_POINT('',(71.8585786437626,60.,-5.00000000000001));
#6391=CARTESIAN_POINT('',(1.776285296124E-14,60.,-5.));
#6392=CARTESIAN_POINT('',(71.8585786437626,60.,-22.));
#6393=CARTESIAN_POINT('',(71.8585786437626,60.,-5.00000000000001));
#6394=CARTESIAN_POINT('',(-71.8585786437626,60.,-22.));
#6395=CARTESIAN_POINT('',(71.8585786437626,60.,-22.));
#6396=CARTESIAN_POINT('',(-71.8585786437626,60.,-5.00000000000001));
#6397=CARTESIAN_POINT('Origin',(-71.8585786437626,60.,-22.));
#6398=CARTESIAN_POINT('',(-71.8585786437626,57.,-22.));
#6399=CARTESIAN_POINT('',(-71.8585786437626,57.,-5.00000000000001));
#6400=CARTESIAN_POINT('',(-71.8585786437626,60.,-5.00000000000001));
#6401=CARTESIAN_POINT('',(-71.8585786437626,60.,-22.));
#6402=CARTESIAN_POINT('Ctrl Pts',(-66.8585786437626,52.,3.));
#6403=CARTESIAN_POINT('Ctrl Pts',(-66.8585786437626,52.,2.));
#6404=CARTESIAN_POINT('Ctrl Pts',(-66.8585786437626,52.,0.999999999999999));
#6405=CARTESIAN_POINT('Ctrl Pts',(-66.8585786437626,52.,-1.11022302462516E-15));
#6406=CARTESIAN_POINT('Ctrl Pts',(-67.9805760200446,53.7951958020513,3.));
#6407=CARTESIAN_POINT('Ctrl Pts',(-67.9805760200446,53.5705168085578,1.9989731136148));
#6408=CARTESIAN_POINT('Ctrl Pts',(-67.9805760200446,53.3466763697756,1.00102688638519));
#6409=CARTESIAN_POINT('Ctrl Pts',(-67.9805760200446,53.1219973762821,-3.11235947104335E-15));
#6410=CARTESIAN_POINT('Ctrl Pts',(-69.843979451098,56.7766412917367,1.95209624798517));
#6411=CARTESIAN_POINT('Ctrl Pts',(-69.843979451098,56.1795633731016,1.08318979789787));
#6412=CARTESIAN_POINT('Ctrl Pts',(-69.843979451098,55.5824787259706,0.213966605078031));
#6413=CARTESIAN_POINT('Ctrl Pts',(-69.843979451098,54.9854008073355,-0.654939845009268));
#6414=CARTESIAN_POINT('Ctrl Pts',(-71.5161701707779,59.4521464432245,-1.41552174597348));
#6415=CARTESIAN_POINT('Ctrl Pts',(-71.5161701707779,58.5204551183212,-1.86401530107176));
#6416=CARTESIAN_POINT('Ctrl Pts',(-71.5161701707779,57.5892828519185,-2.31120753613515));
#6417=CARTESIAN_POINT('Ctrl Pts',(-71.5161701707779,56.6575915270153,-2.75970109123343));
#6418=CARTESIAN_POINT('Ctrl Pts',(-71.8585786437626,60.,-3.80320279863247));
#6419=CARTESIAN_POINT('Ctrl Pts',(-71.8585786437626,58.9998322066126,-3.95292326829707));
#6420=CARTESIAN_POINT('Ctrl Pts',(-71.8585786437626,58.0001677933874,-4.10228127948069));
#6421=CARTESIAN_POINT('Ctrl Pts',(-71.8585786437626,57.,-4.2520017491453));
#6422=CARTESIAN_POINT('Ctrl Pts',(-71.8585786437626,60.,-5.00000000000001));
#6423=CARTESIAN_POINT('Ctrl Pts',(-71.8585786437626,59.,-5.00000000000001));
#6424=CARTESIAN_POINT('Ctrl Pts',(-71.8585786437626,58.,-5.00000000000001));
#6425=CARTESIAN_POINT('Ctrl Pts',(-71.8585786437626,57.,-5.00000000000001));
#6426=CARTESIAN_POINT('',(-66.8585786437626,52.,1.32000000000707));
#6427=CARTESIAN_POINT('',(-66.8585786437626,52.,3.));
#6428=CARTESIAN_POINT('',(-66.8585786437626,52.,3.));
#6429=CARTESIAN_POINT('',(-66.8585786437626,52.,3.));
#6430=CARTESIAN_POINT('Ctrl Pts',(-66.8585786437626,52.,3.));
#6431=CARTESIAN_POINT('Ctrl Pts',(-67.9805760200446,53.7951958020513,3.));
#6432=CARTESIAN_POINT('Ctrl Pts',(-69.843979451098,56.7766412917367,1.95209624798517));
#6433=CARTESIAN_POINT('Ctrl Pts',(-71.5161701707779,59.4521464432245,-1.41552174597348));
#6434=CARTESIAN_POINT('Ctrl Pts',(-71.8585786437626,60.,-3.80320279863247));
#6435=CARTESIAN_POINT('Ctrl Pts',(-71.8585786437626,60.,-5.00000000000001));
#6436=CARTESIAN_POINT('Ctrl Pts',(71.8585786437626,60.,-5.00000000000001));
#6437=CARTESIAN_POINT('Ctrl Pts',(71.8585786437626,59.,-5.00000000000001));
#6438=CARTESIAN_POINT('Ctrl Pts',(71.8585786437626,58.,-5.00000000000001));
#6439=CARTESIAN_POINT('Ctrl Pts',(71.8585786437626,57.,-5.00000000000001));
#6440=CARTESIAN_POINT('Ctrl Pts',(71.8585786437626,60.,-3.2048041979487));
#6441=CARTESIAN_POINT('Ctrl Pts',(71.8585786437626,58.9989731136148,-3.42948319144221));
#6442=CARTESIAN_POINT('Ctrl Pts',(71.8585786437626,58.0010268863852,-3.65332363022443));
#6443=CARTESIAN_POINT('Ctrl Pts',(71.8585786437626,57.,-3.87800262371794));
#6444=CARTESIAN_POINT('Ctrl Pts',(71.2036387987533,58.9520962479852,-0.223358708263228));
#6445=CARTESIAN_POINT('Ctrl Pts',(71.2036387987533,58.0831897978979,-0.820436626898358));
#6446=CARTESIAN_POINT('Ctrl Pts',(71.2036387987533,57.213966605078,-1.41752127402939));
#6447=CARTESIAN_POINT('Ctrl Pts',(71.2036387987533,56.3450601549907,-2.01459919266452));
#6448=CARTESIAN_POINT('Ctrl Pts',(69.0988775525292,55.5844782540265,2.45214644322446));
#6449=CARTESIAN_POINT('Ctrl Pts',(69.0988775525292,55.1359846989283,1.52045511832123));
#6450=CARTESIAN_POINT('Ctrl Pts',(69.0988775525292,54.6887924638649,0.589282851918513));
#6451=CARTESIAN_POINT('Ctrl Pts',(69.0988775525292,54.2402989087666,-0.342408472984714));
#6452=CARTESIAN_POINT('Ctrl Pts',(67.6065768946173,53.1967972013675,3.));
#6453=CARTESIAN_POINT('Ctrl Pts',(67.6065768946173,53.0470767317029,1.99983220661259));
#6454=CARTESIAN_POINT('Ctrl Pts',(67.6065768946173,52.8977187205193,1.00016779338741));
#6455=CARTESIAN_POINT('Ctrl Pts',(67.6065768946173,52.7479982508547,-2.44498065557062E-15));
#6456=CARTESIAN_POINT('Ctrl Pts',(66.8585786437626,52.,3.));
#6457=CARTESIAN_POINT('Ctrl Pts',(66.8585786437626,52.,2.));
#6458=CARTESIAN_POINT('Ctrl Pts',(66.8585786437626,52.,0.999999999999999));
#6459=CARTESIAN_POINT('Ctrl Pts',(66.8585786437626,52.,-1.11022302462516E-15));
#6460=CARTESIAN_POINT('',(71.8585786437626,60.,-5.00000000000001));
#6461=CARTESIAN_POINT('',(66.8585786437627,52.,3.));
#6462=CARTESIAN_POINT('Ctrl Pts',(66.8585786437626,52.,3.));
#6463=CARTESIAN_POINT('Ctrl Pts',(67.6065768946173,53.1967972013675,3.));
#6464=CARTESIAN_POINT('Ctrl Pts',(68.3527272235733,54.390637727697,2.72607322161223));
#6465=CARTESIAN_POINT('Ctrl Pts',(69.0264825660833,55.468646275713,2.20689481077725));
#6466=CARTESIAN_POINT('Ctrl Pts',(69.7002379085933,56.546654823729,1.68771639994226));
#6467=CARTESIAN_POINT('Ctrl Pts',(70.3015982646573,57.5088313934315,0.923286356660067));
#6468=CARTESIAN_POINT('Ctrl Pts',(70.7672048534972,58.2538019355753,-0.012402947658927));
#6469=CARTESIAN_POINT('Ctrl Pts',(71.465614736757,59.3712577487911,-1.41593690413742));
#6470=CARTESIAN_POINT('Ctrl Pts',(71.8585786437626,60.,-3.2048041979487));
#6471=CARTESIAN_POINT('Ctrl Pts',(71.8585786437626,60.,-5.00000000000001));
#6472=CARTESIAN_POINT('',(66.8585786437627,52.,1.32000000000516));
#6473=CARTESIAN_POINT('',(66.8585786437627,52.,3.));
#6474=CARTESIAN_POINT('',(66.8585786437627,52.,3.));
#6475=CARTESIAN_POINT('Origin',(71.8585786437626,60.,-5.00000000000001));
#6476=CARTESIAN_POINT('',(71.8585786437626,57.,-22.));
#6477=CARTESIAN_POINT('',(71.8585786437626,57.,-5.00000000000001));
#6478=CARTESIAN_POINT('',(71.8585786437626,60.,-22.));
#6479=CARTESIAN_POINT('Origin',(71.8585786437626,60.,-22.));
#6480=CARTESIAN_POINT('',(71.8585786437626,57.,-22.));
#6481=CARTESIAN_POINT('Origin',(9.43689570931383E-15,57.,-8.86773030827637));
#6482=CARTESIAN_POINT('Origin',(2.66453525910038E-14,52.,-5.));
#6483=CARTESIAN_POINT('',(-33.5,52.,3.));
#6484=CARTESIAN_POINT('Origin',(66.9999999999999,-4.07071067811864,-5.));
#6485=CARTESIAN_POINT('',(72.,-60.,-5.));
#6486=CARTESIAN_POINT('',(71.9999999999999,56.8585786437627,-4.99999999999999));
#6487=CARTESIAN_POINT('',(71.9999999999999,-3.20606260020053,-5.));
#6488=CARTESIAN_POINT('',(67.,-60.,-5.55111512312578E-16));
#6489=CARTESIAN_POINT('Origin',(67.,-60.,-5.));
#6490=CARTESIAN_POINT('',(66.9999999999999,51.8585786437627,1.11022302462516E-15));
#6491=CARTESIAN_POINT('',(67.,26.,0.));
#6492=CARTESIAN_POINT('Origin',(66.9999999999999,51.8585786437627,-5.00000000000001));
#6493=CARTESIAN_POINT('Origin',(74.9999999999999,-2.34141452228241,-8.73125769117831));
#6494=CARTESIAN_POINT('',(74.9999999999999,56.8585786437627,-4.99999999999999));
#6495=CARTESIAN_POINT('',(75.,-60.,-5.));
#6496=CARTESIAN_POINT('',(74.9999999999999,-3.20606260020052,-5.));
#6497=CARTESIAN_POINT('',(75.,-60.,-22.0000000000001));
#6498=CARTESIAN_POINT('',(75.,-60.,4.92743278534372));
#6499=CARTESIAN_POINT('',(74.9999999999999,56.8585786437627,-22.));
#6500=CARTESIAN_POINT('',(75.,-60.,-22.0000000000001));
#6501=CARTESIAN_POINT('',(74.9999999999999,56.8585786437627,-4.99999999999999));
#6502=CARTESIAN_POINT('Origin',(75.,-60.,-5.));
#6503=CARTESIAN_POINT('',(74.16,-60.,-5.));
#6504=CARTESIAN_POINT('',(67.,-60.,3.));
#6505=CARTESIAN_POINT('Origin',(67.,-60.,-5.));
#6506=CARTESIAN_POINT('',(67.,-60.,1.5));
#6507=CARTESIAN_POINT('Origin',(74.9999999999999,56.8585786437627,-22.));
#6508=CARTESIAN_POINT('',(71.9999999999999,56.8585786437627,-22.));
#6509=CARTESIAN_POINT('',(71.9999999999999,56.8585786437627,-4.99999999999999));
#6510=CARTESIAN_POINT('',(74.9999999999999,56.8585786437627,-4.99999999999999));
#6511=CARTESIAN_POINT('',(74.9999999999999,56.8585786437627,-22.));
#6512=CARTESIAN_POINT('Ctrl Pts',(66.9999999999999,51.8585786437627,3.));
#6513=CARTESIAN_POINT('Ctrl Pts',(66.9999999999999,51.8585786437627,2.));
#6514=CARTESIAN_POINT('Ctrl Pts',(66.9999999999999,51.8585786437627,1.));
#6515=CARTESIAN_POINT('Ctrl Pts',(66.9999999999999,51.8585786437627,-5.55111512312578E-16));
#6516=CARTESIAN_POINT('Ctrl Pts',(68.7951958020512,52.9805760200448,3.));
#6517=CARTESIAN_POINT('Ctrl Pts',(68.5705168085577,52.9805760200448,1.9989731136148));
#6518=CARTESIAN_POINT('Ctrl Pts',(68.3466763697755,52.9805760200448,1.0010268863852));
#6519=CARTESIAN_POINT('Ctrl Pts',(68.121997376282,52.9805760200448,-4.87585896505556E-16));
#6520=CARTESIAN_POINT('Ctrl Pts',(71.7766412917367,54.8439794510983,1.95209624798519));
#6521=CARTESIAN_POINT('Ctrl Pts',(71.1795633731016,54.8439794510983,1.08318979789789));
#6522=CARTESIAN_POINT('Ctrl Pts',(70.5824787259705,54.8439794510983,0.21396660507804));
#6523=CARTESIAN_POINT('Ctrl Pts',(69.9854008073354,54.8439794510983,-0.654939845009258));
#6524=CARTESIAN_POINT('Ctrl Pts',(74.4521464432244,56.516170170778,-1.41552174597345));
#6525=CARTESIAN_POINT('Ctrl Pts',(73.5204551183212,56.516170170778,-1.86401530107173));
#6526=CARTESIAN_POINT('Ctrl Pts',(72.5892828519184,56.516170170778,-2.31120753613512));
#6527=CARTESIAN_POINT('Ctrl Pts',(71.6575915270152,56.516170170778,-2.75970109123341));
#6528=CARTESIAN_POINT('Ctrl Pts',(74.9999999999999,56.8585786437627,-3.80320279863243));
#6529=CARTESIAN_POINT('Ctrl Pts',(73.9998322066125,56.8585786437627,-3.95292326829703));
#6530=CARTESIAN_POINT('Ctrl Pts',(73.0001677933873,56.8585786437627,-4.10228127948067));
#6531=CARTESIAN_POINT('Ctrl Pts',(71.9999999999999,56.8585786437627,-4.25200174914527));
#6532=CARTESIAN_POINT('Ctrl Pts',(74.9999999999999,56.8585786437627,-4.99999999999997));
#6533=CARTESIAN_POINT('Ctrl Pts',(73.9999999999999,56.8585786437627,-4.99999999999997));
#6534=CARTESIAN_POINT('Ctrl Pts',(72.9999999999999,56.8585786437627,-4.99999999999998));
#6535=CARTESIAN_POINT('Ctrl Pts',(71.9999999999999,56.8585786437627,-4.99999999999998));
#6536=CARTESIAN_POINT('',(66.9999999999999,51.8585786437628,1.31999999999945));
#6537=CARTESIAN_POINT('',(66.9999999999999,51.8585786437628,3.));
#6538=CARTESIAN_POINT('',(66.9999999999999,51.8585786437627,3.));
#6539=CARTESIAN_POINT('',(66.9999999999999,51.8585786437628,3.));
#6540=CARTESIAN_POINT('Ctrl Pts',(66.9999999999999,51.8585786437627,3.));
#6541=CARTESIAN_POINT('Ctrl Pts',(68.7951958020512,52.9805760200448,3.));
#6542=CARTESIAN_POINT('Ctrl Pts',(71.7766412917367,54.8439794510983,1.95209624798519));
#6543=CARTESIAN_POINT('Ctrl Pts',(74.4521464432244,56.516170170778,-1.41552174597345));
#6544=CARTESIAN_POINT('Ctrl Pts',(74.9999999999999,56.8585786437627,-3.80320279863243));
#6545=CARTESIAN_POINT('Ctrl Pts',(74.9999999999999,56.8585786437627,-4.99999999999997));
#6546=CARTESIAN_POINT('Origin',(75.,-60.,-5.00000000000005));
#6547=CARTESIAN_POINT('',(72.,-60.,-22.0000000000001));
#6548=CARTESIAN_POINT('',(72.,-60.,-5.00000000000005));
#6549=CARTESIAN_POINT('',(75.,-60.,-22.0000000000001));
#6550=CARTESIAN_POINT('Origin',(75.,-60.,-22.0000000000001));
#6551=CARTESIAN_POINT('',(72.,-60.,-22.0000000000001));
#6552=CARTESIAN_POINT('Origin',(71.9999999999999,-2.34141452228242,-8.73125769117831));
#6553=CARTESIAN_POINT('Origin',(66.9999999999999,-4.07071067811864,-5.));
#6554=CARTESIAN_POINT('',(67.,26.,3.));
#6555=CARTESIAN_POINT('Origin',(-66.9999999999999,-4.07071067811868,-5.));
#6556=CARTESIAN_POINT('',(-71.9999999999999,56.8585786437627,-5.00000000000006));
#6557=CARTESIAN_POINT('',(-72.,-60.,-5.));
#6558=CARTESIAN_POINT('',(-71.9999999999999,-3.20606260020055,-5.));
#6559=CARTESIAN_POINT('',(-67.,51.8585786437627,-5.55111512312578E-16));
#6560=CARTESIAN_POINT('Origin',(-66.9999999999999,51.8585786437627,-5.));
#6561=CARTESIAN_POINT('',(-67.,-60.,-5.55111512312578E-16));
#6562=CARTESIAN_POINT('',(-67.,-30.,0.));
#6563=CARTESIAN_POINT('Origin',(-67.,-60.,-5.));
#6564=CARTESIAN_POINT('Origin',(-75.,-60.,-5.));
#6565=CARTESIAN_POINT('',(-75.,-60.,-5.));
#6566=CARTESIAN_POINT('',(-74.16,-60.,-5.));
#6567=CARTESIAN_POINT('',(-75.,-60.,-22.));
#6568=CARTESIAN_POINT('',(-75.,-60.,4.92743278534371));
#6569=CARTESIAN_POINT('',(-72.,-60.,-22.));
#6570=CARTESIAN_POINT('',(-75.,-60.,-22.));
#6571=CARTESIAN_POINT('',(-72.,-60.,4.92743278534371));
#6572=CARTESIAN_POINT('Origin',(-74.9999999999999,-2.34141452228242,-8.73125769117832));
#6573=CARTESIAN_POINT('',(-74.9999999999999,56.8585786437627,-5.00000000000006));
#6574=CARTESIAN_POINT('',(-74.9999999999999,-3.20606260020055,-5.));
#6575=CARTESIAN_POINT('',(-74.9999999999999,56.8585786437627,-22.0000000000001));
#6576=CARTESIAN_POINT('',(-74.9999999999999,56.8585786437627,-5.00000000000006));
#6577=CARTESIAN_POINT('',(-74.9999999999999,56.8585786437627,-22.0000000000001));
#6578=CARTESIAN_POINT('Origin',(-72.,-60.,-5.));
#6579=CARTESIAN_POINT('',(-67.,-60.,3.));
#6580=CARTESIAN_POINT('',(-67.,-60.,1.5));
#6581=CARTESIAN_POINT('Origin',(-67.,-60.,-5.));
#6582=CARTESIAN_POINT('Ctrl Pts',(-74.9999999999999,56.8585786437627,-5.00000000000007));
#6583=CARTESIAN_POINT('Ctrl Pts',(-73.9999999999999,56.8585786437627,-5.00000000000006));
#6584=CARTESIAN_POINT('Ctrl Pts',(-72.9999999999999,56.8585786437626,-5.00000000000005));
#6585=CARTESIAN_POINT('Ctrl Pts',(-71.9999999999999,56.8585786437626,-5.00000000000004));
#6586=CARTESIAN_POINT('Ctrl Pts',(-74.9999999999999,56.8585786437627,-3.20480419794876));
#6587=CARTESIAN_POINT('Ctrl Pts',(-73.9989731136147,56.8585786437627,-3.42948319144226));
#6588=CARTESIAN_POINT('Ctrl Pts',(-73.0010268863851,56.8585786437626,-3.65332363022448));
#6589=CARTESIAN_POINT('Ctrl Pts',(-71.9999999999999,56.8585786437626,-3.87800262371798));
#6590=CARTESIAN_POINT('Ctrl Pts',(-73.9520962479851,56.2036387987534,-0.223358708263288));
#6591=CARTESIAN_POINT('Ctrl Pts',(-73.0831897978978,56.2036387987534,-0.820436626898416));
#6592=CARTESIAN_POINT('Ctrl Pts',(-72.2139666050779,56.2036387987534,-1.41752127402943));
#6593=CARTESIAN_POINT('Ctrl Pts',(-71.3450601549906,56.2036387987534,-2.01459919266456));
#6594=CARTESIAN_POINT('Ctrl Pts',(-70.5844782540265,54.0988775525292,2.45214644322443));
#6595=CARTESIAN_POINT('Ctrl Pts',(-70.1359846989282,54.0988775525292,1.52045511832121));
#6596=CARTESIAN_POINT('Ctrl Pts',(-69.6887924638648,54.0988775525292,0.589282851918486));
#6597=CARTESIAN_POINT('Ctrl Pts',(-69.2402989087665,54.0988775525292,-0.342408472984733));
#6598=CARTESIAN_POINT('Ctrl Pts',(-68.1967972013675,52.6065768946174,2.99999999999999));
#6599=CARTESIAN_POINT('Ctrl Pts',(-68.0470767317029,52.6065768946174,1.99983220661257));
#6600=CARTESIAN_POINT('Ctrl Pts',(-67.8977187205193,52.6065768946174,1.0001677933874));
#6601=CARTESIAN_POINT('Ctrl Pts',(-67.7479982508547,52.6065768946174,-9.81107709646425E-15));
#6602=CARTESIAN_POINT('Ctrl Pts',(-67.,51.8585786437627,3.));
#6603=CARTESIAN_POINT('Ctrl Pts',(-67.,51.8585786437627,2.));
#6604=CARTESIAN_POINT('Ctrl Pts',(-67.,51.8585786437627,1.));
#6605=CARTESIAN_POINT('Ctrl Pts',(-66.9999999999999,51.8585786437627,-5.55111512312578E-16));
#6606=CARTESIAN_POINT('',(-74.9999999999999,56.8585786437627,-5.00000000000006));
#6607=CARTESIAN_POINT('',(-67.,51.8585786437627,3.));
#6608=CARTESIAN_POINT('Ctrl Pts',(-67.,51.8585786437627,3.));
#6609=CARTESIAN_POINT('Ctrl Pts',(-68.1967972013675,52.6065768946174,2.99999999999999));
#6610=CARTESIAN_POINT('Ctrl Pts',(-69.390637727697,53.3527272235733,2.72607322161221));
#6611=CARTESIAN_POINT('Ctrl Pts',(-70.468646275713,54.0264825660833,2.20689481077721));
#6612=CARTESIAN_POINT('Ctrl Pts',(-71.5466548237289,54.7002379085933,1.68771639994222));
#6613=CARTESIAN_POINT('Ctrl Pts',(-72.5088313934314,55.3015982646573,0.923286356660019));
#6614=CARTESIAN_POINT('Ctrl Pts',(-73.2538019355753,55.7672048534972,-0.0124029476589801));
#6615=CARTESIAN_POINT('Ctrl Pts',(-74.371257748791,56.4656147367571,-1.41593690413748));
#6616=CARTESIAN_POINT('Ctrl Pts',(-74.9999999999999,56.8585786437627,-3.20480419794876));
#6617=CARTESIAN_POINT('Ctrl Pts',(-74.9999999999999,56.8585786437627,-5.00000000000007));
#6618=CARTESIAN_POINT('',(-66.9999999999999,51.8585786437627,1.31999999999884));
#6619=CARTESIAN_POINT('',(-66.9999999999999,51.8585786437627,3.));
#6620=CARTESIAN_POINT('',(-66.9999999999999,51.8585786437627,3.));
#6621=CARTESIAN_POINT('Origin',(-74.9999999999999,56.8585786437627,-5.00000000000006));
#6622=CARTESIAN_POINT('',(-71.9999999999999,56.8585786437627,-22.0000000000001));
#6623=CARTESIAN_POINT('',(-71.9999999999999,56.8585786437627,-5.00000000000006));
#6624=CARTESIAN_POINT('',(-74.9999999999999,56.8585786437627,-22.0000000000001));
#6625=CARTESIAN_POINT('Origin',(-74.9999999999999,56.8585786437627,-22.0000000000001));
#6626=CARTESIAN_POINT('',(-71.9999999999999,56.8585786437627,-22.0000000000001));
#6627=CARTESIAN_POINT('Origin',(-71.9999999999999,-2.34141452228242,-8.73125769117831));
#6628=CARTESIAN_POINT('Origin',(-66.9999999999999,-4.07071067811868,-5.));
#6629=CARTESIAN_POINT('',(-67.,-30.,3.));
#6630=CARTESIAN_POINT('Origin',(0.,-1.77635683940025E-14,0.));
#6631=CARTESIAN_POINT('Origin',(66.9375347366442,51.9375347366443,0.));
#6632=CARTESIAN_POINT('',(-75.,-60.,0.));
#6633=CARTESIAN_POINT('Origin',(-66.9375347366442,51.9375347366443,0.));
#6634=CARTESIAN_POINT('',(24.05,2.94527555194938E-15,0.));
#6635=CARTESIAN_POINT('Origin',(0.,0.,0.));
#6636=CARTESIAN_POINT('Origin',(66.9375347366442,51.9375347366443,3.));
#6637=CARTESIAN_POINT('Origin',(66.9375347366442,51.9375347366443,3.));
#6638=CARTESIAN_POINT('Origin',(0.,-1.77635683940025E-14,3.));
#6639=CARTESIAN_POINT('Origin',(-66.9375347366442,51.9375347366443,3.));
#6640=CARTESIAN_POINT('',(-75.,-60.,3.));
#6641=CARTESIAN_POINT('',(24.05,0.,3.));
#6642=CARTESIAN_POINT('Origin',(0.,0.,3.));
#6643=CARTESIAN_POINT('Origin',(-66.9375347366442,51.9375347366443,3.));
#6644=CARTESIAN_POINT('Origin',(-75.,-60.,0.));
#6645=CARTESIAN_POINT('Origin',(0.,0.,0.));
#6646=CARTESIAN_POINT('',(24.05,2.94527555194938E-15,0.));
#6647=CARTESIAN_POINT('',(0.,0.,0.));
#6648=CARTESIAN_POINT('Origin',(-20.,-12.,2.44929359829471E-15));
#6649=CARTESIAN_POINT('',(21.,-12.,-5.14351655641888E-15));
#6650=CARTESIAN_POINT('Origin',(0.,-12.,0.));
#6651=CARTESIAN_POINT('',(20.,-12.,-4.89858719658941E-15));
#6652=CARTESIAN_POINT('Origin',(0.,-12.,0.));
#6653=CARTESIAN_POINT('Origin',(0.,-13.5,0.));
#6654=CARTESIAN_POINT('',(20.,-15.,-4.89858719658941E-15));
#6655=CARTESIAN_POINT('',(20.,-13.5,-4.89858719658941E-15));
#6656=CARTESIAN_POINT('Origin',(0.,-15.,0.));
#6657=CARTESIAN_POINT('Origin',(-24.,-15.,2.93915231795365E-15));
#6658=CARTESIAN_POINT('',(24.,-15.,-5.8783046359073E-15));
#6659=CARTESIAN_POINT('Origin',(0.,-15.,0.));
#6660=CARTESIAN_POINT('Origin',(0.,6.5,0.));
#6661=CARTESIAN_POINT('',(24.,28.,-5.8783046359073E-15));
#6662=CARTESIAN_POINT('Origin',(0.,28.,0.));
#6663=CARTESIAN_POINT('',(24.,6.5,-5.8783046359073E-15));
#6664=CARTESIAN_POINT('Origin',(-20.,28.,2.4492935982947E-15));
#6665=CARTESIAN_POINT('',(20.,28.,-4.89858719658941E-15));
#6666=CARTESIAN_POINT('Origin',(0.,28.,0.));
#6667=CARTESIAN_POINT('Origin',(0.,23.,0.));
#6668=CARTESIAN_POINT('',(20.,18.,-4.89858719658941E-15));
#6669=CARTESIAN_POINT('',(20.,23.,-4.89858719658941E-15));
#6670=CARTESIAN_POINT('Origin',(0.,18.,0.));
#6671=CARTESIAN_POINT('Origin',(-21.,18.,2.57175827820944E-15));
#6672=CARTESIAN_POINT('',(21.,18.,-5.14351655641888E-15));
#6673=CARTESIAN_POINT('Origin',(0.,18.,0.));
#6674=CARTESIAN_POINT('Origin',(0.,17.,0.));
#6675=CARTESIAN_POINT('',(21.,16.,-5.14351655641888E-15));
#6676=CARTESIAN_POINT('',(21.,17.,-5.14351655641888E-15));
#6677=CARTESIAN_POINT('Origin',(0.,16.,0.));
#6678=CARTESIAN_POINT('Origin',(-20.,16.,2.44929359829471E-15));
#6679=CARTESIAN_POINT('',(20.,16.,-4.89858719658941E-15));
#6680=CARTESIAN_POINT('Origin',(0.,16.,0.));
#6681=CARTESIAN_POINT('Origin',(0.,9.,0.));
#6682=CARTESIAN_POINT('',(20.,2.,-4.89858719658941E-15));
#6683=CARTESIAN_POINT('',(20.,9.,-4.89858719658941E-15));
#6684=CARTESIAN_POINT('Origin',(0.,2.,0.));
#6685=CARTESIAN_POINT('Origin',(-17.,2.,2.0818995585505E-15));
#6686=CARTESIAN_POINT('',(17.,2.,-4.163799117101E-15));
#6687=CARTESIAN_POINT('Origin',(0.,2.,0.));
#6688=CARTESIAN_POINT('Origin',(0.,0.,0.));
#6689=CARTESIAN_POINT('',(17.,-2.,-4.163799117101E-15));
#6690=CARTESIAN_POINT('',(17.,0.,-4.163799117101E-15));
#6691=CARTESIAN_POINT('Origin',(0.,-2.,0.));
#6692=CARTESIAN_POINT('Origin',(-20.,-2.,2.44929359829471E-15));
#6693=CARTESIAN_POINT('',(20.,-2.,-4.89858719658941E-15));
#6694=CARTESIAN_POINT('Origin',(0.,-2.,0.));
#6695=CARTESIAN_POINT('Origin',(0.,-6.,0.));
#6696=CARTESIAN_POINT('',(20.,-10.,-4.89858719658941E-15));
#6697=CARTESIAN_POINT('',(20.,-6.,-4.89858719658941E-15));
#6698=CARTESIAN_POINT('Origin',(0.,-10.,0.));
#6699=CARTESIAN_POINT('Origin',(-21.,-10.,2.57175827820944E-15));
#6700=CARTESIAN_POINT('',(21.,-10.,-5.14351655641888E-15));
#6701=CARTESIAN_POINT('Origin',(0.,-10.,0.));
#6702=CARTESIAN_POINT('Origin',(0.,-11.,0.));
#6703=CARTESIAN_POINT('',(21.,-11.,-5.14351655641888E-15));
#6704=CARTESIAN_POINT('',(0.,0.,0.));
#6705=CARTESIAN_POINT('Origin',(0.,0.,0.599999999999999));
#6706=CARTESIAN_POINT('',(-9.1,-1.11442858722409E-15,-5.55111512312578E-16));
#6707=CARTESIAN_POINT('Origin',(0.,0.,-5.55111512312578E-16));
#6708=CARTESIAN_POINT('',(-8.5,-1.04094977927525E-15,0.599999999999999));
#6709=CARTESIAN_POINT('Origin',(-9.1,-1.11442858722409E-15,0.599999999999999));
#6710=CARTESIAN_POINT('',(1.04094977927525E-15,-8.5,0.599999999999999));
#6711=CARTESIAN_POINT('Origin',(0.,0.,0.599999999999999));
#6712=CARTESIAN_POINT('Origin',(0.,0.,0.599999999999999));
#6713=CARTESIAN_POINT('Origin',(0.,0.,6.));
#6714=CARTESIAN_POINT('',(-8.5,-1.04094977927525E-15,11.4));
#6715=CARTESIAN_POINT('',(1.04094977927525E-15,-8.5,11.4));
#6716=CARTESIAN_POINT('Origin',(0.,0.,11.4));
#6717=CARTESIAN_POINT('Origin',(0.,0.,11.4));
#6718=CARTESIAN_POINT('',(1.04094977927525E-15,-8.5,6.));
#6719=CARTESIAN_POINT('Origin',(0.,14.25,-5.55111512312578E-16));
#6720=CARTESIAN_POINT('',(1.32261854307914E-15,-10.8,-5.55111512312578E-16));
#6721=CARTESIAN_POINT('Origin',(0.,0.,-5.55111512312578E-16));
#6722=CARTESIAN_POINT('Origin',(0.,0.,11.4));
#6723=CARTESIAN_POINT('',(-9.1,-1.11442858722409E-15,12.));
#6724=CARTESIAN_POINT('Origin',(-9.1,-1.11442858722409E-15,11.4));
#6725=CARTESIAN_POINT('Origin',(0.,0.,12.));
#6726=CARTESIAN_POINT('Origin',(0.,14.25,12.));
#6727=CARTESIAN_POINT('',(1.49161980136148E-15,-12.18,12.));
#6728=CARTESIAN_POINT('Origin',(0.,0.,12.));
#6729=CARTESIAN_POINT('Origin',(0.,0.,6.));
#6730=CARTESIAN_POINT('',(-9.35307436087194,5.4,6.));
#6731=CARTESIAN_POINT('',(-10.5481894180945,6.09,8.76));
#6732=CARTESIAN_POINT('Origin',(-12.3408620039283,7.125,6.));
#6733=CARTESIAN_POINT('',(0.,12.18,8.76));
#6734=CARTESIAN_POINT('Origin',(0.,0.,8.76));
#6735=CARTESIAN_POINT('',(0.,10.8,6.));
#6736=CARTESIAN_POINT('Origin',(0.,14.25,6.));
#6737=CARTESIAN_POINT('Origin',(0.,0.,6.));
#6738=CARTESIAN_POINT('Origin',(0.,0.,6.));
#6739=CARTESIAN_POINT('',(-9.35307436087194,-5.4,6.));
#6740=CARTESIAN_POINT('',(-10.5481894180945,-6.09,8.76));
#6741=CARTESIAN_POINT('Origin',(-12.3408620039283,-7.125,6.));
#6742=CARTESIAN_POINT('Origin',(0.,0.,8.76));
#6743=CARTESIAN_POINT('Origin',(0.,0.,6.));
#6744=CARTESIAN_POINT('Origin',(0.,0.,6.));
#6745=CARTESIAN_POINT('',(-1.32261854307914E-15,-10.8,6.));
#6746=CARTESIAN_POINT('',(-1.49161980136148E-15,-12.18,8.76));
#6747=CARTESIAN_POINT('Origin',(-1.74512168878498E-15,-14.25,6.));
#6748=CARTESIAN_POINT('Origin',(0.,0.,8.76));
#6749=CARTESIAN_POINT('Origin',(0.,0.,6.));
#6750=CARTESIAN_POINT('Origin',(0.,0.,6.));
#6751=CARTESIAN_POINT('',(9.35307436087194,-5.4,6.));
#6752=CARTESIAN_POINT('',(10.5481894180945,-6.09,8.76));
#6753=CARTESIAN_POINT('Origin',(12.3408620039283,-7.12500000000001,6.));
#6754=CARTESIAN_POINT('Origin',(0.,0.,8.76));
#6755=CARTESIAN_POINT('Origin',(0.,0.,6.));
#6756=CARTESIAN_POINT('Origin',(0.,0.,6.));
#6757=CARTESIAN_POINT('',(9.35307436087194,5.39999999999999,6.));
#6758=CARTESIAN_POINT('',(10.5481894180945,6.08999999999999,8.76));
#6759=CARTESIAN_POINT('Origin',(12.3408620039283,7.12499999999999,6.));
#6760=CARTESIAN_POINT('Origin',(0.,0.,6.));
#6761=CARTESIAN_POINT('Origin',(0.,0.,8.76));
#6762=CARTESIAN_POINT('Origin',(0.,0.,10.38));
#6763=CARTESIAN_POINT('',(1.49161980136148E-15,-12.18,10.38));
#6764=CARTESIAN_POINT('Origin',(0.,0.,8.76));
#6765=CARTESIAN_POINT('Origin',(0.,0.,6.));
#6766=CARTESIAN_POINT('Origin',(0.,0.,6.));
#6767=CARTESIAN_POINT('Origin',(0.,0.,3.));
#6768=CARTESIAN_POINT('',(1.32261854307914E-15,-10.8,3.));
#6769=CARTESIAN_POINT('Origin',(-12.3408620039283,-7.125,6.));
#6770=CARTESIAN_POINT('',(-12.3408620039283,-7.125,9.45));
#6771=CARTESIAN_POINT('',(-12.3408620039283,-7.125,2.55));
#6772=CARTESIAN_POINT('Origin',(-12.3408620039283,-7.125,6.));
#6773=CARTESIAN_POINT('',(-15.3286496469846,-8.85,6.));
#6774=CARTESIAN_POINT('',(-14.133534589762,-8.16,3.24));
#6775=CARTESIAN_POINT('Origin',(-12.3408620039283,-7.125,6.));
#6776=CARTESIAN_POINT('',(-9.35307436087194,-5.4,6.));
#6777=CARTESIAN_POINT('',(-10.5481894180945,-6.09,8.76));
#6778=CARTESIAN_POINT('Origin',(-12.3408620039283,-7.125,6.));
#6779=CARTESIAN_POINT('Origin',(-1.74512168878498E-15,-14.25,6.));
#6780=CARTESIAN_POINT('',(-1.74512168878498E-15,-14.25,9.45));
#6781=CARTESIAN_POINT('',(-1.74512168878498E-15,-14.25,2.55));
#6782=CARTESIAN_POINT('Origin',(-1.74512168878498E-15,-14.25,6.));
#6783=CARTESIAN_POINT('',(-2.16762483449082E-15,-17.7,6.));
#6784=CARTESIAN_POINT('',(-1.99862357620848E-15,-16.32,3.24));
#6785=CARTESIAN_POINT('Origin',(-1.74512168878498E-15,-14.25,6.));
#6786=CARTESIAN_POINT('',(-1.32261854307914E-15,-10.8,6.));
#6787=CARTESIAN_POINT('',(-1.49161980136148E-15,-12.18,8.76));
#6788=CARTESIAN_POINT('Origin',(-1.74512168878498E-15,-14.25,6.));
#6789=CARTESIAN_POINT('Origin',(-12.3408620039283,7.125,6.));
#6790=CARTESIAN_POINT('',(-12.3408620039283,7.125,9.45));
#6791=CARTESIAN_POINT('',(-12.3408620039283,7.125,2.55));
#6792=CARTESIAN_POINT('Origin',(-12.3408620039283,7.125,6.));
#6793=CARTESIAN_POINT('',(-15.3286496469846,8.85,6.));
#6794=CARTESIAN_POINT('',(-14.133534589762,8.16000000000001,3.24));
#6795=CARTESIAN_POINT('Origin',(-12.3408620039283,7.125,6.));
#6796=CARTESIAN_POINT('',(-9.35307436087194,5.4,6.));
#6797=CARTESIAN_POINT('',(-10.5481894180945,6.09,8.76));
#6798=CARTESIAN_POINT('Origin',(-12.3408620039283,7.125,6.));
#6799=CARTESIAN_POINT('Origin',(12.3408620039283,-7.12500000000001,6.));
#6800=CARTESIAN_POINT('',(12.3408620039283,-7.12500000000001,9.45));
#6801=CARTESIAN_POINT('',(12.3408620039283,-7.12500000000001,2.55));
#6802=CARTESIAN_POINT('Origin',(12.3408620039283,-7.12500000000001,6.));
#6803=CARTESIAN_POINT('',(15.3286496469846,-8.85000000000001,6.));
#6804=CARTESIAN_POINT('',(14.133534589762,-8.16000000000001,3.24));
#6805=CARTESIAN_POINT('Origin',(12.3408620039283,-7.12500000000001,6.));
#6806=CARTESIAN_POINT('',(9.35307436087194,-5.4,6.));
#6807=CARTESIAN_POINT('',(10.5481894180945,-6.09,8.76));
#6808=CARTESIAN_POINT('Origin',(12.3408620039283,-7.12500000000001,6.));
#6809=CARTESIAN_POINT('Origin',(0.,14.25,6.));
#6810=CARTESIAN_POINT('',(0.,14.25,9.45));
#6811=CARTESIAN_POINT('',(0.,14.25,2.55));
#6812=CARTESIAN_POINT('Origin',(0.,14.25,6.));
#6813=CARTESIAN_POINT('',(0.,10.8,6.));
#6814=CARTESIAN_POINT('',(0.,12.18,8.76));
#6815=CARTESIAN_POINT('Origin',(0.,14.25,6.));
#6816=CARTESIAN_POINT('',(0.,17.7,6.));
#6817=CARTESIAN_POINT('',(0.,16.32,3.24));
#6818=CARTESIAN_POINT('Origin',(0.,14.25,6.));
#6819=CARTESIAN_POINT('Origin',(12.3408620039283,7.12499999999999,6.));
#6820=CARTESIAN_POINT('',(12.3408620039283,7.12499999999999,9.45));
#6821=CARTESIAN_POINT('',(12.3408620039283,7.12499999999999,2.55));
#6822=CARTESIAN_POINT('Origin',(12.3408620039283,7.12499999999999,6.));
#6823=CARTESIAN_POINT('',(15.3286496469846,8.84999999999999,6.));
#6824=CARTESIAN_POINT('',(14.1335345897621,8.15999999999999,3.24));
#6825=CARTESIAN_POINT('Origin',(12.3408620039283,7.12499999999999,6.));
#6826=CARTESIAN_POINT('',(9.35307436087194,5.39999999999999,6.));
#6827=CARTESIAN_POINT('',(10.5481894180945,6.08999999999999,8.76));
#6828=CARTESIAN_POINT('Origin',(12.3408620039283,7.12499999999999,6.));
#6829=CARTESIAN_POINT('Origin',(0.,0.,1.62));
#6830=CARTESIAN_POINT('',(1.99862357620848E-15,-16.32,-5.55111512312578E-16));
#6831=CARTESIAN_POINT('Origin',(0.,0.,-5.55111512312578E-16));
#6832=CARTESIAN_POINT('',(-1.99862357620848E-15,-16.32,3.24));
#6833=CARTESIAN_POINT('',(1.99862357620848E-15,-16.32,1.62));
#6834=CARTESIAN_POINT('',(14.133534589762,-8.16000000000001,3.24));
#6835=CARTESIAN_POINT('Origin',(0.,0.,3.24));
#6836=CARTESIAN_POINT('',(14.1335345897621,8.15999999999999,3.24));
#6837=CARTESIAN_POINT('Origin',(0.,0.,3.24));
#6838=CARTESIAN_POINT('',(0.,16.32,3.24));
#6839=CARTESIAN_POINT('Origin',(0.,0.,3.24));
#6840=CARTESIAN_POINT('',(-14.133534589762,8.16000000000001,3.24));
#6841=CARTESIAN_POINT('Origin',(0.,0.,3.24));
#6842=CARTESIAN_POINT('',(-14.133534589762,-8.16,3.24));
#6843=CARTESIAN_POINT('Origin',(0.,0.,3.24));
#6844=CARTESIAN_POINT('Origin',(0.,0.,3.24));
#6845=CARTESIAN_POINT('Origin',(0.,0.,6.));
#6846=CARTESIAN_POINT('',(15.3286496469846,8.84999999999999,6.));
#6847=CARTESIAN_POINT('Origin',(12.3408620039283,7.12499999999999,6.));
#6848=CARTESIAN_POINT('',(15.3286496469846,-8.85000000000001,6.));
#6849=CARTESIAN_POINT('Origin',(12.3408620039283,-7.12500000000001,6.));
#6850=CARTESIAN_POINT('Origin',(0.,0.,6.));
#6851=CARTESIAN_POINT('Origin',(0.,0.,9.));
#6852=CARTESIAN_POINT('',(0.,17.7,6.));
#6853=CARTESIAN_POINT('',(-15.3286496469846,8.85,6.));
#6854=CARTESIAN_POINT('Origin',(0.,0.,6.));
#6855=CARTESIAN_POINT('Origin',(0.,0.,6.));
#6856=CARTESIAN_POINT('',(-2.16762483449082E-15,-17.7,6.));
#6857=CARTESIAN_POINT('Origin',(0.,0.,6.));
#6858=CARTESIAN_POINT('',(2.16762483449082E-15,-17.7,12.));
#6859=CARTESIAN_POINT('',(2.16762483449082E-15,-17.7,9.));
#6860=CARTESIAN_POINT('Origin',(0.,0.,12.));
#6861=CARTESIAN_POINT('',(-15.3286496469846,-8.85,6.));
#6862=CARTESIAN_POINT('Origin',(0.,0.,6.));
#6863=CARTESIAN_POINT('Origin',(0.,0.,6.));
#6864=CARTESIAN_POINT('Origin',(0.,0.,6.));
#6865=CARTESIAN_POINT('Origin',(0.,14.25,6.));
#6866=CARTESIAN_POINT('Origin',(0.,0.,6.));
#6867=CARTESIAN_POINT('Origin',(-1.74512168878498E-15,-14.25,6.));
#6868=CARTESIAN_POINT('Origin',(0.,0.,6.));
#6869=CARTESIAN_POINT('Origin',(-12.3408620039283,-7.125,6.));
#6870=CARTESIAN_POINT('Origin',(0.,0.,6.));
#6871=CARTESIAN_POINT('Origin',(-12.3408620039283,7.125,6.));
#6872=CARTESIAN_POINT('Origin',(0.,0.,6.));
#6873=CARTESIAN_POINT('Origin',(0.,14.25,12.));
#6874=CARTESIAN_POINT('',(-19.4,-2.37581479034587E-15,12.));
#6875=CARTESIAN_POINT('Origin',(0.,0.,12.));
#6876=CARTESIAN_POINT('Origin',(0.,0.,11.4));
#6877=CARTESIAN_POINT('',(-20.,-2.44929359829471E-15,11.4));
#6878=CARTESIAN_POINT('Origin',(-19.4,-2.37581479034587E-15,11.4));
#6879=CARTESIAN_POINT('',(2.44929359829471E-15,-20.,11.4));
#6880=CARTESIAN_POINT('Origin',(0.,0.,11.4));
#6881=CARTESIAN_POINT('Origin',(0.,0.,11.4));
#6882=CARTESIAN_POINT('Origin',(0.,14.25,-5.55111512312578E-16));
#6883=CARTESIAN_POINT('',(-19.4,-2.37581479034587E-15,-5.55111512312578E-16));
#6884=CARTESIAN_POINT('Origin',(0.,0.,-5.55111512312578E-16));
#6885=CARTESIAN_POINT('Origin',(0.,0.,6.));
#6886=CARTESIAN_POINT('',(2.44929359829471E-15,-20.,0.599999999999999));
#6887=CARTESIAN_POINT('',(2.44929359829471E-15,-20.,6.));
#6888=CARTESIAN_POINT('',(-20.,-2.44929359829471E-15,0.599999999999999));
#6889=CARTESIAN_POINT('Origin',(0.,0.,0.599999999999999));
#6890=CARTESIAN_POINT('Origin',(0.,0.,0.599999999999999));
#6891=CARTESIAN_POINT('Origin',(0.,0.,0.599999999999999));
#6892=CARTESIAN_POINT('Origin',(-19.4,-2.37581479034587E-15,0.599999999999999));
#6893=CARTESIAN_POINT('',(0.,0.,0.));
#6894=CARTESIAN_POINT('Origin',(7.81802818180911,-15.9489120980452,-57.6666639497156));
#6895=CARTESIAN_POINT('',(6.56802818180911,-15.9489120980452,1.6));
#6896=CARTESIAN_POINT('Origin',(7.81802818180911,-15.9489120980452,1.6));
#6897=CARTESIAN_POINT('',(6.56802818180911,-15.9489120980452,0.));
#6898=CARTESIAN_POINT('',(6.56802818180911,-15.9489120980452,-57.6666639497156));
#6899=CARTESIAN_POINT('Origin',(7.81802818180911,-15.9489120980452,0.));
#6900=CARTESIAN_POINT('Origin',(-7.81802818180912,-15.9489120980452,-57.6666639497156));
#6901=CARTESIAN_POINT('',(-9.06802818180912,-15.9489120980452,1.6));
#6902=CARTESIAN_POINT('Origin',(-7.81802818180912,-15.9489120980452,1.6));
#6903=CARTESIAN_POINT('',(-9.06802818180912,-15.9489120980452,0.));
#6904=CARTESIAN_POINT('',(-9.06802818180912,-15.9489120980452,-57.6666639497156));
#6905=CARTESIAN_POINT('Origin',(-7.81802818180912,-15.9489120980452,0.));
#6906=CARTESIAN_POINT('Origin',(7.81802818180911,-15.9489120980452,0.));
#6907=CARTESIAN_POINT('',(5.6763943982238,-16.6387705886112,1.6));
#6908=CARTESIAN_POINT('',(9.14515766153369,-14.1319841016606,1.6));
#6909=CARTESIAN_POINT('Origin',(7.81802818180911,-15.9489120980452,1.6));
#6910=CARTESIAN_POINT('',(9.14515766153369,-14.1319841016606,0.));
#6911=CARTESIAN_POINT('',(9.14515766153369,-14.1319841016606,0.));
#6912=CARTESIAN_POINT('',(5.6763943982238,-16.6387705886112,0.));
#6913=CARTESIAN_POINT('Origin',(7.81802818180911,-15.9489120980452,0.));
#6914=CARTESIAN_POINT('',(5.6763943982238,-16.6387705886112,0.));
#6915=CARTESIAN_POINT('Origin',(9.14515766153369,-14.1319841016606,0.));
#6916=CARTESIAN_POINT('',(10.9420585644878,-15.444485293342,1.6));
#6917=CARTESIAN_POINT('',(9.14515766153369,-14.1319841016606,1.6));
#6918=CARTESIAN_POINT('',(10.9420585644878,-15.444485293342,0.));
#6919=CARTESIAN_POINT('',(10.9420585644878,-15.444485293342,0.));
#6920=CARTESIAN_POINT('',(9.14515766153369,-14.1319841016606,0.));
#6921=CARTESIAN_POINT('Origin',(0.,0.,0.));
#6922=CARTESIAN_POINT('',(-10.9420585644878,-15.444485293342,1.6));
#6923=CARTESIAN_POINT('Origin',(0.,0.,1.6));
#6924=CARTESIAN_POINT('',(-10.9420585644878,-15.444485293342,0.));
#6925=CARTESIAN_POINT('',(-10.9420585644878,-15.444485293342,0.));
#6926=CARTESIAN_POINT('Origin',(0.,0.,0.));
#6927=CARTESIAN_POINT('Origin',(-10.9420585644878,-15.444485293342,0.));
#6928=CARTESIAN_POINT('',(-9.14515766153369,-14.1319841016606,1.6));
#6929=CARTESIAN_POINT('',(-10.9420585644878,-15.444485293342,1.6));
#6930=CARTESIAN_POINT('',(-9.14515766153369,-14.1319841016606,0.));
#6931=CARTESIAN_POINT('',(-9.14515766153369,-14.1319841016606,0.));
#6932=CARTESIAN_POINT('',(-10.9420585644878,-15.444485293342,0.));
#6933=CARTESIAN_POINT('Origin',(-7.81802818180912,-15.9489120980452,0.));
#6934=CARTESIAN_POINT('',(-5.6763943982238,-16.6387705886112,1.6));
#6935=CARTESIAN_POINT('Origin',(-7.81802818180912,-15.9489120980452,1.6));
#6936=CARTESIAN_POINT('',(-5.6763943982238,-16.6387705886112,0.));
#6937=CARTESIAN_POINT('',(-5.6763943982238,-16.6387705886112,0.));
#6938=CARTESIAN_POINT('Origin',(-7.81802818180912,-15.9489120980452,0.));
#6939=CARTESIAN_POINT('Origin',(-5.6763943982238,-16.6387705886112,0.));
#6940=CARTESIAN_POINT('',(-6.5,-19.1956160942261,1.6));
#6941=CARTESIAN_POINT('',(-5.6763943982238,-16.6387705886112,1.6));
#6942=CARTESIAN_POINT('',(-6.5,-19.1956160942261,0.));
#6943=CARTESIAN_POINT('',(-6.5,-19.1956160942261,0.));
#6944=CARTESIAN_POINT('',(-5.6763943982238,-16.6387705886112,0.));
#6945=CARTESIAN_POINT('Origin',(0.,0.983333333333334,0.));
#6946=CARTESIAN_POINT('',(6.5,-19.1956160942261,1.6));
#6947=CARTESIAN_POINT('Origin',(0.,0.983333333333334,1.6));
#6948=CARTESIAN_POINT('',(6.5,-19.1956160942261,0.));
#6949=CARTESIAN_POINT('',(6.5,-19.1956160942261,0.));
#6950=CARTESIAN_POINT('Origin',(0.,0.983333333333334,0.));
#6951=CARTESIAN_POINT('Origin',(6.5,-19.1956160942261,0.));
#6952=CARTESIAN_POINT('',(6.5,-19.1956160942261,1.6));
#6953=CARTESIAN_POINT('',(6.5,-19.1956160942261,0.));
#6954=CARTESIAN_POINT('Origin',(-1.04083408558608E-15,0.203813962487928,
1.6));
#6955=CARTESIAN_POINT('Origin',(-1.07098857189795E-15,0.203813962487928,
0.));
#6956=CARTESIAN_POINT('',(0.,0.,0.));
#6957=CARTESIAN_POINT('Origin',(2.05000000000001,1.89947654372922E-15,0.));
#6958=CARTESIAN_POINT('',(2.05000000000003,-18.75,-2.29621274840129E-15));
#6959=CARTESIAN_POINT('',(2.05000000000001,-3.9673620467207E-16,18.75));
#6960=CARTESIAN_POINT('Origin',(2.05000000000001,1.89947654372922E-15,0.));
#6961=CARTESIAN_POINT('',(1.75000000000001,-6.37968977828753E-16,18.45));
#6962=CARTESIAN_POINT('Origin',(2.05000000000001,-3.5999680069765E-16,18.45));
#6963=CARTESIAN_POINT('Origin',(1.75000000000001,1.62150436659811E-15,0.));
#6964=CARTESIAN_POINT('Origin',(2.05000000000001,1.89947654372922E-15,0.));
#6965=CARTESIAN_POINT('Origin',(4.37500000000002,4.05376091649527E-15,0.));
#6966=CARTESIAN_POINT('',(7.00000000000003,-18.75,-2.29621274840129E-15));
#6967=CARTESIAN_POINT('Origin',(7.00000000000002,6.48601746639242E-15,0.));
#6968=CARTESIAN_POINT('',(4.37500000000003,-18.75,-2.29621274840129E-15));
#6969=CARTESIAN_POINT('Origin',(1.75,14.92,0.));
#6970=CARTESIAN_POINT('',(1.75000000000002,-11.09,-1.35813330025441E-15));
#6971=CARTESIAN_POINT('Origin',(1.75000000000001,1.62150436659811E-15,0.));
#6972=CARTESIAN_POINT('Origin',(0.300000000000012,2.77972177131115E-16,
0.));
#6973=CARTESIAN_POINT('',(0.300000000000012,-2.17132142116359E-15,20.));
#6974=CARTESIAN_POINT('',(0.300000000000031,-20.,-2.44929359829471E-15));
#6975=CARTESIAN_POINT('Origin',(0.300000000000012,2.77972177131115E-16,
0.));
#6976=CARTESIAN_POINT('Origin',(0.300000000000012,2.77972177131115E-16,
0.));
#6977=CARTESIAN_POINT('',(1.196959198424E-14,-2.41255419432028E-15,19.7));
#6978=CARTESIAN_POINT('Origin',(0.300000000000012,-2.13458201718917E-15,
19.7));
#6979=CARTESIAN_POINT('Origin',(1.196959198424E-14,1.10317267214501E-29,
0.));
#6980=CARTESIAN_POINT('Origin',(3.50000000000001,3.24300873319622E-15,0.));
#6981=CARTESIAN_POINT('',(6.70000000000003,-20.,-2.44929359829471E-15));
#6982=CARTESIAN_POINT('',(6.70000000000002,3.75875169096661E-15,20.));
#6983=CARTESIAN_POINT('Origin',(6.70000000000002,6.20804528926132E-15,0.));
#6984=CARTESIAN_POINT('',(3.50000000000003,-20.,-2.44929359829471E-15));
#6985=CARTESIAN_POINT('Origin',(6.70000000000002,6.20804528926132E-15,0.));
#6986=CARTESIAN_POINT('Origin',(-2.22044604925031E-15,15.3,0.));
#6987=CARTESIAN_POINT('',(1.98452365651747E-14,-10.6,-1.29812560709619E-15));
#6988=CARTESIAN_POINT('Origin',(9.99200722162641E-15,8.87468518373638E-30,
0.));
#6989=CARTESIAN_POINT('Origin',(6.70000000000002,6.20804528926132E-15,0.));
#6990=CARTESIAN_POINT('',(7.00000000000002,4.07346327207213E-15,19.7));
#6991=CARTESIAN_POINT('Origin',(7.00000000000002,6.48601746639242E-15,0.));
#6992=CARTESIAN_POINT('Origin',(6.70000000000002,3.79549109494103E-15,19.7));
#6993=CARTESIAN_POINT('Origin',(7.,19.375,0.));
#6994=CARTESIAN_POINT('Origin',(4.90000000000001,4.44089209850063E-15,0.));
#6995=CARTESIAN_POINT('',(5.60000000000002,-10.6,-1.29812560709619E-15));
#6996=CARTESIAN_POINT('',(5.60000000000001,3.79136823804367E-15,10.6));
#6997=CARTESIAN_POINT('Origin',(5.60000000000001,5.18881397311393E-15,0.));
#6998=CARTESIAN_POINT('Origin',(5.60000000000001,5.18881397311393E-15,0.));
#6999=CARTESIAN_POINT('',(4.20000000000001,2.49416474476519E-15,10.6));
#7000=CARTESIAN_POINT('Origin',(4.90000000000001,3.14276649140443E-15,10.6));
#7001=CARTESIAN_POINT('',(4.20000000000002,-10.6,-1.29812560709619E-15));
#7002=CARTESIAN_POINT('Origin',(4.20000000000001,3.89161047983545E-15,0.));
#7003=CARTESIAN_POINT('Origin',(4.20000000000001,3.89161047983545E-15,0.));
#7004=CARTESIAN_POINT('Origin',(6.3,9.9875,0.));
#7005=CARTESIAN_POINT('',(6.30000000000002,-10.6,-1.29812560709619E-15));
#7006=CARTESIAN_POINT('Origin',(6.30000000000001,5.83741571975317E-15,0.));
#7007=CARTESIAN_POINT('',(6.30000000000002,-9.37499999999999,-1.14810637420064E-15));
#7008=CARTESIAN_POINT('Origin',(6.30000000000001,5.83741571975317E-15,0.));
#7009=CARTESIAN_POINT('Origin',(5.60000000000001,5.18881397311393E-15,0.));
#7010=CARTESIAN_POINT('',(4.90000000000002,-8.49999999999999,-1.04094977927525E-15));
#7011=CARTESIAN_POINT('',(5.60000000000002,-8.93749999999999,-1.09452807673795E-15));
#7012=CARTESIAN_POINT('Origin',(4.90000000000001,4.54021222647469E-15,0.));
#7013=CARTESIAN_POINT('Origin',(3.32500000000001,3.0808582965364E-15,0.));
#7014=CARTESIAN_POINT('',(1.75000000000002,-10.25,-1.25526296912604E-15));
#7015=CARTESIAN_POINT('',(3.32500000000002,-9.375,-1.14810637420064E-15));
#7016=CARTESIAN_POINT('Origin',(1.75000000000001,1.62150436659811E-15,0.));
#7017=CARTESIAN_POINT('Origin',(0.87500000000001,8.1075218329906E-16,0.));
#7018=CARTESIAN_POINT('',(0.87500000000002,-10.425,-1.27669428811112E-15));
#7019=CARTESIAN_POINT('Origin',(2.97500000000001,2.75655742321678E-15,0.));
#7020=CARTESIAN_POINT('',(2.97500000000002,-10.845,-1.3281294536753E-15));
#7021=CARTESIAN_POINT('Origin',(5.95000000000001,5.51311484643355E-15,0.));
#7022=CARTESIAN_POINT('',(5.95000000000002,-10.6,-1.29812560709619E-15));
#7023=CARTESIAN_POINT('',(0.,0.,0.));
#7024=CARTESIAN_POINT('Origin',(55.,8.4719534417927E-16,9.5));
#7025=CARTESIAN_POINT('',(55.,-3.,9.01387818865997));
#7026=CARTESIAN_POINT('',(52.,1.25503472348931E-15,9.5));
#7027=CARTESIAN_POINT('Ctrl Pts',(55.,-3.,9.01387818865997));
#7028=CARTESIAN_POINT('Ctrl Pts',(54.6204210757709,-3.,9.01387818865997));
#7029=CARTESIAN_POINT('Ctrl Pts',(54.2174810800756,-2.9236066060091,9.04036861157358));
#7030=CARTESIAN_POINT('Ctrl Pts',(53.4792100316061,-2.61667932208136,9.13393280099839));
#7031=CARTESIAN_POINT('Ctrl Pts',(53.1436289836699,-2.38626967078921,9.19943471480672));
#7032=CARTESIAN_POINT('Ctrl Pts',(52.6138281825348,-1.85646886965407,9.32080204630179));
#7033=CARTESIAN_POINT('Ctrl Pts',(52.3833429572463,-1.52084841937159,9.3848477654758));
#7034=CARTESIAN_POINT('Ctrl Pts',(52.0763596230685,-0.782432827334678,9.47502751244084));
#7035=CARTESIAN_POINT('Ctrl Pts',(52.,-0.379438734933833,9.5));
#7036=CARTESIAN_POINT('Ctrl Pts',(52.,4.16333634234434E-16,9.5));
#7037=CARTESIAN_POINT('',(55.,-3.,6.5));
#7038=CARTESIAN_POINT('',(55.,-3.,9.5));
#7039=CARTESIAN_POINT('',(55.,3.,6.5));
#7040=CARTESIAN_POINT('Origin',(55.,8.4719534417927E-16,6.5));
#7041=CARTESIAN_POINT('',(55.,3.,9.01387818865997));
#7042=CARTESIAN_POINT('',(55.,3.,9.5));
#7043=CARTESIAN_POINT('Ctrl Pts',(52.,3.46944695195361E-16,9.5));
#7044=CARTESIAN_POINT('Ctrl Pts',(52.,0.379438734933835,9.5));
#7045=CARTESIAN_POINT('Ctrl Pts',(52.0763596230685,0.782432827334677,9.47502751244085));
#7046=CARTESIAN_POINT('Ctrl Pts',(52.3833429572463,1.52084841937159,9.3848477654758));
#7047=CARTESIAN_POINT('Ctrl Pts',(52.6138281825348,1.85646886965407,9.32080204630179));
#7048=CARTESIAN_POINT('Ctrl Pts',(53.1436289836699,2.38626967078921,9.19943471480672));
#7049=CARTESIAN_POINT('Ctrl Pts',(53.4792100316061,2.61667932208136,9.13393280099839));
#7050=CARTESIAN_POINT('Ctrl Pts',(54.2174810800756,2.9236066060091,9.04036861157358));
#7051=CARTESIAN_POINT('Ctrl Pts',(54.6204210757709,3.,9.01387818865997));
#7052=CARTESIAN_POINT('Ctrl Pts',(55.,3.,9.01387818865997));
#7053=CARTESIAN_POINT('Origin',(55.,3.,9.5));
#7054=CARTESIAN_POINT('',(105.,3.00000000000001,9.01387818865997));
#7055=CARTESIAN_POINT('',(80.,3.,9.01387818865997));
#7056=CARTESIAN_POINT('',(105.,3.00000000000001,6.5));
#7057=CARTESIAN_POINT('',(105.,3.00000000000001,6.5));
#7058=CARTESIAN_POINT('',(105.,3.00000000000001,9.5));
#7059=CARTESIAN_POINT('Origin',(105.,-3.,9.5));
#7060=CARTESIAN_POINT('',(105.,-3.,9.01387818865997));
#7061=CARTESIAN_POINT('',(80.,-3.,9.01387818865997));
#7062=CARTESIAN_POINT('',(105.,-3.,6.5));
#7063=CARTESIAN_POINT('',(105.,-3.,9.5));
#7064=CARTESIAN_POINT('',(55.,-3.,6.5));
#7065=CARTESIAN_POINT('Origin',(105.,3.62275290574216E-15,9.5));
#7066=CARTESIAN_POINT('',(108.,2.60661057955472E-15,9.5));
#7067=CARTESIAN_POINT('Ctrl Pts',(108.,3.7470027081099E-15,9.5));
#7068=CARTESIAN_POINT('Ctrl Pts',(108.,-0.37943873493383,9.5));
#7069=CARTESIAN_POINT('Ctrl Pts',(107.923640376932,-0.782432827334668,9.47502751244085));
#7070=CARTESIAN_POINT('Ctrl Pts',(107.616657042754,-1.52084841937158,9.3848477654758));
#7071=CARTESIAN_POINT('Ctrl Pts',(107.386171817465,-1.85646886965406,9.32080204630179));
#7072=CARTESIAN_POINT('Ctrl Pts',(106.85637101633,-2.38626967078921,9.19943471480672));
#7073=CARTESIAN_POINT('Ctrl Pts',(106.520789968394,-2.61667932208135,9.13393280099839));
#7074=CARTESIAN_POINT('Ctrl Pts',(105.782518919924,-2.92360660600909,9.04036861157358));
#7075=CARTESIAN_POINT('Ctrl Pts',(105.379578924229,-3.,9.01387818865997));
#7076=CARTESIAN_POINT('Ctrl Pts',(105.,-3.,9.01387818865997));
#7077=CARTESIAN_POINT('Ctrl Pts',(105.,3.,9.01387818865997));
#7078=CARTESIAN_POINT('Ctrl Pts',(105.379578924229,3.,9.01387818865997));
#7079=CARTESIAN_POINT('Ctrl Pts',(105.782518919924,2.9236066060091,9.04036861157358));
#7080=CARTESIAN_POINT('Ctrl Pts',(106.520789968394,2.61667932208136,9.13393280099839));
#7081=CARTESIAN_POINT('Ctrl Pts',(106.85637101633,2.38626967078921,9.19943471480672));
#7082=CARTESIAN_POINT('Ctrl Pts',(107.386171817465,1.85646886965407,9.32080204630179));
#7083=CARTESIAN_POINT('Ctrl Pts',(107.616657042754,1.52084841937159,9.3848477654758));
#7084=CARTESIAN_POINT('Ctrl Pts',(107.923640376932,0.782432827334674,9.47502751244085));
#7085=CARTESIAN_POINT('Ctrl Pts',(108.,0.379438734933838,9.5));
#7086=CARTESIAN_POINT('Ctrl Pts',(108.,3.7470027081099E-15,9.5));
#7087=CARTESIAN_POINT('Origin',(105.,3.62275290574216E-15,6.5));
#7088=CARTESIAN_POINT('Origin',(80.,4.16333634234434E-15,6.5));
#7089=CARTESIAN_POINT('Origin',(-365.,-8.80937834756918E-15,0.));
#7090=CARTESIAN_POINT('',(-340.,-8.49999999999993,-1.04094977927524E-15));
#7091=CARTESIAN_POINT('Origin',(-340.,-8.20599626896855E-15,0.));
#7092=CARTESIAN_POINT('',(-390.,-8.49999999999993,-1.04094977927524E-15));
#7093=CARTESIAN_POINT('',(-365.,-8.49999999999993,-1.04094977927524E-15));
#7094=CARTESIAN_POINT('Origin',(-390.,-9.41276042616981E-15,0.));
#7095=CARTESIAN_POINT('Origin',(-340.,8.19999999999996,0.));
#7096=CARTESIAN_POINT('',(-340.,-8.19999999999998,-1.00421037530083E-15));
#7097=CARTESIAN_POINT('Origin',(-340.,-8.20599626896855E-15,0.));
#7098=CARTESIAN_POINT('Origin',(-185.,-4.46502738164465E-15,0.));
#7099=CARTESIAN_POINT('',(-30.,-8.19999999999997,-1.00421037530083E-15));
#7100=CARTESIAN_POINT('Origin',(-30.,-7.24058494320754E-16,0.));
#7101=CARTESIAN_POINT('',(-185.,-8.19999999999998,-1.00421037530083E-15));
#7102=CARTESIAN_POINT('Origin',(-30.,8.49999999999999,0.));
#7103=CARTESIAN_POINT('',(-30.,-8.5,-1.04094977927525E-15));
#7104=CARTESIAN_POINT('Origin',(-30.,-7.24058494320754E-16,0.));
#7105=CARTESIAN_POINT('Origin',(-15.,-3.62029247160376E-16,0.));
#7106=CARTESIAN_POINT('',(0.,-8.5,-1.04094977927525E-15));
#7107=CARTESIAN_POINT('Origin',(0.,0.,0.));
#7108=CARTESIAN_POINT('',(-15.,-8.5,-1.04094977927525E-15));
#7109=CARTESIAN_POINT('Origin',(-4.85722573273506E-16,7.5,0.));
#7110=CARTESIAN_POINT('',(-1.38777878078145E-16,-7.5,-9.18485099360515E-16));
#7111=CARTESIAN_POINT('Origin',(0.,0.,0.));
#7112=CARTESIAN_POINT('Origin',(1.00000000000001,2.41352831440257E-17,0.));
#7113=CARTESIAN_POINT('',(2.00000000000003,-7.5,-9.18485099360515E-16));
#7114=CARTESIAN_POINT('Origin',(2.00000000000003,4.82705662880515E-17,0.));
#7115=CARTESIAN_POINT('',(1.00000000000001,-7.5,-9.18485099360515E-16));
#7116=CARTESIAN_POINT('Origin',(2.,8.50000000000001,0.));
#7117=CARTESIAN_POINT('',(2.00000000000003,-8.50000000000001,-1.04094977927525E-15));
#7118=CARTESIAN_POINT('Origin',(2.00000000000003,4.82705662880515E-17,0.));
#7119=CARTESIAN_POINT('Origin',(8.50000000000001,2.05149906724214E-16,0.));
#7120=CARTESIAN_POINT('',(15.,-8.50000000000001,-1.04094977927525E-15));
#7121=CARTESIAN_POINT('Origin',(15.,3.62029247160378E-16,0.));
#7122=CARTESIAN_POINT('',(8.50000000000001,-8.50000000000001,-1.04094977927525E-15));
#7123=CARTESIAN_POINT('Origin',(15.,8.2,0.));
#7124=CARTESIAN_POINT('',(15.,-8.2,-1.00421037530083E-15));
#7125=CARTESIAN_POINT('Origin',(15.,3.62029247160378E-16,0.));
#7126=CARTESIAN_POINT('Origin',(27.5,6.63720286460691E-16,0.));
#7127=CARTESIAN_POINT('',(40.,-8.2,-1.00421037530083E-15));
#7128=CARTESIAN_POINT('Origin',(40.,9.65411325761006E-16,0.));
#7129=CARTESIAN_POINT('',(27.5,-8.2,-1.00421037530083E-15));
#7130=CARTESIAN_POINT('Origin',(40.,10.,0.));
#7131=CARTESIAN_POINT('',(40.,-10.,-1.22464679914735E-15));
#7132=CARTESIAN_POINT('Origin',(40.,9.65411325761006E-16,0.));
#7133=CARTESIAN_POINT('Origin',(42.5,1.02574953362107E-15,0.));
#7134=CARTESIAN_POINT('',(45.,-10.,-1.22464679914735E-15));
#7135=CARTESIAN_POINT('Origin',(45.,1.08608774148113E-15,0.));
#7136=CARTESIAN_POINT('',(42.5,-10.,-1.22464679914735E-15));
#7137=CARTESIAN_POINT('Origin',(45.,9.5,0.));
#7138=CARTESIAN_POINT('',(45.,-9.5,-1.16341445918999E-15));
#7139=CARTESIAN_POINT('Origin',(45.,1.08608774148113E-15,0.));
#7140=CARTESIAN_POINT('Origin',(80.,1.93082265152201E-15,0.));
#7141=CARTESIAN_POINT('',(115.,-9.5,-1.16341445918999E-15));
#7142=CARTESIAN_POINT('Origin',(115.,2.77555756156289E-15,0.));
#7143=CARTESIAN_POINT('',(80.,-9.5,-1.16341445918999E-15));
#7144=CARTESIAN_POINT('Origin',(115.,3.33066907387547E-15,0.));
#7145=CARTESIAN_POINT('Origin',(-460.,4.99999999999989,0.));
#7146=CARTESIAN_POINT('',(-460.,-4.99999999999991,-6.12323399573664E-16));
#7147=CARTESIAN_POINT('Origin',(-460.,-1.11022302462516E-14,0.));
#7148=CARTESIAN_POINT('Origin',(-455.,-1.09815538305314E-14,0.));
#7149=CARTESIAN_POINT('',(-450.,-4.99999999999991,-6.12323399573664E-16));
#7150=CARTESIAN_POINT('Origin',(-450.,-1.08608774148113E-14,0.));
#7151=CARTESIAN_POINT('',(-455.,-4.99999999999991,-6.12323399573664E-16));
#7152=CARTESIAN_POINT('Origin',(-450.,8.19999999999994,0.));
#7153=CARTESIAN_POINT('',(-450.,-8.19999999999997,-1.00421037530082E-15));
#7154=CARTESIAN_POINT('Origin',(-450.,-1.08608774148113E-14,0.));
#7155=CARTESIAN_POINT('Origin',(-420.,-1.01368189204906E-14,0.));
#7156=CARTESIAN_POINT('',(-390.,-8.19999999999996,-1.00421037530082E-15));
#7157=CARTESIAN_POINT('Origin',(-390.,-9.41276042616981E-15,0.));
#7158=CARTESIAN_POINT('',(-420.,-8.19999999999997,-1.00421037530082E-15));
#7159=CARTESIAN_POINT('Origin',(-390.,8.4999999999999,0.));
#7160=CARTESIAN_POINT('',(-2.94097930257042E-13,306.500000000002,61.4999999999976));
#7161=CARTESIAN_POINT('',(-2.09871764601605E-13,294.100000000002,60.9999999999971));
#7162=CARTESIAN_POINT('',(-2.26289453331488E-13,388.500000000002,61.4999999999976));
#7163=CARTESIAN_POINT('',(-2.6482788518435E-13,413.500000000002,61.4999999999976));
#7164=CARTESIAN_POINT('',(-2.91100328090554E-13,318.500000000002,61.4999999999976));
#7165=CARTESIAN_POINT('',(-0.935973283196825,322.100000000002,61.1985062893058));
#7166=CARTESIAN_POINT('',(-2.97945125964745E-13,310.500000000002,61.4999999999976));
#7167=CARTESIAN_POINT('',(-5.39760534693403E-79,-9.73788681776014E-95,2.99627286700301E-95));
#7168=CARTESIAN_POINT('',(-2.9217433240319E-13,304.500000000002,61.4999999999976));
#7169=CARTESIAN_POINT('',(4.16262371203142E-14,-45.5000000000002,61.4999999999984));
#7170=CARTESIAN_POINT('',(4.02261655940656E-14,-52.5000000000003,61.4999999999984));
#7171=CARTESIAN_POINT('',(-1.343279035949E-13,-62.9000000000003,60.9999999999966));
#7172=CARTESIAN_POINT('',(4.06261860301366E-14,-50.5000000000003,61.4999999999983));
#7173=CARTESIAN_POINT('',(-2.12970017601192E-13,329.100000000002,60.9999999999972));
#7174=CARTESIAN_POINT('',(0.93597328319623,294.100000000002,61.1985062893058));
#7175=CARTESIAN_POINT('',(0.935973283196563,-34.9000000000002,61.1985062893066));
#7176=CARTESIAN_POINT('',(0.935973283196557,-62.9000000000003,61.1985062893065));
#7177=CARTESIAN_POINT('',(-1.30035071044758E-13,-27.9000000000002,60.9999999999966));
#7178=CARTESIAN_POINT('',(-2.83890712763426E-13,318.500000000002,61.4999999999976));
#7179=CARTESIAN_POINT('Origin',(0.,0.,0.));
#7180=UNCERTAINTY_MEASURE_WITH_UNIT(LENGTH_MEASURE(0.01),#7210,
'DISTANCE_ACCURACY_VALUE',
'Maximum model space distance between geometric entities at asserted c
onnectivities');
#7181=UNCERTAINTY_MEASURE_WITH_UNIT(LENGTH_MEASURE(0.01),#7210,
'DISTANCE_ACCURACY_VALUE',
'Maximum model space distance between geometric entities at asserted c
onnectivities');
#7182=UNCERTAINTY_MEASURE_WITH_UNIT(LENGTH_MEASURE(0.01),#7210,
'DISTANCE_ACCURACY_VALUE',
'Maximum model space distance between geometric entities at asserted c
onnectivities');
#7183=UNCERTAINTY_MEASURE_WITH_UNIT(LENGTH_MEASURE(0.01),#7210,
'DISTANCE_ACCURACY_VALUE',
'Maximum model space distance between geometric entities at asserted c
onnectivities');
#7184=UNCERTAINTY_MEASURE_WITH_UNIT(LENGTH_MEASURE(0.01),#7210,
'DISTANCE_ACCURACY_VALUE',
'Maximum model space distance between geometric entities at asserted c
onnectivities');
#7185=UNCERTAINTY_MEASURE_WITH_UNIT(LENGTH_MEASURE(0.01),#7210,
'DISTANCE_ACCURACY_VALUE',
'Maximum model space distance between geometric entities at asserted c
onnectivities');
#7186=UNCERTAINTY_MEASURE_WITH_UNIT(LENGTH_MEASURE(0.01),#7210,
'DISTANCE_ACCURACY_VALUE',
'Maximum model space distance between geometric entities at asserted c
onnectivities');
#7187=UNCERTAINTY_MEASURE_WITH_UNIT(LENGTH_MEASURE(0.01),#7210,
'DISTANCE_ACCURACY_VALUE',
'Maximum model space distance between geometric entities at asserted c
onnectivities');
#7188=UNCERTAINTY_MEASURE_WITH_UNIT(LENGTH_MEASURE(0.01),#7210,
'DISTANCE_ACCURACY_VALUE',
'Maximum model space distance between geometric entities at asserted c
onnectivities');
#7189=UNCERTAINTY_MEASURE_WITH_UNIT(LENGTH_MEASURE(0.01),#7210,
'DISTANCE_ACCURACY_VALUE',
'Maximum model space distance between geometric entities at asserted c
onnectivities');
#7190=UNCERTAINTY_MEASURE_WITH_UNIT(LENGTH_MEASURE(0.01),#7210,
'DISTANCE_ACCURACY_VALUE',
'Maximum model space distance between geometric entities at asserted c
onnectivities');
#7191=UNCERTAINTY_MEASURE_WITH_UNIT(LENGTH_MEASURE(0.01),#7210,
'DISTANCE_ACCURACY_VALUE',
'Maximum model space distance between geometric entities at asserted c
onnectivities');
#7192=UNCERTAINTY_MEASURE_WITH_UNIT(LENGTH_MEASURE(0.01),#7210,
'DISTANCE_ACCURACY_VALUE',
'Maximum model space distance between geometric entities at asserted c
onnectivities');
#7193=UNCERTAINTY_MEASURE_WITH_UNIT(LENGTH_MEASURE(0.01),#7210,
'DISTANCE_ACCURACY_VALUE',
'Maximum model space distance between geometric entities at asserted c
onnectivities');
#7194=UNCERTAINTY_MEASURE_WITH_UNIT(LENGTH_MEASURE(0.01),#7210,
'DISTANCE_ACCURACY_VALUE',
'Maximum model space distance between geometric entities at asserted c
onnectivities');
#7195=(
GEOMETRIC_REPRESENTATION_CONTEXT(3)
GLOBAL_UNCERTAINTY_ASSIGNED_CONTEXT((#7180))
GLOBAL_UNIT_ASSIGNED_CONTEXT((#7210,#7212,#7213))
REPRESENTATION_CONTEXT('','3D')
);
#7196=(
GEOMETRIC_REPRESENTATION_CONTEXT(3)
GLOBAL_UNCERTAINTY_ASSIGNED_CONTEXT((#7181))
GLOBAL_UNIT_ASSIGNED_CONTEXT((#7210,#7212,#7213))
REPRESENTATION_CONTEXT('','3D')
);
#7197=(
GEOMETRIC_REPRESENTATION_CONTEXT(3)
GLOBAL_UNCERTAINTY_ASSIGNED_CONTEXT((#7182))
GLOBAL_UNIT_ASSIGNED_CONTEXT((#7210,#7212,#7213))
REPRESENTATION_CONTEXT('','3D')
);
#7198=(
GEOMETRIC_REPRESENTATION_CONTEXT(3)
GLOBAL_UNCERTAINTY_ASSIGNED_CONTEXT((#7183))
GLOBAL_UNIT_ASSIGNED_CONTEXT((#7210,#7212,#7213))
REPRESENTATION_CONTEXT('','3D')
);
#7199=(
GEOMETRIC_REPRESENTATION_CONTEXT(3)
GLOBAL_UNCERTAINTY_ASSIGNED_CONTEXT((#7184))
GLOBAL_UNIT_ASSIGNED_CONTEXT((#7210,#7212,#7213))
REPRESENTATION_CONTEXT('','3D')
);
#7200=(
GEOMETRIC_REPRESENTATION_CONTEXT(3)
GLOBAL_UNCERTAINTY_ASSIGNED_CONTEXT((#7185))
GLOBAL_UNIT_ASSIGNED_CONTEXT((#7210,#7212,#7213))
REPRESENTATION_CONTEXT('','3D')
);
#7201=(
GEOMETRIC_REPRESENTATION_CONTEXT(3)
GLOBAL_UNCERTAINTY_ASSIGNED_CONTEXT((#7186))
GLOBAL_UNIT_ASSIGNED_CONTEXT((#7210,#7212,#7213))
REPRESENTATION_CONTEXT('','3D')
);
#7202=(
GEOMETRIC_REPRESENTATION_CONTEXT(3)
GLOBAL_UNCERTAINTY_ASSIGNED_CONTEXT((#7187))
GLOBAL_UNIT_ASSIGNED_CONTEXT((#7210,#7212,#7213))
REPRESENTATION_CONTEXT('','3D')
);
#7203=(
GEOMETRIC_REPRESENTATION_CONTEXT(3)
GLOBAL_UNCERTAINTY_ASSIGNED_CONTEXT((#7188))
GLOBAL_UNIT_ASSIGNED_CONTEXT((#7210,#7212,#7213))
REPRESENTATION_CONTEXT('','3D')
);
#7204=(
GEOMETRIC_REPRESENTATION_CONTEXT(3)
GLOBAL_UNCERTAINTY_ASSIGNED_CONTEXT((#7189))
GLOBAL_UNIT_ASSIGNED_CONTEXT((#7210,#7212,#7213))
REPRESENTATION_CONTEXT('','3D')
);
#7205=(
GEOMETRIC_REPRESENTATION_CONTEXT(3)
GLOBAL_UNCERTAINTY_ASSIGNED_CONTEXT((#7190))
GLOBAL_UNIT_ASSIGNED_CONTEXT((#7210,#7212,#7213))
REPRESENTATION_CONTEXT('','3D')
);
#7206=(
GEOMETRIC_REPRESENTATION_CONTEXT(3)
GLOBAL_UNCERTAINTY_ASSIGNED_CONTEXT((#7191))
GLOBAL_UNIT_ASSIGNED_CONTEXT((#7210,#7212,#7213))
REPRESENTATION_CONTEXT('','3D')
);
#7207=(
GEOMETRIC_REPRESENTATION_CONTEXT(3)
GLOBAL_UNCERTAINTY_ASSIGNED_CONTEXT((#7192))
GLOBAL_UNIT_ASSIGNED_CONTEXT((#7210,#7212,#7213))
REPRESENTATION_CONTEXT('','3D')
);
#7208=(
GEOMETRIC_REPRESENTATION_CONTEXT(3)
GLOBAL_UNCERTAINTY_ASSIGNED_CONTEXT((#7193))
GLOBAL_UNIT_ASSIGNED_CONTEXT((#7210,#7212,#7213))
REPRESENTATION_CONTEXT('','3D')
);
#7209=(
GEOMETRIC_REPRESENTATION_CONTEXT(3)
GLOBAL_UNCERTAINTY_ASSIGNED_CONTEXT((#7194))
GLOBAL_UNIT_ASSIGNED_CONTEXT((#7210,#7212,#7213))
REPRESENTATION_CONTEXT('','3D')
);
#7210=(
LENGTH_UNIT()
NAMED_UNIT(*)
SI_UNIT(.MILLI.,.METRE.)
);
#7211=(
LENGTH_UNIT()
NAMED_UNIT(*)
SI_UNIT(.CENTI.,.METRE.)
);
#7212=(
NAMED_UNIT(*)
PLANE_ANGLE_UNIT()
SI_UNIT($,.RADIAN.)
);
#7213=(
NAMED_UNIT(*)
SI_UNIT($,.STERADIAN.)
SOLID_ANGLE_UNIT()
);
#7214=SHAPE_DEFINITION_REPRESENTATION(#7228,#7267);
#7215=SHAPE_DEFINITION_REPRESENTATION(#7229,#7268);
#7216=SHAPE_DEFINITION_REPRESENTATION(#7230,#7269);
#7217=SHAPE_DEFINITION_REPRESENTATION(#7231,#7270);
#7218=SHAPE_DEFINITION_REPRESENTATION(#7232,#7271);
#7219=SHAPE_DEFINITION_REPRESENTATION(#7233,#7272);
#7220=SHAPE_DEFINITION_REPRESENTATION(#7234,#7273);
#7221=SHAPE_DEFINITION_REPRESENTATION(#7235,#7274);
#7222=SHAPE_DEFINITION_REPRESENTATION(#7242,#7275);
#7223=SHAPE_DEFINITION_REPRESENTATION(#7243,#7276);
#7224=SHAPE_DEFINITION_REPRESENTATION(#7244,#7277);
#7225=SHAPE_DEFINITION_REPRESENTATION(#7245,#7278);
#7226=SHAPE_DEFINITION_REPRESENTATION(#7246,#7279);
#7227=SHAPE_DEFINITION_REPRESENTATION(#7247,#7280);
#7228=PRODUCT_DEFINITION_SHAPE('',$,#7282);
#7229=PRODUCT_DEFINITION_SHAPE('',$,#7283);
#7230=PRODUCT_DEFINITION_SHAPE('',$,#7284);
#7231=PRODUCT_DEFINITION_SHAPE('',$,#7285);
#7232=PRODUCT_DEFINITION_SHAPE('',$,#7286);
#7233=PRODUCT_DEFINITION_SHAPE('',$,#7287);
#7234=PRODUCT_DEFINITION_SHAPE('',$,#7288);
#7235=PRODUCT_DEFINITION_SHAPE('',$,#7289);
#7236=PRODUCT_DEFINITION_SHAPE($,$,#115);
#7237=PRODUCT_DEFINITION_SHAPE($,$,#116);
#7238=PRODUCT_DEFINITION_SHAPE($,$,#117);
#7239=PRODUCT_DEFINITION_SHAPE($,$,#118);
#7240=PRODUCT_DEFINITION_SHAPE($,$,#119);
#7241=PRODUCT_DEFINITION_SHAPE($,$,#120);
#7242=PRODUCT_DEFINITION_SHAPE('',$,#7290);
#7243=PRODUCT_DEFINITION_SHAPE('',$,#7291);
#7244=PRODUCT_DEFINITION_SHAPE('',$,#7292);
#7245=PRODUCT_DEFINITION_SHAPE('',$,#7293);
#7246=PRODUCT_DEFINITION_SHAPE('',$,#7294);
#7247=PRODUCT_DEFINITION_SHAPE('',$,#7295);
#7248=PRODUCT_DEFINITION_SHAPE($,$,#121);
#7249=PRODUCT_DEFINITION_SHAPE($,$,#122);
#7250=PRODUCT_DEFINITION_SHAPE($,$,#123);
#7251=PRODUCT_DEFINITION_SHAPE($,$,#124);
#7252=PRODUCT_DEFINITION_SHAPE($,$,#125);
#7253=PRODUCT_DEFINITION_SHAPE($,$,#126);
#7254=PRODUCT_DEFINITION_SHAPE($,$,#127);
#7255=PRODUCT_DEFINITION_SHAPE($,$,#128);
#7256=PRODUCT_DEFINITION_SHAPE($,$,#129);
#7257=PRODUCT_DEFINITION_SHAPE($,$,#130);
#7258=PRODUCT_DEFINITION_SHAPE($,$,#131);
#7259=PRODUCT_DEFINITION_SHAPE($,$,#132);
#7260=PRODUCT_DEFINITION_SHAPE($,$,#133);
#7261=PRODUCT_DEFINITION_SHAPE($,$,#134);
#7262=PRODUCT_DEFINITION_SHAPE($,$,#135);
#7263=PRODUCT_DEFINITION_SHAPE($,$,#136);
#7264=PRODUCT_DEFINITION_SHAPE($,$,#137);
#7265=PRODUCT_DEFINITION_SHAPE($,$,#138);
#7266=PRODUCT_DEFINITION_SHAPE($,$,#139);
#7267=SHAPE_REPRESENTATION('',(#4006,#4500,#4501,#4502,#4503,#4504,#4505,
#4506,#4507,#4508,#4509,#4510,#4511,#4512,#4513,#4514,#4515,#4516,#4517,
#4518),#7195);
#7268=SHAPE_REPRESENTATION('',(#4007),#7196);
#7269=SHAPE_REPRESENTATION('',(#4053),#7197);
#7270=SHAPE_REPRESENTATION('',(#4088),#7198);
#7271=SHAPE_REPRESENTATION('',(#4113,#4196,#4197,#4198,#4199,#4200,#4201),
#7199);
#7272=SHAPE_REPRESENTATION('',(#4114),#7200);
#7273=SHAPE_REPRESENTATION('',(#4157),#7201);
#7274=SHAPE_REPRESENTATION('',(#4158),#7202);
#7275=SHAPE_REPRESENTATION('',(#4202),#7203);
#7276=SHAPE_REPRESENTATION('',(#4246),#7204);
#7277=SHAPE_REPRESENTATION('',(#4279),#7205);
#7278=SHAPE_REPRESENTATION('',(#4386),#7206);
#7279=SHAPE_REPRESENTATION('',(#4411),#7207);
#7280=SHAPE_REPRESENTATION('',(#4451),#7208);
#7281=PRODUCT_DEFINITION_CONTEXT('part definition',#7325,'design');
#7282=PRODUCT_DEFINITION('ASY \X2\041C043504480430043B043A0430\X0\',
'ASY \X2\041C043504480430043B043A0430\X0\',#7296,#7281);
#7283=PRODUCT_DEFINITION('\X2\0428043A04380432\X0\ 118 \X2\043C043C\X0\',
'\X2\0428043A04380432\X0\ 119 \X2\043C043C\X0\',#7297,#7281);
#7284=PRODUCT_DEFINITION('\X2\041204420443043B043A0430\X0\ \X2\0434043B044F\X0\ 
\X2\0448043A043804320430\X0\','\X2\041204420443043B043A0430\X0\ \X2\0434043B044F\X0\ 
\X2\0448043A043804320430\X0\',#7298,#7281);
#7285=PRODUCT_DEFINITION(
'\X2\041A043E043B044C0446043E\X0\ \X2\04410442043E043F043E0440043D043E0435\X0\ 
\X2\043D0430044004430436043D043E0435\X0\','ANSI B 27.7M - 3AMI-17',#7299,
#7281);
#7286=PRODUCT_DEFINITION('base plate 1','\X2\041A043E0440043F04430441\X0\',
#7300,#7281);
#7287=PRODUCT_DEFINITION('base plate 1_1','\X2\041A04400435043F043B0435043D04380435\X0\',
#7301,#7281);
#7288=PRODUCT_DEFINITION('\X2\041F043004400430043C043504420440044B\X0\',
'\X2\041F043004400430043C043504420440044B\X0\',#7302,#7281);
#7289=PRODUCT_DEFINITION('CSN EN 24015 - M10x50',
'CSN EN 24015 - M10x50',#7303,#7281);
#7290=PRODUCT_DEFINITION('pillar plate 2',
'\X2\041A04400435043F043B0435043D04380435\X0\ \X2\043A043E0440043F044304410430\X0\',
#7304,#7281);
#7291=PRODUCT_DEFINITION('\X2\042104350434043B043E\X0\ \X2\0434043B044F\X0\ 
\X2\043F043E043404480438043F043D0438043A0430\X0\',
'\X2\042104350434043B043E\X0\ \X2\0434043B044F\X0\ \X2\043F043E043404480438043F043D0438043A0430\X0\',
#7305,#7281);
#7292=PRODUCT_DEFINITION('\X2\041F043E043404480438043F043D0438043A\X0\',
'SKF B7203 BE',#7306,#7281);
#7293=PRODUCT_DEFINITION(
'\X2\041A043E043B044C0446043E\X0\ \X2\04410442043E043F043E0440043D043E0435\X0\ 
\X2\0432043D0443044204400435043D043D04350435\X0\',
'ANSI B 27.7M - 3BMI-40',#7307,#7281);
#7294=PRODUCT_DEFINITION('\X2\04210430043B044C043D0438043A\X0\',
'CSN 02 9401 - G 17x40x7 - NBR',#7308,#7281);
#7295=PRODUCT_DEFINITION('shaft 2','shaft 2',#7309,#7281);
#7296=PRODUCT_DEFINITION_FORMATION('',$,#7327);
#7297=PRODUCT_DEFINITION_FORMATION('',$,#7328);
#7298=PRODUCT_DEFINITION_FORMATION('',$,#7329);
#7299=PRODUCT_DEFINITION_FORMATION('',$,#7330);
#7300=PRODUCT_DEFINITION_FORMATION('',$,#7331);
#7301=PRODUCT_DEFINITION_FORMATION('',$,#7332);
#7302=PRODUCT_DEFINITION_FORMATION('',$,#7333);
#7303=PRODUCT_DEFINITION_FORMATION('',$,#7334);
#7304=PRODUCT_DEFINITION_FORMATION('',$,#7335);
#7305=PRODUCT_DEFINITION_FORMATION('',$,#7336);
#7306=PRODUCT_DEFINITION_FORMATION('',$,#7337);
#7307=PRODUCT_DEFINITION_FORMATION('',$,#7338);
#7308=PRODUCT_DEFINITION_FORMATION('',$,#7339);
#7309=PRODUCT_DEFINITION_FORMATION('',$,#7340);
#7310=PRODUCT_RELATED_PRODUCT_CATEGORY('ASY \X2\041C043504480430043B043A0430\X0\',
'ASY \X2\041C043504480430043B043A0430\X0\',(#7327));
#7311=PRODUCT_RELATED_PRODUCT_CATEGORY('\X2\0428043A04380432\X0\ 119 \X2\043C043C\X0\',
'\X2\0428043A04380432\X0\ 119 \X2\043C043C\X0\',(#7328));
#7312=PRODUCT_RELATED_PRODUCT_CATEGORY('\X2\041204420443043B043A0430\X0\ 
\X2\0434043B044F\X0\ \X2\0448043A043804320430\X0\',
'\X2\041204420443043B043A0430\X0\ \X2\0434043B044F\X0\ \X2\0448043A043804320430\X0\',
(#7329));
#7313=PRODUCT_RELATED_PRODUCT_CATEGORY('ANSI B 27.7M - 3AMI-17',
'ANSI B 27.7M - 3AMI-17',(#7330));
#7314=PRODUCT_RELATED_PRODUCT_CATEGORY('\X2\041A043E0440043F04430441\X0\',
'\X2\041A043E0440043F04430441\X0\',(#7331));
#7315=PRODUCT_RELATED_PRODUCT_CATEGORY('\X2\041A04400435043F043B0435043D04380435\X0\',
'\X2\041A04400435043F043B0435043D04380435\X0\',(#7332));
#7316=PRODUCT_RELATED_PRODUCT_CATEGORY('\X2\041F043004400430043C043504420440044B\X0\',
'\X2\041F043004400430043C043504420440044B\X0\',(#7333));
#7317=PRODUCT_RELATED_PRODUCT_CATEGORY('CSN EN 24015 - M10x50',
'CSN EN 24015 - M10x50',(#7334));
#7318=PRODUCT_RELATED_PRODUCT_CATEGORY(
'\X2\041A04400435043F043B0435043D04380435\X0\ \X2\043A043E0440043F044304410430\X0\',
'\X2\041A04400435043F043B0435043D04380435\X0\ \X2\043A043E0440043F044304410430\X0\',
(#7335));
#7319=PRODUCT_RELATED_PRODUCT_CATEGORY(
'\X2\042104350434043B043E\X0\ \X2\0434043B044F\X0\ \X2\043F043E043404480438043F043D0438043A0430\X0\',
'\X2\042104350434043B043E\X0\ \X2\0434043B044F\X0\ \X2\043F043E043404480438043F043D0438043A0430\X0\',
(#7336));
#7320=PRODUCT_RELATED_PRODUCT_CATEGORY('SKF B7203 BE','SKF B7203 BE',(#7337));
#7321=PRODUCT_RELATED_PRODUCT_CATEGORY('ANSI B 27.7M - 3BMI-40',
'ANSI B 27.7M - 3BMI-40',(#7338));
#7322=PRODUCT_RELATED_PRODUCT_CATEGORY('CSN 02 9401 - G 17x40x7 - NBR',
'CSN 02 9401 - G 17x40x7 - NBR',(#7339));
#7323=PRODUCT_RELATED_PRODUCT_CATEGORY('shaft 2','shaft 2',(#7340));
#7324=APPLICATION_PROTOCOL_DEFINITION('international standard',
'automotive_design',2009,#7325);
#7325=APPLICATION_CONTEXT(
'Core Data for Automotive Mechanical Design Process');
#7326=PRODUCT_CONTEXT('part definition',#7325,'mechanical');
#7327=PRODUCT('ASY \X2\041C043504480430043B043A0430\X0\',
'ASY \X2\041C043504480430043B043A0430\X0\',$,(#7326));
#7328=PRODUCT('\X2\0428043A04380432\X0\ 118 \X2\043C043C\X0\',
'\X2\0428043A04380432\X0\ 119 \X2\043C043C\X0\',$,(#7326));
#7329=PRODUCT('\X2\041204420443043B043A0430\X0\ \X2\0434043B044F\X0\ \X2\0448043A043804320430\X0\',
'\X2\041204420443043B043A0430\X0\ \X2\0434043B044F\X0\ \X2\0448043A043804320430\X0\',
$,(#7326));
#7330=PRODUCT('\X2\041A043E043B044C0446043E\X0\ \X2\04410442043E043F043E0440043D043E0435\X0\ 
\X2\043D0430044004430436043D043E0435\X0\','ANSI B 27.7M - 3AMI-17',
'American National Standard Metric Tapered Retaining Rings - Basic Ext
ernal Series - 3AMI',(#7326));
#7331=PRODUCT('base plate 1','\X2\041A043E0440043F04430441\X0\',$,(#7326));
#7332=PRODUCT('base plate 1_1','\X2\041A04400435043F043B0435043D04380435\X0\',
$,(#7326));
#7333=PRODUCT('\X2\041F043004400430043C043504420440044B\X0\',
'\X2\041F043004400430043C043504420440044B\X0\',$,(#7326));
#7334=PRODUCT('CSN EN 24015 - M10x50','CSN EN 24015 - M10x50',
'Hexagon head bolts. Product grade B. Reduced shank',(#7326));
#7335=PRODUCT('pillar plate 2','\X2\041A04400435043F043B0435043D04380435\X0\ 
\X2\043A043E0440043F044304410430\X0\',$,(#7326));
#7336=PRODUCT('\X2\042104350434043B043E\X0\ \X2\0434043B044F\X0\ \X2\043F043E043404480438043F043D0438043A0430\X0\',
'\X2\042104350434043B043E\X0\ \X2\0434043B044F\X0\ \X2\043F043E043404480438043F043D0438043A0430\X0\',
$,(#7326));
#7337=PRODUCT('\X2\041F043E043404480438043F043D0438043A\X0\',
'SKF B7203 BE','Single row angular contact ball bearings SKF',(#7326));
#7338=PRODUCT('\X2\041A043E043B044C0446043E\X0\ \X2\04410442043E043F043E0440043D043E0435\X0\ 
\X2\0432043D0443044204400435043D043D04350435\X0\',
'ANSI B 27.7M - 3BMI-40',
'American National Standard Metric Tapered Retaining Rings - Basic Int
ernal Series - 3BMI',(#7326));
#7339=PRODUCT('\X2\04210430043B044C043D0438043A\X0\',
'CSN 02 9401 - G 17x40x7 - NBR',
'Metal insert rubber rotary shaft seals - Dimensions',(#7326));
#7340=PRODUCT('shaft 2','shaft 2',$,(#7326));
#7341=PRESENTATION_STYLE_ASSIGNMENT((#7354));
#7342=PRESENTATION_STYLE_ASSIGNMENT((#7355));
#7343=PRESENTATION_STYLE_ASSIGNMENT((#7356));
#7344=PRESENTATION_STYLE_ASSIGNMENT((#7357));
#7345=PRESENTATION_STYLE_ASSIGNMENT((#7358));
#7346=PRESENTATION_STYLE_ASSIGNMENT((#7359));
#7347=PRESENTATION_STYLE_ASSIGNMENT((#7360));
#7348=PRESENTATION_STYLE_ASSIGNMENT((#7361));
#7349=PRESENTATION_STYLE_ASSIGNMENT((#7362));
#7350=PRESENTATION_STYLE_ASSIGNMENT((#7363));
#7351=PRESENTATION_STYLE_ASSIGNMENT((#7364));
#7352=PRESENTATION_STYLE_ASSIGNMENT((#7365));
#7353=PRESENTATION_STYLE_ASSIGNMENT((NULL_STYLE(.NULL.)));
#7354=SURFACE_STYLE_USAGE(.BOTH.,#7390);
#7355=SURFACE_STYLE_USAGE(.BOTH.,#7391);
#7356=SURFACE_STYLE_USAGE(.BOTH.,#7392);
#7357=SURFACE_STYLE_USAGE(.BOTH.,#7393);
#7358=SURFACE_STYLE_USAGE(.BOTH.,#7394);
#7359=SURFACE_STYLE_USAGE(.BOTH.,#7395);
#7360=SURFACE_STYLE_USAGE(.BOTH.,#7396);
#7361=SURFACE_STYLE_USAGE(.BOTH.,#7397);
#7362=SURFACE_STYLE_USAGE(.BOTH.,#7398);
#7363=SURFACE_STYLE_USAGE(.BOTH.,#7399);
#7364=SURFACE_STYLE_USAGE(.BOTH.,#7400);
#7365=SURFACE_STYLE_USAGE(.BOTH.,#7401);
#7366=SURFACE_STYLE_RENDERING_WITH_PROPERTIES($,#7438,(#7378));
#7367=SURFACE_STYLE_RENDERING_WITH_PROPERTIES($,#7439,(#7379));
#7368=SURFACE_STYLE_RENDERING_WITH_PROPERTIES($,#7440,(#7380));
#7369=SURFACE_STYLE_RENDERING_WITH_PROPERTIES($,#7441,(#7381));
#7370=SURFACE_STYLE_RENDERING_WITH_PROPERTIES($,#7442,(#7382));
#7371=SURFACE_STYLE_RENDERING_WITH_PROPERTIES($,#7443,(#7383));
#7372=SURFACE_STYLE_RENDERING_WITH_PROPERTIES($,#7444,(#7384));
#7373=SURFACE_STYLE_RENDERING_WITH_PROPERTIES($,#7445,(#7385));
#7374=SURFACE_STYLE_RENDERING_WITH_PROPERTIES($,#7446,(#7386));
#7375=SURFACE_STYLE_RENDERING_WITH_PROPERTIES($,#7447,(#7387));
#7376=SURFACE_STYLE_RENDERING_WITH_PROPERTIES($,#7448,(#7388));
#7377=SURFACE_STYLE_RENDERING_WITH_PROPERTIES($,#7449,(#7389));
#7378=SURFACE_STYLE_TRANSPARENT(0.);
#7379=SURFACE_STYLE_TRANSPARENT(0.);
#7380=SURFACE_STYLE_TRANSPARENT(0.);
#7381=SURFACE_STYLE_TRANSPARENT(0.);
#7382=SURFACE_STYLE_TRANSPARENT(0.);
#7383=SURFACE_STYLE_TRANSPARENT(0.);
#7384=SURFACE_STYLE_TRANSPARENT(0.);
#7385=SURFACE_STYLE_TRANSPARENT(0.);
#7386=SURFACE_STYLE_TRANSPARENT(0.);
#7387=SURFACE_STYLE_TRANSPARENT(0.);
#7388=SURFACE_STYLE_TRANSPARENT(0.);
#7389=SURFACE_STYLE_TRANSPARENT(0.);
#7390=SURFACE_SIDE_STYLE('',(#7402,#7366));
#7391=SURFACE_SIDE_STYLE('',(#7403,#7367));
#7392=SURFACE_SIDE_STYLE('',(#7404,#7368));
#7393=SURFACE_SIDE_STYLE('',(#7405,#7369));
#7394=SURFACE_SIDE_STYLE('',(#7406,#7370));
#7395=SURFACE_SIDE_STYLE('',(#7407,#7371));
#7396=SURFACE_SIDE_STYLE('',(#7408,#7372));
#7397=SURFACE_SIDE_STYLE('',(#7409,#7373));
#7398=SURFACE_SIDE_STYLE('',(#7410,#7374));
#7399=SURFACE_SIDE_STYLE('',(#7411,#7375));
#7400=SURFACE_SIDE_STYLE('',(#7412,#7376));
#7401=SURFACE_SIDE_STYLE('',(#7413,#7377));
#7402=SURFACE_STYLE_FILL_AREA(#7414);
#7403=SURFACE_STYLE_FILL_AREA(#7415);
#7404=SURFACE_STYLE_FILL_AREA(#7416);
#7405=SURFACE_STYLE_FILL_AREA(#7417);
#7406=SURFACE_STYLE_FILL_AREA(#7418);
#7407=SURFACE_STYLE_FILL_AREA(#7419);
#7408=SURFACE_STYLE_FILL_AREA(#7420);
#7409=SURFACE_STYLE_FILL_AREA(#7421);
#7410=SURFACE_STYLE_FILL_AREA(#7422);
#7411=SURFACE_STYLE_FILL_AREA(#7423);
#7412=SURFACE_STYLE_FILL_AREA(#7424);
#7413=SURFACE_STYLE_FILL_AREA(#7425);
#7414=FILL_AREA_STYLE('',(#7426));
#7415=FILL_AREA_STYLE('',(#7427));
#7416=FILL_AREA_STYLE('',(#7428));
#7417=FILL_AREA_STYLE('',(#7429));
#7418=FILL_AREA_STYLE('',(#7430));
#7419=FILL_AREA_STYLE('',(#7431));
#7420=FILL_AREA_STYLE('',(#7432));
#7421=FILL_AREA_STYLE('',(#7433));
#7422=FILL_AREA_STYLE('',(#7434));
#7423=FILL_AREA_STYLE('',(#7435));
#7424=FILL_AREA_STYLE('',(#7436));
#7425=FILL_AREA_STYLE('',(#7437));
#7426=FILL_AREA_STYLE_COLOUR('',#7438);
#7427=FILL_AREA_STYLE_COLOUR('',#7439);
#7428=FILL_AREA_STYLE_COLOUR('',#7440);
#7429=FILL_AREA_STYLE_COLOUR('',#7441);
#7430=FILL_AREA_STYLE_COLOUR('',#7442);
#7431=FILL_AREA_STYLE_COLOUR('',#7443);
#7432=FILL_AREA_STYLE_COLOUR('',#7444);
#7433=FILL_AREA_STYLE_COLOUR('',#7445);
#7434=FILL_AREA_STYLE_COLOUR('',#7446);
#7435=FILL_AREA_STYLE_COLOUR('',#7447);
#7436=FILL_AREA_STYLE_COLOUR('',#7448);
#7437=FILL_AREA_STYLE_COLOUR('',#7449);
#7438=COLOUR_RGB('',0.23921568627451,0.623529411764706,0.917647058823529);
#7439=COLOUR_RGB('',0.435294117647059,0.435294117647059,0.819607843137255);
#7440=COLOUR_RGB('',0.686274509803922,0.247058823529412,0.384313725490196);
#7441=COLOUR_RGB('',0.682352941176471,0.313725490196078,0.627450980392157);
#7442=COLOUR_RGB('',0.745098039215686,0.705882352941177,0.411764705882353);
#7443=COLOUR_RGB('',0.592156862745098,0.729411764705882,0.549019607843137);
#7444=COLOUR_RGB('',0.831372549019608,0.364705882352941,0.364705882352941);
#7445=COLOUR_RGB('',0.847058823529412,0.898039215686275,0.619607843137255);
#7446=COLOUR_RGB('',0.749019607843137,0.749019607843137,0.749019607843137);
#7447=COLOUR_RGB('',0.745098039215686,0.737254901960784,0.729411764705882);
#7448=COLOUR_RGB('',0.745098039215686,0.737254901960784,0.729411764705882);
#7449=COLOUR_RGB('',0.250980392156863,0.250980392156863,0.250980392156863);
ENDSEC;
END-ISO-10303-21;
